date,open,high,low,close,volume,ticker
2013-02-08,67.7142,68.4014,66.8928,67.8542,158168416,AAPL
2013-02-11,68.0714,69.2771,67.6071,68.5614,129029425,AAPL
2013-02-12,68.5014,68.9114,66.8205,66.8428,151829363,AAPL
2013-02-13,66.7442,67.6628,66.1742,66.7156,118721995,AAPL
2013-02-14,66.3599,67.3771,66.2885,66.6556,88809154,AAPL
2013-02-15,66.9785,67.1656,65.7028,65.7371,97924631,AAPL
2013-02-19,65.8714,66.1042,64.8356,65.7128,108854046,AAPL
2013-02-20,65.3842,65.3842,64.1142,64.1214,118891367,AAPL
2013-02-21,63.7142,64.1671,63.2599,63.7228,111596821,AAPL
2013-02-22,64.1785,64.5142,63.7999,64.4014,82583823,AAPL
2013-02-25,64.8356,65.0171,63.2242,63.2571,92899597,AAPL
2013-02-26,63.4028,64.5056,62.5228,64.1385,125096657,AAPL
2013-02-27,64.0614,64.6342,62.9499,63.5099,146674682,AAPL
2013-02-28,63.4357,63.9814,63.0571,63.0571,80532382,AAPL
2013-03-01,62.5714,62.5971,61.4257,61.4957,137899041,AAPL
2013-03-04,61.1142,61.1714,59.8571,60.0071,145406366,AAPL
2013-03-05,60.2114,62.1699,60.1071,61.5919,159298020,AAPL
2013-03-06,62.0728,62.1785,60.6328,60.8088,114903180,AAPL
2013-03-07,60.6428,61.7157,60.1514,61.5117,116992841,AAPL
2013-03-08,61.3999,62.2042,61.2299,61.6742,97854442,AAPL
2013-03-11,61.3928,62.7157,60.7342,62.5528,118272126,AAPL
2013-03-12,62.2285,62.6971,61.0814,61.2042,116268341,AAPL
2013-03-13,61.2071,62.0714,60.7657,61.1928,101369051,AAPL
2013-03-14,61.8328,62.0914,61.4928,61.7857,75834906,AAPL
2013-03-15,62.5614,63.4614,62.4642,63.3799,160710606,AAPL
2013-03-18,63.0642,65.3514,63.0285,65.1028,150441144,AAPL
2013-03-19,65.6428,65.8528,64.0714,64.9271,131531708,AAPL
2013-03-20,65.3456,65.3756,64.2271,64.5828,77016849,AAPL
2013-03-21,64.3171,65.4256,64.2999,64.6756,95493524,AAPL
2013-03-22,64.9399,66.0142,64.7299,65.9871,98570591,AAPL
2013-03-25,66.3842,67.1356,65.9685,66.2256,125073165,AAPL
2013-03-26,66.4914,66.5485,65.7899,65.8765,73428208,AAPL
2013-03-27,65.2085,65.2571,64.3899,64.5828,81854409,AAPL
2013-03-28,64.2599,64.5455,63.0885,63.2371,110698007,AAPL
2013-04-01,63.1285,63.3854,61.1057,61.2728,97294421,AAPL
2013-04-02,61.0857,62.5914,60.9142,61.3988,132350022,AAPL
2013-04-03,61.6242,62.4685,61.4728,61.7128,90719482,AAPL
2013-04-04,61.9657,62.1428,60.7499,61.1028,89589332,AAPL
2013-04-05,60.6428,60.7071,59.9542,60.4571,95743088,AAPL
2013-04-08,60.6928,61.0714,60.3557,60.8871,75169647,AAPL
2013-04-09,60.9085,61.2142,60.3928,60.9971,76615504,AAPL
2013-04-10,61.1571,62.4371,60.8585,62.2414,93895844,AAPL
2013-04-11,61.9599,62.5699,61.5999,62.0471,82073628,AAPL
2013-04-12,62.0214,62.0214,61.2985,61.3999,59651011,AAPL
2013-04-15,60.9999,61.1271,59.9357,59.9785,79157071,AAPL
2013-04-16,60.2242,60.9442,60.0814,60.8914,76222076,AAPL
2013-04-17,60.0385,60.0857,56.8728,57.5428,236138966,AAPL
2013-04-18,57.8557,57.9699,55.6774,56.0071,166438048,AAPL
2013-04-19,55.4242,57.0857,55.0142,55.7899,152194413,AAPL
2013-04-22,56.0914,57.4571,55.8964,56.9528,107338322,AAPL
2013-04-23,57.7128,58.3401,56.9728,58.0185,160760747,AAPL
2013-04-24,56.2199,59.3214,56.0714,57.9231,242387530,AAPL
2013-04-25,58.7464,59.1342,58.1428,58.3399,95984896,AAPL
2013-04-26,58.5442,59.8241,58.3214,59.6007,191006032,AAPL
2013-04-29,60.0642,61.9452,59.9999,61.4457,159958876,AAPL
2013-04-30,62.1571,63.6071,61.7242,63.2542,172737600,AAPL
2013-05-01,63.4942,63.5614,62.0557,62.7557,126720237,AAPL
2013-05-02,63.1114,64.0842,62.9471,63.6457,105449078,AAPL
2013-05-03,64.4728,64.7471,64.1642,64.2828,90319201,AAPL
2013-05-06,65.1014,66.0285,64.9014,65.8156,124017747,AAPL
2013-05-07,66.4242,66.5356,64.8142,65.5225,120499960,AAPL
2013-05-08,65.5771,66.4814,65.1156,66.2628,118010781,AAPL
2013-05-09,65.6871,66.1428,65.0828,65.2528,99555337,AAPL
2013-05-10,65.4242,65.6728,64.3542,64.7099,83631828,AAPL
2013-05-13,64.5014,65.4142,64.4999,64.9628,79220953,AAPL
2013-05-14,64.8356,65.0285,63.1642,63.4085,111647130,AAPL
2013-05-15,62.7371,62.9999,60.3371,61.2642,185278968,AAPL
2013-05-16,60.4628,62.5499,59.8428,62.0825,150794546,AAPL
2013-05-17,62.7214,62.8699,61.5728,61.8942,106973181,AAPL
2013-05-20,61.7014,63.6857,61.4428,63.2757,112681030,AAPL
2013-05-21,62.5928,63.6399,62.0285,62.8085,113921367,AAPL
2013-05-22,63.4357,64.0499,62.6028,63.0505,110727309,AAPL
2013-05-23,62.2785,63.7371,62.2557,63.1628,88244695,AAPL
2013-05-24,62.9785,63.6657,62.9085,63.5928,69036716,AAPL
2013-05-28,64.2714,64.4442,62.9785,63.0627,96404189,AAPL
2013-05-29,62.8571,63.9285,62.7714,63.5642,82641944,AAPL
2013-05-30,63.6642,64.9285,63.5014,64.5114,88379522,AAPL
2013-05-31,64.6428,65.2999,64.2142,64.2478,95832240,AAPL
2013-06-03,64.3899,64.6228,63.2114,64.3885,92926932,AAPL
2013-06-04,64.7456,64.9185,63.9128,64.1871,72860221,AAPL
2013-06-05,63.6642,64.3885,63.3871,63.5871,72545760,AAPL
2013-06-06,63.6385,63.8571,62.0071,62.6371,104230322,AAPL
2013-06-07,62.3571,63.3199,61.8242,63.1158,101120551,AAPL
2013-06-10,63.5328,64.1541,62.3999,62.6985,112522179,AAPL
2013-06-11,62.2485,63.2514,61.9028,62.5142,71526560,AAPL
2013-06-12,62.7857,63.0357,61.6428,61.7414,66295887,AAPL
2013-06-13,61.7857,62.4485,61.2499,62.2807,71456693,AAPL
2013-06-14,62.1999,62.3271,61.2142,61.4357,67962419,AAPL
2013-06-17,61.6342,62.2428,61.4802,61.7142,64818670,AAPL
2013-06-18,61.6514,62.1285,61.4585,61.6814,48753768,AAPL
2013-06-19,61.6285,61.6657,60.4285,60.4285,77715057,AAPL
2013-06-20,59.8999,60.8542,59.3099,59.5482,89327210,AAPL
2013-06-21,59.7842,59.9999,58.3,59.0714,120286768,AAPL
2013-06-24,58.1999,58.3799,56.8642,57.5057,120104964,AAPL
2013-06-25,57.9571,58.2557,56.9757,57.5185,78534687,AAPL
2013-06-26,57.6999,57.8271,56.5228,56.8671,91924994,AAPL
2013-06-27,57.0357,57.3414,56.2199,56.2542,84297955,AAPL
2013-06-28,55.9085,57.1814,55.5528,56.6471,144619734,AAPL
2013-07-01,57.5271,58.8957,57.3171,58.4599,97743408,AAPL
2013-07-02,58.5657,60.2328,58.4957,59.7842,117442150,AAPL
2013-07-03,60.1228,60.4257,59.6357,60.1142,60232158,AAPL
2013-07-05,60.0557,60.4699,59.3357,59.6314,68505794,AAPL
2013-07-08,60.0157,60.1428,58.6642,59.2928,74521398,AAPL
2013-07-09,59.0857,60.4999,58.6257,60.3357,88142026,AAPL
2013-07-10,59.9428,60.6857,59.7499,60.1042,70107226,AAPL
2013-07-11,60.4214,61.1785,60.1671,61.0411,81571665,AAPL
2013-07-12,61.0928,61.3985,60.4871,60.9299,69882694,AAPL
2013-07-15,60.7157,61.6371,60.6857,61.0628,60478033,AAPL
2013-07-16,60.9314,61.5299,60.5957,61.4564,54033805,AAPL
2013-07-17,61.3857,61.7457,61.1742,61.4728,49743169,AAPL
2013-07-18,61.9114,62.1242,61.5157,61.6797,54696012,AAPL
2013-07-19,61.8714,61.9971,60.6214,60.7071,67174828,AAPL
2013-07-22,61.3514,61.3928,60.7811,60.9014,51946202,AAPL
2013-07-23,60.8571,60.9942,59.8157,59.8557,91062300,AAPL
2013-07-24,62.7042,63.5128,62.1799,62.9299,147978789,AAPL
2013-07-25,62.9571,63.0571,62.2585,62.6428,57371671,AAPL
2013-07-26,62.1857,63.0057,62.0485,62.9985,50031170,AAPL
2013-07-29,62.9714,64.2842,62.8857,63.9699,62021344,AAPL
2013-07-30,64.2799,65.3071,64.1757,64.7599,77257432,AAPL
2013-07-31,64.9985,65.3346,64.2042,64.6471,80637830,AAPL
2013-08-01,65.1075,65.2571,64.7514,65.2394,51461179,AAPL
2013-08-02,65.4299,66.1214,65.2371,66.0771,68467077,AAPL
2013-08-05,66.3842,67.2385,66.0214,67.0642,79589930,AAPL
2013-08-06,66.8599,67.4128,66.0242,66.4642,83715443,AAPL
2013-08-07,66.2571,66.7142,65.9671,66.4256,74663176,AAPL
2013-08-08,66.2649,66.2999,65.4214,65.8585,63946841,AAPL
2013-08-09,65.5199,65.7799,64.8071,64.9214,66772986,AAPL
2013-08-12,65.2656,66.9499,65.2328,66.7656,91008477,AAPL
2013-08-13,67.2771,70.6656,66.8642,69.9385,219634975,AAPL
2013-08-14,71.1256,72.0356,70.4856,71.2142,188602792,AAPL
2013-08-15,70.9171,71.7712,69.869,71.1299,122441893,AAPL
2013-08-16,71.4499,71.8485,71.2656,71.7614,90461889,AAPL
2013-08-19,72.0485,73.3914,71.9999,72.5342,127478547,AAPL
2013-08-20,72.8156,72.9385,71.5456,71.5814,89531771,AAPL
2013-08-21,71.9414,72.4499,71.5999,71.7656,83809726,AAPL
2013-08-22,72.1399,72.2271,71.1714,71.8514,60877852,AAPL
2013-08-23,71.8956,71.9071,71.3356,71.5742,55587686,AAPL
2013-08-26,71.5356,72.8856,71.4999,71.8528,82398085,AAPL
2013-08-27,71.1428,71.7871,69.4714,69.7985,105930335,AAPL
2013-08-28,69.4285,70.8285,69.4285,70.1279,76793066,AAPL
2013-08-29,70.2356,70.9285,70.1614,70.2428,59807748,AAPL
2013-08-30,70.2856,70.4214,69.4999,69.6022,68078395,AAPL
2013-09-03,70.4428,71.5142,69.6214,69.7971,83000148,AAPL
2013-09-04,71.3656,71.7485,70.8971,71.2415,86049453,AAPL
2013-09-05,71.4642,71.5256,70.5199,70.7528,58913211,AAPL
2013-09-06,71.2056,71.3399,69.9928,71.1742,89551595,AAPL
2013-09-09,72.1428,72.5599,71.9256,72.3099,84887432,AAPL
2013-09-10,72.3142,72.4928,69.9285,70.6628,185494435,AAPL
2013-09-11,66.7157,67.6699,66.4014,66.8156,224250866,AAPL
2013-09-12,66.9285,67.9142,66.5728,67.5271,100874816,AAPL
2013-09-13,67.0485,67.4041,66.3856,66.4142,74578903,AAPL
2013-09-16,65.8571,65.9442,63.8885,64.3028,136823442,AAPL
2013-09-17,63.9942,65.6728,63.9285,65.0456,99756489,AAPL
2013-09-18,66.1685,66.6214,65.8085,66.3828,113743049,AAPL
2013-09-19,67.2428,67.9756,67.0356,67.4714,100918377,AAPL
2013-09-20,68.2856,68.3642,66.5714,66.7728,174570949,AAPL
2013-09-23,70.8714,70.9871,68.9428,70.0914,190021706,AAPL
2013-09-24,70.6971,70.7814,69.6885,69.8714,90602953,AAPL
2013-09-25,69.8856,69.9485,68.7757,68.7899,79110192,AAPL
2013-09-26,69.4285,69.7942,69.1285,69.4599,59086559,AAPL
2013-09-27,69.1114,69.2385,68.6742,68.9642,56816676,AAPL
2013-09-30,68.1785,68.8085,67.7729,68.1071,64852879,AAPL
2013-10-01,68.3499,69.8771,68.3401,69.7085,88255013,AAPL
2013-10-02,69.3756,70.2571,69.1071,69.9371,71849680,AAPL
2013-10-03,70.0728,70.3356,68.6769,69.0585,80629248,AAPL
2013-10-04,69.1228,69.2285,68.3714,69.0042,64673329,AAPL
2013-10-07,69.5085,70.3785,69.3356,69.6785,77919884,AAPL
2013-10-08,69.9914,70.0914,68.6485,68.7056,72418815,AAPL
2013-10-09,69.2342,69.6842,68.3256,69.5125,75311488,AAPL
2013-10-10,70.1885,70.3399,69.5771,69.9482,69650490,AAPL
2013-10-11,69.5699,70.5485,69.3085,70.4016,66934938,AAPL
2013-10-14,69.9756,71.0828,69.9071,70.8628,65474542,AAPL
2013-10-15,71.0721,71.7142,70.7885,71.2399,80018603,AAPL
2013-10-16,71.5414,71.7899,71.3185,71.5876,62775013,AAPL
2013-10-17,71.4256,72.1114,71.3828,72.0714,63398335,AAPL
2013-10-18,72.2842,72.7514,72.2442,72.6985,72635570,AAPL
2013-10-21,73.1099,74.8999,73.0742,74.4802,99526945,AAPL
2013-10-22,75.2006,75.4927,72.5756,74.2667,133515753,AAPL
2013-10-23,74.1428,75.0956,74.1428,74.9942,78431122,AAPL
2013-10-24,74.9999,76.0671,74.6356,75.9871,96191095,AAPL
2013-10-25,75.9021,76.1756,75.0156,75.1368,84448133,AAPL
2013-10-28,75.5771,75.8571,74.7442,75.6965,137610123,AAPL
2013-10-29,76.6099,77.0356,73.5056,73.8111,158952115,AAPL
2013-10-30,74.2299,75.3599,73.8599,74.9851,88540697,AAPL
2013-10-31,74.9999,75.3556,74.4671,74.6716,68923785,AAPL
2013-11-01,74.8599,74.9714,73.6914,74.2899,68722304,AAPL
2013-11-04,74.4428,75.2599,74.1156,75.2499,61157033,AAPL
2013-11-05,74.9399,75.5549,74.7142,75.0641,66368071,AAPL
2013-11-06,74.8785,74.9799,74.0285,74.4171,55844152,AAPL
2013-11-07,74.2256,74.7414,73.1971,73.2131,65655100,AAPL
2013-11-08,73.5114,74.4471,73.2271,74.3656,69829543,AAPL
2013-11-11,74.2842,74.5242,73.4871,74.1496,56863303,AAPL
2013-11-12,73.9528,74.8456,73.8571,74.2871,51114651,AAPL
2013-11-13,73.9999,74.6071,73.8514,74.3762,49304927,AAPL
2013-11-14,74.6871,75.6114,74.5528,75.4514,70605087,AAPL
2013-11-15,75.2256,75.5842,74.9271,74.9986,79479764,AAPL
2013-11-18,74.9985,75.3128,74.0285,74.0898,61236224,AAPL
2013-11-19,74.1471,74.7685,73.9956,74.2214,52234707,AAPL
2013-11-20,74.1756,74.3456,73.4756,73.5714,48545798,AAPL
2013-11-21,73.9428,74.4585,73.3814,74.4479,65506861,AAPL
2013-11-22,74.2171,74.5942,74.0756,74.2571,55931232,AAPL
2013-11-25,74.4314,75.1242,74.4285,74.8199,57348403,AAPL
2013-11-26,74.8742,76.5914,74.8571,76.1999,100345728,AAPL
2013-11-27,76.6156,77.9999,76.1999,77.9942,90861841,AAPL
2013-11-29,78.4971,79.7613,78.2585,79.4385,79532215,AAPL
2013-12-02,79.7142,80.6185,78.6885,78.7471,118135885,AAPL
2013-12-03,79.7571,80.9113,79.6685,80.9031,112741734,AAPL
2013-12-04,80.7856,81.3128,80.1171,80.7142,94452666,AAPL
2013-12-05,81.8071,82.1622,80.9156,81.1286,111895315,AAPL
2013-12-06,80.8271,80.9642,79.9385,80.0028,86088352,AAPL
2013-12-09,80.1285,81.3685,80.1285,80.9185,80123533,AAPL
2013-12-10,80.5113,81.1256,80.1713,80.7928,69567610,AAPL
2013-12-11,80.9999,81.5671,79.9556,80.1942,89929693,AAPL
2013-12-12,80.3058,80.7628,80.0042,80.0771,65572318,AAPL
2013-12-13,80.4071,80.4113,79.0956,79.2042,83205283,AAPL
2013-12-16,79.2885,80.3769,79.2871,79.6428,70648452,AAPL
2013-12-17,79.4013,79.9199,79.0535,79.2842,57475649,AAPL
2013-12-18,78.5285,78.7785,76.9714,78.6813,141465807,AAPL
2013-12-19,78.4999,78.5713,77.6757,77.7799,80239369,AAPL
2013-12-20,77.9185,78.8013,77.831,78.4314,109103435,AAPL
2013-12-23,81.1428,81.5313,80.3942,81.4413,125326831,AAPL
2013-12-24,81.4128,81.6971,80.8613,81.0956,41888735,AAPL
2013-12-26,81.1571,81.3571,80.4822,80.5571,51002035,AAPL
2013-12-27,80.5456,80.6299,79.9285,80.0128,56471317,AAPL
2013-12-30,79.6371,80.0128,78.9029,79.2171,63407722,AAPL
2013-12-31,79.1671,80.1828,79.1428,80.1456,55819372,AAPL
2014-01-02,79.3828,79.5756,78.8601,79.0185,58791957,AAPL
2014-01-03,78.9799,79.0999,77.2042,77.2828,98303870,AAPL
2014-01-06,76.7785,78.1142,76.2285,77.7042,103359151,AAPL
2014-01-07,77.7599,77.9942,76.8464,77.1481,79432766,AAPL
2014-01-08,76.9728,77.9371,76.9556,77.6371,64686685,AAPL
2014-01-09,78.1142,78.1228,76.4785,76.6455,69905199,AAPL
2014-01-10,77.1185,77.2571,75.8728,76.1342,76320664,AAPL
2014-01-13,75.7014,77.4999,75.6971,76.5328,94860843,AAPL
2014-01-14,76.8885,78.1042,76.8085,78.0556,83734371,AAPL
2014-01-15,79.0742,80.0285,78.8085,79.6228,98472619,AAPL
2014-01-16,79.2713,79.5499,78.8113,79.1785,57471330,AAPL
2014-01-17,78.7828,78.8671,77.1285,77.2385,108426689,AAPL
2014-01-21,77.2842,78.5813,77.2028,78.4385,82255544,AAPL
2014-01-22,78.702,79.6128,78.2585,78.7871,95219334,AAPL
2014-01-23,78.5628,79.4999,77.8294,79.4542,100978346,AAPL
2014-01-24,79.1428,79.3742,77.8214,78.0099,108384437,AAPL
2014-01-27,78.5813,79.2571,77.9642,78.6428,144219152,AAPL
2014-01-28,72.6799,73.5714,71.7242,72.3571,266833581,AAPL
2014-01-29,71.9928,72.4814,71.2314,71.5356,125942796,AAPL
2014-01-30,71.7914,72.3571,70.9571,71.3974,169762789,AAPL
2014-01-31,70.7399,71.6471,70.5071,71.5142,116336444,AAPL
2014-02-03,71.8014,72.5328,71.3285,71.6471,100620772,AAPL
2014-02-04,72.2642,72.7799,71.8228,72.6842,94273543,AAPL
2014-02-05,72.3656,73.6114,72.3216,73.2271,82322156,AAPL
2014-02-06,72.8656,73.3571,72.5442,73.2156,64497223,AAPL
2014-02-07,74.4828,74.7042,73.9114,74.2399,93638601,AAPL
2014-02-10,74.0942,75.9985,73.9999,75.5699,86451022,AAPL
2014-02-11,75.8014,76.8214,75.6428,76.5656,70672252,AAPL
2014-02-12,76.7071,77.0799,76.1771,76.5599,77127064,AAPL
2014-02-13,76.3799,77.8356,76.3142,77.7756,76960156,AAPL
2014-02-14,77.4956,77.9971,77.3156,77.7128,68468036,AAPL
2014-02-18,77.9999,78.7413,77.9442,77.9985,65306248,AAPL
2014-02-19,77.8214,78.1271,76.3356,76.7671,78554420,AAPL
2014-02-20,76.1414,76.7142,75.5714,75.8785,76529103,AAPL
2014-02-21,76.1132,76.3671,74.9428,75.0356,69757247,AAPL
2014-02-24,74.7356,75.7028,74.6314,75.3642,72364950,AAPL
2014-02-25,75.6256,75.6521,74.4285,74.5799,58247350,AAPL
2014-02-26,74.8014,74.9999,73.6571,73.9071,69131286,AAPL
2014-02-27,73.8771,75.5399,73.7214,75.3814,75557321,AAPL
2014-02-28,75.5828,76.1071,74.5885,75.1771,93074653,AAPL
2014-03-03,74.7742,75.8071,74.6871,75.3942,59667923,AAPL
2014-03-04,75.8571,76.0914,75.3956,75.8914,64884834,AAPL
2014-03-05,75.8456,76.3928,75.5899,76.0514,50065519,AAPL
2014-03-06,76.1128,76.3485,75.4428,75.8214,46423111,AAPL
2014-03-07,75.8699,75.9971,75.1499,75.7771,55415241,AAPL
2014-03-10,75.4799,76.1899,75.4769,75.8456,44691430,AAPL
2014-03-11,76.4928,76.9628,76.0842,76.5842,70198849,AAPL
2014-03-12,76.3585,76.7642,75.9999,76.6585,50195460,AAPL
2014-03-13,76.7771,77.0942,75.5942,75.8071,64435609,AAPL
2014-03-14,75.5414,75.8414,74.7142,74.9556,59299492,AAPL
2014-03-17,75.3856,75.7099,75.1214,75.2485,49886074,AAPL
2014-03-18,75.1285,75.9956,75.0285,75.9142,52411863,AAPL
2014-03-19,76.0371,76.6056,75.5714,75.8942,56188958,AAPL
2014-03-20,75.6985,76.0956,75.3356,75.5285,52099537,AAPL
2014-03-21,75.9899,76.2499,75.1899,76.1242,93612169,AAPL
2014-03-24,76.9171,77.2142,76.4371,77.0271,88924871,AAPL
2014-03-25,77.3571,77.9642,77.0842,77.8556,70573356,AAPL
2014-03-26,78.0742,78.4285,76.9799,77.1114,74942224,AAPL
2014-03-27,77.1449,77.3571,76.4457,76.7799,55507676,AAPL
2014-03-28,76.9028,76.9913,76.3214,76.6942,50141063,AAPL
2014-03-31,77.0328,77.2585,76.5614,76.6771,42167188,AAPL
2014-04-01,76.8228,77.4099,76.6814,77.3785,50189685,AAPL
2014-04-02,77.4828,77.6399,77.1799,77.5071,44792195,AAPL
2014-04-03,77.3414,77.4999,76.8056,76.9699,40648111,AAPL
2014-04-04,77.1156,77.1428,75.7971,75.9742,68812485,AAPL
2014-04-07,75.4314,75.8428,74.5556,74.7814,72462530,AAPL
2014-04-08,75.0271,75.1599,74.0999,74.7771,60971883,AAPL
2014-04-09,74.6628,75.7842,74.5742,75.7599,51542722,AAPL
2014-04-10,75.8114,76.0342,74.7385,74.7828,59912818,AAPL
2014-04-11,74.1428,74.6899,73.8771,74.2299,67975012,AAPL
2014-04-14,74.5571,74.5942,73.8871,74.5256,51445177,AAPL
2014-04-15,74.3242,74.5199,73.0471,73.9942,66622577,AAPL
2014-04-16,74.0071,74.4414,73.4478,74.1442,53732994,AAPL
2014-04-17,74.2856,75.3942,74.1714,74.9914,71106721,AAPL
2014-04-21,75.0485,76.0199,74.8514,75.8814,45668931,AAPL
2014-04-22,75.4728,75.9751,75.2144,75.9569,50664453,AAPL
2014-04-23,75.5799,75.8756,74.9214,74.9642,98735259,AAPL
2014-04-24,81.1728,81.4285,80.1042,81.1099,189978082,AAPL
2014-04-25,80.6471,81.7128,80.5656,81.7056,97568814,AAPL
2014-04-28,81.8285,85.1071,81.7928,84.8699,167371680,AAPL
2014-04-29,84.8199,85.1399,84.2156,84.6185,84344673,AAPL
2014-04-30,84.6628,85.6328,84.2571,84.2985,114220883,AAPL
2014-05-01,84.5713,84.9713,83.7656,84.4971,61052418,AAPL
2014-05-02,84.6199,84.8856,84.2442,84.6542,47878572,AAPL
2014-05-05,84.3056,85.8571,84.2856,85.8513,71766758,AAPL
2014-05-06,85.9713,86.3442,84.9156,84.9156,93641373,AAPL
2014-05-07,85.0356,85.3271,83.9613,84.6185,70715988,AAPL
2014-05-08,84.0356,84.9156,83.7713,83.9985,57574363,AAPL
2014-05-09,83.5056,83.7499,82.9042,83.6488,72899498,AAPL
2014-05-12,83.9271,84.8085,83.9142,84.6899,53324677,AAPL
2014-05-13,84.5713,84.9342,84.3856,84.8228,39934594,AAPL
2014-05-14,84.6328,85.3428,84.5342,84.8385,41600846,AAPL
2014-05-15,84.9571,85.2285,84.0056,84.1171,57711731,AAPL
2014-05-16,84.0899,85.3613,83.6285,85.3585,69091834,AAPL
2014-05-19,85.4071,86.7613,85.3328,86.3699,79439024,AAPL
2014-05-20,86.3585,86.6285,85.8185,86.3871,58708986,AAPL
2014-05-21,86.2613,86.6713,86.0085,86.6156,49249914,AAPL
2014-05-22,86.6571,87.1213,86.2999,86.7528,50218945,AAPL
2014-05-23,86.7499,87.8184,86.6385,87.7328,58052491,AAPL
2014-05-27,87.9828,89.4085,87.9471,89.3756,87216605,AAPL
2014-05-28,89.4313,89.9756,89.1113,89.1442,78921885,AAPL
2014-05-29,89.6928,90.9813,89.6813,90.7685,94118633,AAPL
2014-05-30,91.1399,92.0242,89.8428,90.4285,141005137,AAPL
2014-06-02,90.5656,90.6899,88.9285,89.8071,92337903,AAPL
2014-06-03,89.7799,91.2485,89.7499,91.0771,73231620,AAPL
2014-06-04,91.0628,92.5556,90.8728,92.1171,83870521,AAPL
2014-06-05,92.3142,92.767,91.8013,92.4785,75951141,AAPL
2014-06-06,92.8428,93.037,92.0671,92.2242,87620911,AAPL
2014-06-09,92.7,93.88,91.75,93.7,75414804,AAPL
2014-06-10,94.73,95.05,93.57,94.25,62777042,AAPL
2014-06-11,94.13,94.76,93.47,93.86,45681114,AAPL
2014-06-12,94.04,94.12,91.9,92.29,54748791,AAPL
2014-06-13,92.2,92.44,90.88,91.28,54525280,AAPL
2014-06-16,91.51,92.75,91.45,92.2,35561270,AAPL
2014-06-17,92.31,92.7,91.8,92.08,29726347,AAPL
2014-06-18,92.27,92.29,91.35,92.18,33514108,AAPL
2014-06-19,92.29,92.3,91.3389,91.86,35527686,AAPL
2014-06-20,91.85,92.55,90.9,90.91,100898066,AAPL
2014-06-23,91.32,91.62,90.6,90.83,43694391,AAPL
2014-06-24,90.75,91.74,90.19,90.28,39036087,AAPL
2014-06-25,90.21,90.7,89.65,90.36,36868541,AAPL
2014-06-26,90.37,91.05,89.8,90.9,32629359,AAPL
2014-06-27,90.82,92.0,90.77,91.98,64028803,AAPL
2014-06-30,92.1,93.725,92.09,92.93,49589028,AAPL
2014-07-01,93.52,94.07,93.13,93.52,38223477,AAPL
2014-07-02,93.865,94.06,93.09,93.48,28465073,AAPL
2014-07-03,93.67,94.1,93.2,94.03,22891753,AAPL
2014-07-07,94.14,95.99,94.1,95.968,56467939,AAPL
2014-07-08,96.27,96.8,93.92,95.35,65221678,AAPL
2014-07-09,95.44,95.95,94.76,95.39,36436440,AAPL
2014-07-10,93.76,95.55,93.52,95.035,39685552,AAPL
2014-07-11,95.36,95.89,94.8625,95.22,34018228,AAPL
2014-07-14,95.86,96.89,95.65,96.45,42810155,AAPL
2014-07-15,96.8,96.85,95.03,95.32,45696176,AAPL
2014-07-16,96.97,97.1,94.74,94.78,53502415,AAPL
2014-07-17,95.03,95.279,92.57,93.0899,57298243,AAPL
2014-07-18,93.62,94.74,93.02,94.43,49987593,AAPL
2014-07-21,94.99,95.0,93.72,93.939,39079002,AAPL
2014-07-22,94.68,94.89,94.12,94.72,55196597,AAPL
2014-07-23,95.42,97.88,95.17,97.19,92917719,AAPL
2014-07-24,97.035,97.32,96.42,97.03,45728843,AAPL
2014-07-25,96.85,97.84,96.64,97.671,43469117,AAPL
2014-07-28,97.82,99.24,97.55,99.02,55317689,AAPL
2014-07-29,99.33,99.44,98.25,98.38,43143095,AAPL
2014-07-30,98.44,98.7,97.67,98.15,33010001,AAPL
2014-07-31,97.16,97.45,95.33,95.6,56842647,AAPL
2014-08-01,94.9,96.62,94.81,96.13,48511286,AAPL
2014-08-04,96.37,96.58,95.17,95.59,39958144,AAPL
2014-08-05,95.36,95.68,94.36,95.12,55932663,AAPL
2014-08-06,94.75,95.48,94.71,94.96,38558342,AAPL
2014-08-07,94.93,95.95,94.1,94.48,46711179,AAPL
2014-08-08,94.26,94.82,93.28,94.74,41865193,AAPL
2014-08-11,95.27,96.08,94.8355,95.99,36584844,AAPL
2014-08-12,96.04,96.88,95.61,95.97,33795352,AAPL
2014-08-13,96.15,97.24,96.04,97.24,31866088,AAPL
2014-08-14,97.33,97.57,96.8,97.5,28115566,AAPL
2014-08-15,97.9,98.19,96.86,97.98,48951331,AAPL
2014-08-18,98.49,99.37,97.98,99.16,47572413,AAPL
2014-08-19,99.41,100.68,99.32,100.53,69399270,AAPL
2014-08-20,100.44,101.09,99.95,100.57,52699192,AAPL
2014-08-21,100.57,100.94,100.11,100.58,33478198,AAPL
2014-08-22,100.29,101.47,100.19,101.32,44183834,AAPL
2014-08-25,101.79,102.17,101.28,101.54,40270173,AAPL
2014-08-26,101.42,101.5,100.86,100.889,33151984,AAPL
2014-08-27,101.02,102.57,100.7,102.13,52369011,AAPL
2014-08-28,101.59,102.78,101.56,102.25,68459801,AAPL
2014-08-29,102.86,102.9,102.2,102.5,44595247,AAPL
2014-09-02,103.06,103.74,102.72,103.3,53564262,AAPL
2014-09-03,103.1,103.2,98.58,98.94,125420521,AAPL
2014-09-04,98.85,100.09,97.79,98.12,85718221,AAPL
2014-09-05,98.8,99.39,98.31,98.97,58457035,AAPL
2014-09-08,99.3,99.31,98.05,98.36,46356742,AAPL
2014-09-09,99.08,103.08,96.14,97.99,189846255,AAPL
2014-09-10,98.01,101.11,97.76,101.0,100869587,AAPL
2014-09-11,100.41,101.44,99.62,101.43,62399743,AAPL
2014-09-12,101.21,102.19,101.08,101.66,64096903,AAPL
2014-09-15,102.81,103.05,101.44,101.63,61316516,AAPL
2014-09-16,99.8,101.26,98.89,100.86,66908133,AAPL
2014-09-17,101.27,101.8,100.5922,101.58,60926498,AAPL
2014-09-18,101.93,102.35,101.56,101.79,37299435,AAPL
2014-09-19,102.29,102.35,100.88,100.96,70902406,AAPL
2014-09-22,101.8,102.14,100.58,101.06,52788426,AAPL
2014-09-23,100.6,102.94,100.54,102.64,63402196,AAPL
2014-09-24,102.16,102.85,101.2,101.75,60171828,AAPL
2014-09-25,100.51,100.71,97.72,97.87,100091990,AAPL
2014-09-26,98.53,100.75,98.4,100.75,62370501,AAPL
2014-09-29,98.65,100.435,98.63,100.11,49766312,AAPL
2014-09-30,100.81,101.54,100.53,100.75,55264139,AAPL
2014-10-01,100.59,100.69,98.7,99.18,51491286,AAPL
2014-10-02,99.27,100.22,98.04,99.9,47757828,AAPL
2014-10-03,99.44,100.21,99.04,99.62,43469585,AAPL
2014-10-06,99.95,100.65,99.42,99.62,37051182,AAPL
2014-10-07,99.43,100.12,98.73,98.75,42094183,AAPL
2014-10-08,98.76,101.11,98.31,100.8,57404674,AAPL
2014-10-09,101.54,102.38,100.61,101.02,77376525,AAPL
2014-10-10,100.69,102.03,100.3,100.73,66331592,AAPL
2014-10-13,101.33,101.78,99.81,99.81,53583368,AAPL
2014-10-14,100.39,100.52,98.57,98.75,63688562,AAPL
2014-10-15,97.97,99.15,95.18,97.54,100933600,AAPL
2014-10-16,95.55,97.72,95.41,96.26,72154523,AAPL
2014-10-17,97.5,99.0,96.81,97.67,68179688,AAPL
2014-10-20,98.315,99.96,98.22,99.76,77517279,AAPL
2014-10-21,103.02,103.02,101.27,102.47,94623904,AAPL
2014-10-22,102.84,104.11,102.6,102.99,68263146,AAPL
2014-10-23,104.08,105.051,103.63,104.83,71074674,AAPL
2014-10-24,105.18,105.49,104.53,105.22,47053916,AAPL
2014-10-27,104.85,105.48,104.7,105.11,34187701,AAPL
2014-10-28,105.4,106.74,105.35,106.74,48060949,AAPL
2014-10-29,106.65,107.37,106.36,107.34,52687879,AAPL
2014-10-30,106.959,107.35,105.9,106.98,40654793,AAPL
2014-10-31,108.01,108.04,107.21,108.0,44639285,AAPL
2014-11-03,108.22,110.3,108.01,109.4,52282550,AAPL
2014-11-04,109.36,109.49,107.72,108.6,41574365,AAPL
2014-11-05,109.1,109.3,108.125,108.86,37435905,AAPL
2014-11-06,108.6,108.79,107.8,108.7,34968457,AAPL
2014-11-07,108.75,109.32,108.55,109.01,33691535,AAPL
2014-11-10,109.02,109.33,108.67,108.83,27195547,AAPL
2014-11-11,108.7,109.75,108.4,109.7,27442252,AAPL
2014-11-12,109.38,111.43,109.37,111.25,46942431,AAPL
2014-11-13,111.8,113.45,111.6,112.82,59522855,AAPL
2014-11-14,113.15,114.19,113.05,114.18,44063595,AAPL
2014-11-17,114.27,117.28,113.3,113.99,46746712,AAPL
2014-11-18,113.94,115.69,113.89,115.47,44223978,AAPL
2014-11-19,115.44,115.74,113.8,114.67,41869160,AAPL
2014-11-20,114.91,116.86,114.85,116.31,43395537,AAPL
2014-11-21,117.51,117.57,116.03,116.47,57179298,AAPL
2014-11-24,116.85,118.77,116.62,118.625,47450824,AAPL
2014-11-25,119.07,119.75,117.45,117.6,68840440,AAPL
2014-11-26,117.94,119.1,117.83,119.0,40831886,AAPL
2014-11-28,119.27,119.4,118.05,118.93,24814402,AAPL
2014-12-01,118.81,119.25,111.27,115.07,83814037,AAPL
2014-12-02,113.5,115.75,112.75,114.63,59348940,AAPL
2014-12-03,115.75,116.35,115.11,115.93,43063440,AAPL
2014-12-04,115.77,117.2,115.29,115.49,42155776,AAPL
2014-12-05,115.99,116.08,114.64,115.0,38318895,AAPL
2014-12-08,114.1,114.648,111.62,112.4,57664850,AAPL
2014-12-09,110.19,114.3,109.35,114.12,60208036,AAPL
2014-12-10,114.41,114.85,111.54,111.95,44565318,AAPL
2014-12-11,112.26,113.8,111.34,111.62,41471578,AAPL
2014-12-12,110.46,111.87,109.58,109.73,56028138,AAPL
2014-12-15,110.7,111.6,106.35,108.225,67218082,AAPL
2014-12-16,106.37,110.16,106.26,106.745,60790733,AAPL
2014-12-17,107.12,109.84,106.82,109.41,53411773,AAPL
2014-12-18,111.87,112.65,110.66,112.65,59006218,AAPL
2014-12-19,112.26,113.24,111.66,111.78,88429770,AAPL
2014-12-22,112.16,113.49,111.97,112.94,45167549,AAPL
2014-12-23,113.23,113.33,112.46,112.54,26028419,AAPL
2014-12-24,112.58,112.71,112.01,112.01,14479611,AAPL
2014-12-26,112.1,114.52,112.01,113.99,33720951,AAPL
2014-12-29,113.79,114.77,113.7,113.91,27598920,AAPL
2014-12-30,113.64,113.92,112.11,112.52,29881477,AAPL
2014-12-31,112.82,113.13,110.21,110.38,41403351,AAPL
2015-01-02,111.39,111.44,107.35,109.33,53204626,AAPL
2015-01-05,108.29,108.65,105.41,106.25,64285491,AAPL
2015-01-06,106.54,107.43,104.63,106.26,65797116,AAPL
2015-01-07,107.2,108.2,106.695,107.75,40105934,AAPL
2015-01-08,109.23,112.15,108.7,111.89,59364547,AAPL
2015-01-09,112.67,113.25,110.21,112.01,53699527,AAPL
2015-01-12,112.6,112.63,108.8,109.25,49650790,AAPL
2015-01-13,111.43,112.8,108.91,110.22,67091928,AAPL
2015-01-14,109.04,110.49,108.5,109.8,48956588,AAPL
2015-01-15,110.0,110.06,106.66,106.82,60013996,AAPL
2015-01-16,107.03,107.58,105.2,105.99,78513345,AAPL
2015-01-20,107.84,108.9667,106.5,108.72,49899907,AAPL
2015-01-21,108.95,111.06,108.27,109.55,48575897,AAPL
2015-01-22,110.26,112.47,109.72,112.4,53796409,AAPL
2015-01-23,112.3,113.75,111.53,112.98,46464828,AAPL
2015-01-26,113.74,114.3626,112.8,113.1,55614979,AAPL
2015-01-27,112.42,112.48,109.03,109.14,95568749,AAPL
2015-01-28,117.625,118.12,115.31,115.31,146477063,AAPL
2015-01-29,116.32,119.19,115.56,118.9,84436432,AAPL
2015-01-30,118.4,120.0,116.85,117.16,83745461,AAPL
2015-02-02,118.05,119.17,116.08,118.63,62739100,AAPL
2015-02-03,118.5,119.09,117.61,118.65,51915749,AAPL
2015-02-04,118.5,120.51,118.309,119.56,70149743,AAPL
2015-02-05,120.02,120.23,119.25,119.94,42246245,AAPL
2015-02-06,120.02,120.25,118.45,118.93,43706567,AAPL
2015-02-09,118.55,119.84,118.43,119.72,38889797,AAPL
2015-02-10,120.17,122.15,120.16,122.02,62008506,AAPL
2015-02-11,122.77,124.92,122.5,124.88,73561797,AAPL
2015-02-12,126.06,127.48,125.57,126.46,74474466,AAPL
2015-02-13,127.28,127.28,125.65,127.08,54272219,AAPL
2015-02-17,127.49,128.88,126.92,127.83,63152405,AAPL
2015-02-18,127.625,128.78,127.45,128.715,44891737,AAPL
2015-02-19,128.48,129.03,128.33,128.45,37362381,AAPL
2015-02-20,128.62,129.5,128.05,129.495,48948419,AAPL
2015-02-23,130.02,133.0,129.66,133.0,70974110,AAPL
2015-02-24,132.94,133.6,131.17,132.17,69228130,AAPL
2015-02-25,131.56,131.6,128.15,128.79,74711746,AAPL
2015-02-26,128.785,130.87,126.61,130.415,91287529,AAPL
2015-02-27,130.0,130.57,128.24,128.46,62014847,AAPL
2015-03-02,129.25,130.28,128.3,129.09,48096663,AAPL
2015-03-03,128.96,129.52,128.09,129.36,37816283,AAPL
2015-03-04,129.1,129.56,128.32,128.54,31666340,AAPL
2015-03-05,128.58,128.75,125.76,126.41,56517146,AAPL
2015-03-06,128.4,129.37,126.26,126.6,72842060,AAPL
2015-03-09,127.96,129.57,125.06,127.14,88528487,AAPL
2015-03-10,126.41,127.22,123.8,124.51,68856582,AAPL
2015-03-11,124.75,124.77,122.11,122.24,68938974,AAPL
2015-03-12,122.31,124.9,121.63,124.45,48362719,AAPL
2015-03-13,124.4,125.3951,122.58,123.59,51827283,AAPL
2015-03-16,123.88,124.95,122.87,124.95,35874300,AAPL
2015-03-17,125.9,127.32,125.65,127.04,51023104,AAPL
2015-03-18,127.0,129.16,126.37,128.47,65270945,AAPL
2015-03-19,128.75,129.2451,127.4,127.495,45809490,AAPL
2015-03-20,128.25,128.4,125.16,125.9,68695136,AAPL
2015-03-23,127.12,127.85,126.52,127.21,37709674,AAPL
2015-03-24,127.23,128.04,126.56,126.69,32842304,AAPL
2015-03-25,126.54,126.82,123.38,123.38,51655177,AAPL
2015-03-26,122.76,124.88,122.6,124.24,47572869,AAPL
2015-03-27,124.57,124.7,122.91,123.25,39546151,AAPL
2015-03-30,124.05,126.4,124.0,126.37,47099670,AAPL
2015-03-31,126.09,126.49,124.355,124.43,42090553,AAPL
2015-04-01,124.82,125.12,123.1,124.25,40621437,AAPL
2015-04-02,125.03,125.56,124.19,125.32,32220131,AAPL
2015-04-06,124.47,127.51,124.33,127.35,37193975,AAPL
2015-04-07,127.64,128.1218,125.98,126.01,35012268,AAPL
2015-04-08,125.85,126.4,124.97,125.6,37329243,AAPL
2015-04-09,125.85,126.58,124.66,126.56,32483974,AAPL
2015-04-10,125.95,127.21,125.26,127.1,40187953,AAPL
2015-04-13,128.37,128.57,126.61,126.85,36365123,AAPL
2015-04-14,127.0,127.29,125.91,126.3,25524593,AAPL
2015-04-15,126.41,127.13,126.01,126.78,28970419,AAPL
2015-04-16,126.28,127.1,126.11,126.17,28368987,AAPL
2015-04-17,125.55,126.14,124.46,124.75,51957046,AAPL
2015-04-20,125.57,128.12,125.17,127.6,47054310,AAPL
2015-04-21,128.1,128.2,126.67,126.91,32435057,AAPL
2015-04-22,126.99,128.87,126.32,128.62,37654505,AAPL
2015-04-23,128.3,130.42,128.14,129.67,45770902,AAPL
2015-04-24,130.49,130.63,129.23,130.28,44525905,AAPL
2015-04-27,132.31,133.13,131.15,132.65,96954207,AAPL
2015-04-28,134.455,134.54,129.57,130.56,118923970,AAPL
2015-04-29,130.16,131.59,128.3,128.64,63386083,AAPL
2015-04-30,127.5,127.88,124.58,125.15,83195423,AAPL
2015-05-01,126.1,130.13,125.3,128.95,58512638,AAPL
2015-05-04,129.5,130.57,128.26,128.7,50988278,AAPL
2015-05-05,128.15,128.4498,125.78,125.8,49271416,AAPL
2015-05-06,126.56,126.75,123.36,125.01,72141010,AAPL
2015-05-07,124.77,126.08,124.02,125.26,43940895,AAPL
2015-05-08,126.68,127.62,126.11,127.62,55550382,AAPL
2015-05-11,127.39,127.56,125.625,126.32,42035757,AAPL
2015-05-12,125.6,126.88,124.82,125.865,48160032,AAPL
2015-05-13,126.15,127.19,125.87,126.01,34694235,AAPL
2015-05-14,127.41,128.95,127.16,128.95,45203456,AAPL
2015-05-15,129.07,129.49,128.21,128.77,38208034,AAPL
2015-05-18,128.38,130.72,128.36,130.19,50882918,AAPL
2015-05-19,130.69,130.88,129.64,130.07,44633240,AAPL
2015-05-20,130.0,130.98,129.34,130.06,36454932,AAPL
2015-05-21,130.07,131.63,129.83,131.39,39730364,AAPL
2015-05-22,131.6,132.97,131.4,132.54,45595972,AAPL
2015-05-26,132.6,132.91,129.12,129.62,70697560,AAPL
2015-05-27,130.34,132.26,130.05,132.045,45833246,AAPL
2015-05-28,131.86,131.95,131.1,131.78,30733309,AAPL
2015-05-29,131.23,131.45,129.9,130.28,50884452,AAPL
2015-06-01,131.2,131.39,130.05,130.535,32112797,AAPL
2015-06-02,129.86,130.655,129.32,129.96,33667627,AAPL
2015-06-03,130.66,130.94,129.9,130.12,30983542,AAPL
2015-06-04,129.58,130.58,128.91,129.36,38450118,AAPL
2015-06-05,129.5,129.69,128.36,128.65,35626800,AAPL
2015-06-08,128.9,129.21,126.83,127.8,52674786,AAPL
2015-06-09,126.7,128.08,125.62,127.42,56075420,AAPL
2015-06-10,127.92,129.34,127.85,128.88,39087250,AAPL
2015-06-11,129.18,130.18,128.475,128.59,35390887,AAPL
2015-06-12,128.185,128.33,127.11,127.17,36886246,AAPL
2015-06-15,126.1,127.24,125.71,126.92,43988946,AAPL
2015-06-16,127.03,127.85,126.37,127.6,31494131,AAPL
2015-06-17,127.72,127.88,126.74,127.3,32918071,AAPL
2015-06-18,127.23,128.31,127.22,127.88,35407220,AAPL
2015-06-19,127.71,127.82,126.4,126.6,54716887,AAPL
2015-06-22,127.49,128.06,127.08,127.61,34039345,AAPL
2015-06-23,127.48,127.61,126.8792,127.03,30268863,AAPL
2015-06-24,127.21,129.8,127.12,128.11,55280855,AAPL
2015-06-25,128.86,129.2,127.5,127.5,31938100,AAPL
2015-06-26,127.67,127.99,126.51,126.75,44066841,AAPL
2015-06-29,125.46,126.47,124.48,124.53,49161427,AAPL
2015-06-30,125.57,126.12,124.86,125.425,44370682,AAPL
2015-07-01,126.9,126.94,125.99,126.6,30238811,AAPL
2015-07-02,126.43,126.69,125.77,126.44,27210952,AAPL
2015-07-06,124.94,126.23,124.85,126.0,28060431,AAPL
2015-07-07,125.89,126.15,123.77,125.69,46946811,AAPL
2015-07-08,124.48,124.64,122.54,122.57,60761614,AAPL
2015-07-09,123.85,124.06,119.22,120.07,78595038,AAPL
2015-07-10,121.94,123.85,121.21,123.28,61354474,AAPL
2015-07-13,125.03,125.755,124.32,125.66,41440538,AAPL
2015-07-14,126.04,126.37,125.04,125.61,31768139,AAPL
2015-07-15,125.72,127.15,125.58,126.82,33649200,AAPL
2015-07-16,127.74,128.57,127.35,128.51,36222447,AAPL
2015-07-17,129.08,129.62,128.31,129.62,46164710,AAPL
2015-07-20,130.97,132.97,130.7,132.07,58900203,AAPL
2015-07-21,132.85,132.92,130.32,130.75,76756427,AAPL
2015-07-22,121.99,125.5,121.99,125.22,115450607,AAPL
2015-07-23,126.2,127.09,125.06,125.16,50999452,AAPL
2015-07-24,125.32,125.74,123.9,124.5,42162332,AAPL
2015-07-27,123.09,123.61,122.12,122.77,44455540,AAPL
2015-07-28,123.38,123.91,122.55,123.38,33618097,AAPL
2015-07-29,123.15,123.5,122.27,122.99,37011653,AAPL
2015-07-30,122.32,122.5699,121.71,122.37,33628268,AAPL
2015-07-31,122.6,122.6425,120.91,121.3,42884953,AAPL
2015-08-03,121.5,122.57,117.52,118.44,69975968,AAPL
2015-08-04,117.42,117.7,113.25,114.64,124138623,AAPL
2015-08-05,112.95,117.44,112.1,115.4,99312613,AAPL
2015-08-06,115.97,116.5,114.115,115.13,52903040,AAPL
2015-08-07,114.58,116.25,114.5,115.52,38670405,AAPL
2015-08-10,116.53,119.99,116.53,119.72,54951597,AAPL
2015-08-11,117.81,118.18,113.33,113.49,97082814,AAPL
2015-08-12,112.53,115.42,109.63,115.24,101685610,AAPL
2015-08-13,116.04,116.4,114.54,115.15,48535789,AAPL
2015-08-14,114.32,116.31,114.01,115.96,42929516,AAPL
2015-08-17,116.04,117.65,115.5,117.16,40884745,AAPL
2015-08-18,116.43,117.44,116.01,116.5,34560708,AAPL
2015-08-19,116.1,116.52,114.68,115.01,48286510,AAPL
2015-08-20,114.08,114.35,111.63,112.65,68501622,AAPL
2015-08-21,110.43,111.9,105.645,105.76,128275471,AAPL
2015-08-24,94.87,108.8,92.0,103.12,162206292,AAPL
2015-08-25,111.11,111.11,103.5,103.74,103601599,AAPL
2015-08-26,107.085,109.89,105.05,109.69,96774611,AAPL
2015-08-27,112.25,113.24,110.02,112.92,84616056,AAPL
2015-08-28,112.17,113.31,111.54,113.29,53164407,AAPL
2015-08-31,112.13,114.53,112.0,112.76,56229271,AAPL
2015-09-01,110.18,111.88,107.36,107.72,76845860,AAPL
2015-09-02,110.0,112.34,109.131,112.34,61888812,AAPL
2015-09-03,112.49,112.78,110.04,110.37,53233940,AAPL
2015-09-04,108.97,110.45,108.51,109.27,49996311,AAPL
2015-09-08,111.65,112.56,110.32,112.31,54843626,AAPL
2015-09-09,113.76,114.02,109.77,110.15,85010804,AAPL
2015-09-10,110.27,113.2825,109.9,112.57,62892831,AAPL
2015-09-11,111.79,114.21,111.76,114.21,49915473,AAPL
2015-09-14,116.58,116.89,114.86,115.31,58363431,AAPL
2015-09-15,115.93,116.53,114.42,116.28,43341155,AAPL
2015-09-16,116.25,116.54,115.44,116.41,37173489,AAPL
2015-09-17,115.66,116.49,113.715,113.92,64112641,AAPL
2015-09-18,112.21,114.3,111.87,113.45,74285291,AAPL
2015-09-21,113.67,115.37,113.66,115.21,50221965,AAPL
2015-09-22,113.38,114.18,112.5201,113.4,50346159,AAPL
2015-09-23,113.63,114.72,113.3,114.32,35756716,AAPL
2015-09-24,113.25,115.5,112.37,115.0,50219475,AAPL
2015-09-25,116.44,116.69,114.02,114.71,56151926,AAPL
2015-09-28,113.85,114.57,112.44,112.44,52109011,AAPL
2015-09-29,112.83,113.51,107.86,109.06,73365384,AAPL
2015-09-30,110.17,111.54,108.73,110.3,66473033,AAPL
2015-10-01,109.07,109.62,107.31,109.58,63929100,AAPL
2015-10-02,108.01,111.0136,107.55,110.38,58019758,AAPL
2015-10-05,109.88,111.3698,109.07,110.78,52064743,AAPL
2015-10-06,110.63,111.74,109.765,111.31,48856977,AAPL
2015-10-07,111.74,111.77,109.41,110.78,46765550,AAPL
2015-10-08,110.19,110.19,108.21,109.5,61979577,AAPL
2015-10-09,110.0,112.28,109.49,112.12,52766140,AAPL
2015-10-12,112.73,112.75,111.44,111.6,30467204,AAPL
2015-10-13,110.82,112.45,110.68,111.79,33049256,AAPL
2015-10-14,111.29,111.52,109.56,110.21,44462449,AAPL
2015-10-15,110.93,112.1,110.49,111.86,37673452,AAPL
2015-10-16,111.78,112.0,110.53,111.04,39232609,AAPL
2015-10-19,110.8,111.75,110.11,111.73,29759153,AAPL
2015-10-20,111.34,114.17,110.82,113.77,48967763,AAPL
2015-10-21,114.0,115.58,113.7,113.76,42326974,AAPL
2015-10-22,114.33,115.5,114.1,115.5,41654089,AAPL
2015-10-23,116.7,119.228,116.33,119.08,59366914,AAPL
2015-10-26,118.08,118.13,114.92,115.28,66333781,AAPL
2015-10-27,115.4,116.54,113.99,114.55,69884400,AAPL
2015-10-28,116.93,119.3,116.06,119.27,85551352,AAPL
2015-10-29,118.7,120.69,118.27,120.53,51227334,AAPL
2015-10-30,120.99,121.22,119.45,119.5,49365254,AAPL
2015-11-02,119.87,121.36,119.61,121.18,32203267,AAPL
2015-11-03,120.79,123.49,120.7,122.57,45518976,AAPL
2015-11-04,123.13,123.82,121.62,122.0,44886050,AAPL
2015-11-05,121.85,122.69,120.18,120.92,39552680,AAPL
2015-11-06,121.11,121.81,120.62,121.06,33042283,AAPL
2015-11-09,120.96,121.81,120.05,120.57,33871405,AAPL
2015-11-10,116.9,118.07,116.061,116.77,59127931,AAPL
2015-11-11,116.37,117.42,115.21,116.11,45217971,AAPL
2015-11-12,116.26,116.82,115.65,115.72,32525579,AAPL
2015-11-13,115.2,115.57,112.27,112.34,45812403,AAPL
2015-11-16,111.38,114.24,111.0,114.175,38106701,AAPL
2015-11-17,114.92,115.05,113.32,113.69,27616939,AAPL
2015-11-18,115.76,117.49,115.5,117.29,46674697,AAPL
2015-11-19,117.64,119.75,116.76,118.78,43295820,AAPL
2015-11-20,119.2,119.92,118.85,119.3,34287096,AAPL
2015-11-23,119.27,119.73,117.34,117.75,32482528,AAPL
2015-11-24,117.33,119.35,117.12,118.88,42803172,AAPL
2015-11-25,119.21,119.23,117.92,118.03,21388308,AAPL
2015-11-27,118.29,118.41,117.6,117.81,13046445,AAPL
2015-11-30,117.99,119.41,117.75,118.3,39180322,AAPL
2015-12-01,118.75,118.81,116.86,117.34,34852374,AAPL
2015-12-02,117.05,118.11,116.08,116.28,33386563,AAPL
2015-12-03,116.55,116.79,114.22,115.2,41569509,AAPL
2015-12-04,115.29,119.25,115.11,119.03,57776977,AAPL
2015-12-07,118.98,119.86,117.81,118.28,32084249,AAPL
2015-12-08,117.52,118.6,116.86,118.23,34309450,AAPL
2015-12-09,117.64,117.69,115.08,115.62,46361357,AAPL
2015-12-10,116.04,116.94,115.51,116.17,29212727,AAPL
2015-12-11,115.19,115.39,112.851,113.18,46886161,AAPL
2015-12-14,112.18,112.68,109.79,112.48,65003609,AAPL
2015-12-15,111.94,112.8,110.35,110.49,53323105,AAPL
2015-12-16,111.07,111.99,108.8,111.34,56238467,AAPL
2015-12-17,112.02,112.25,108.98,108.98,44772827,AAPL
2015-12-18,108.91,109.52,105.81,106.03,96453327,AAPL
2015-12-21,107.28,107.37,105.57,107.33,47590610,AAPL
2015-12-22,107.4,107.72,106.451,107.23,32789367,AAPL
2015-12-23,107.27,108.85,107.2,108.61,32657354,AAPL
2015-12-24,109.0,109.0,107.95,108.03,13596680,AAPL
2015-12-28,107.59,107.69,106.1807,106.82,26704210,AAPL
2015-12-29,106.96,109.43,106.86,108.74,30931243,AAPL
2015-12-30,108.58,108.7,107.18,107.32,25213777,AAPL
2015-12-31,107.01,107.03,104.82,105.26,40912316,AAPL
2016-01-04,102.61,105.368,102.0,105.35,67649387,AAPL
2016-01-05,105.75,105.85,102.41,102.71,55790992,AAPL
2016-01-06,100.56,102.37,99.87,100.7,68457388,AAPL
2016-01-07,98.68,100.13,96.43,96.45,81094428,AAPL
2016-01-08,98.55,99.11,96.76,96.96,70798016,AAPL
2016-01-11,98.97,99.06,97.34,98.53,49739377,AAPL
2016-01-12,100.55,100.69,98.8399,99.96,49154227,AAPL
2016-01-13,100.32,101.19,97.3,97.39,62439631,AAPL
2016-01-14,97.96,100.48,95.74,99.52,63170127,AAPL
2016-01-15,96.2,97.71,95.36,97.13,79833891,AAPL
2016-01-19,98.41,98.65,95.5,96.66,53087747,AAPL
2016-01-20,95.1,98.1897,93.42,96.79,72334416,AAPL
2016-01-21,97.06,97.88,94.94,96.3,52161463,AAPL
2016-01-22,98.63,101.46,98.37,101.42,65800467,AAPL
2016-01-25,101.52,101.53,99.21,99.44,51794525,AAPL
2016-01-26,99.93,100.88,98.07,99.99,75077002,AAPL
2016-01-27,96.04,96.6289,93.34,93.42,133369674,AAPL
2016-01-28,93.79,94.52,92.39,94.09,55678825,AAPL
2016-01-29,94.79,97.34,94.35,97.34,64416504,AAPL
2016-02-01,96.47,96.71,95.4,96.43,40943541,AAPL
2016-02-02,95.42,96.04,94.28,94.48,37357215,AAPL
2016-02-03,95.0,96.84,94.08,96.35,45964294,AAPL
2016-02-04,95.86,97.33,95.19,96.6,46471652,AAPL
2016-02-05,96.52,96.92,93.69,94.02,46418064,AAPL
2016-02-08,93.13,95.7,93.04,95.01,54021375,AAPL
2016-02-09,94.29,95.94,93.93,94.99,44331195,AAPL
2016-02-10,95.92,96.35,94.1,94.27,42343601,AAPL
2016-02-11,93.79,94.72,92.59,93.7,50074711,AAPL
2016-02-12,94.19,94.5,93.01,93.99,40351381,AAPL
2016-02-16,95.02,96.85,94.61,96.64,49057916,AAPL
2016-02-17,96.67,98.21,96.15,98.12,44863243,AAPL
2016-02-18,98.84,98.89,96.091,96.26,39020983,AAPL
2016-02-19,96.0,96.7599,95.8,96.04,35374173,AAPL
2016-02-22,96.31,96.9,95.92,96.88,34280758,AAPL
2016-02-23,96.4,96.5,94.55,94.69,31942633,AAPL
2016-02-24,93.98,96.38,93.32,96.1,36255745,AAPL
2016-02-25,96.05,96.76,95.25,96.76,27582659,AAPL
2016-02-26,97.2,98.0237,96.58,96.91,28991131,AAPL
2016-02-29,96.86,98.23,96.65,96.69,35216277,AAPL
2016-03-01,97.65,100.77,97.42,100.53,50407147,AAPL
2016-03-02,100.51,100.89,99.64,100.75,33169560,AAPL
2016-03-03,100.58,101.7099,100.45,101.5,36955742,AAPL
2016-03-04,102.37,103.75,101.37,103.01,46055100,AAPL
2016-03-07,102.39,102.83,100.96,101.87,35915810,AAPL
2016-03-08,100.78,101.76,100.4,101.03,31561889,AAPL
2016-03-09,101.31,101.58,100.27,101.12,27201683,AAPL
2016-03-10,101.41,102.24,100.15,101.17,33513577,AAPL
2016-03-11,102.24,102.28,101.5,102.26,27408237,AAPL
2016-03-14,101.91,102.91,101.78,102.52,25076062,AAPL
2016-03-15,103.96,105.18,103.85,104.58,40067734,AAPL
2016-03-16,104.61,106.31,104.59,105.97,38303493,AAPL
2016-03-17,105.52,106.47,104.96,105.8,34420705,AAPL
2016-03-18,106.34,106.5,105.19,105.92,44205171,AAPL
2016-03-21,105.93,107.65,105.1401,105.91,35502678,AAPL
2016-03-22,105.25,107.29,105.21,106.72,32444375,AAPL
2016-03-23,106.48,107.07,105.9,106.13,25703495,AAPL
2016-03-24,105.47,106.25,104.89,105.67,26132955,AAPL
2016-03-28,106.0,106.19,105.06,105.19,19411372,AAPL
2016-03-29,104.89,107.79,104.88,107.68,31190083,AAPL
2016-03-30,108.65,110.42,108.6,109.56,45601149,AAPL
2016-03-31,109.72,109.9,108.88,108.99,25888449,AAPL
2016-04-01,108.78,110.0,108.2,109.99,25873950,AAPL
2016-04-04,110.42,112.19,110.27,111.12,37356204,AAPL
2016-04-05,109.51,110.73,109.42,109.81,26578652,AAPL
2016-04-06,110.23,110.98,109.2,110.96,26404077,AAPL
2016-04-07,109.95,110.42,108.121,108.54,31801870,AAPL
2016-04-08,108.91,109.77,108.17,108.66,23581740,AAPL
2016-04-11,108.97,110.61,108.83,109.02,29407518,AAPL
2016-04-12,109.34,110.5,108.66,110.44,27232325,AAPL
2016-04-13,110.8,112.34,110.8,112.04,33257316,AAPL
2016-04-14,111.62,112.39,111.33,112.1,25473923,AAPL
2016-04-15,112.11,112.3,109.73,109.85,46938969,AAPL
2016-04-18,108.89,108.95,106.94,107.48,60821461,AAPL
2016-04-19,107.88,108.0,106.23,106.91,32384879,AAPL
2016-04-20,106.64,108.09,106.06,107.13,30611030,AAPL
2016-04-21,106.93,106.93,105.52,105.97,31552525,AAPL
2016-04-22,105.01,106.48,104.62,105.68,33683121,AAPL
2016-04-25,105.0,105.65,104.51,105.08,28031588,AAPL
2016-04-26,103.91,105.3,103.91,104.35,56016165,AAPL
2016-04-27,96.0,98.71,95.68,97.82,114602142,AAPL
2016-04-28,97.61,97.88,94.25,94.83,82242690,AAPL
2016-04-29,93.99,94.72,92.51,93.74,68531478,AAPL
2016-05-02,93.965,94.08,92.4,93.64,48160104,AAPL
2016-05-03,94.2,95.74,93.68,95.18,56831277,AAPL
2016-05-04,95.2,95.9,93.82,94.19,41025475,AAPL
2016-05-05,94.0,94.07,92.68,93.24,35890500,AAPL
2016-05-06,93.37,93.45,91.85,92.72,43699886,AAPL
2016-05-09,93.0,93.77,92.59,92.79,32936436,AAPL
2016-05-10,93.33,93.57,92.11,93.42,33686836,AAPL
2016-05-11,93.48,93.57,92.46,92.51,28719109,AAPL
2016-05-12,92.72,92.78,89.47,90.34,76314690,AAPL
2016-05-13,90.0,91.67,90.0,90.52,44392765,AAPL
2016-05-16,92.39,94.39,91.65,93.88,61259756,AAPL
2016-05-17,94.55,94.7,93.01,93.49,46916939,AAPL
2016-05-18,94.16,95.21,93.89,94.56,42062391,AAPL
2016-05-19,94.64,94.64,93.57,94.2,30442100,AAPL
2016-05-20,94.64,95.43,94.52,95.22,32025968,AAPL
2016-05-23,95.87,97.19,95.67,96.43,38018643,AAPL
2016-05-24,97.22,98.09,96.84,97.9,35140174,AAPL
2016-05-25,98.67,99.74,98.11,99.62,38642108,AAPL
2016-05-26,99.68,100.73,98.64,100.41,56331159,AAPL
2016-05-27,99.44,100.47,99.245,100.35,36341240,AAPL
2016-05-31,99.6,100.4,98.82,99.86,42307212,AAPL
2016-06-01,99.02,99.54,98.33,98.46,29173285,AAPL
2016-06-02,97.6,97.84,96.63,97.72,40191600,AAPL
2016-06-03,97.79,98.27,97.45,97.92,28504888,AAPL
2016-06-06,97.99,101.89,97.55,98.63,23292504,AAPL
2016-06-07,99.25,99.87,98.96,99.03,22409450,AAPL
2016-06-08,99.02,99.56,98.68,98.94,20848131,AAPL
2016-06-09,98.5,99.99,98.46,99.65,26601354,AAPL
2016-06-10,98.53,99.3457,98.48,98.83,31712936,AAPL
2016-06-13,98.69,99.12,97.1,97.34,38020494,AAPL
2016-06-14,97.32,98.475,96.75,97.46,31931944,AAPL
2016-06-15,97.82,98.41,97.03,97.14,29445227,AAPL
2016-06-16,96.45,97.75,96.07,97.55,31326815,AAPL
2016-06-17,96.62,96.65,95.3,95.33,61008219,AAPL
2016-06-20,96.0,96.57,95.03,95.1,34411901,AAPL
2016-06-21,94.94,96.35,94.676,95.91,35546358,AAPL
2016-06-22,96.25,96.89,95.35,95.55,29219122,AAPL
2016-06-23,95.94,96.29,95.25,96.1,32240187,AAPL
2016-06-24,92.91,94.655,92.65,93.4,75311356,AAPL
2016-06-27,93.0,93.05,91.5,92.04,46622188,AAPL
2016-06-28,92.9,93.66,92.14,93.59,40444914,AAPL
2016-06-29,93.97,94.55,93.63,94.4,36531006,AAPL
2016-06-30,94.44,95.77,94.3,95.6,35836356,AAPL
2016-07-01,95.49,96.465,95.33,95.89,26026540,AAPL
2016-07-05,95.39,95.4,94.46,94.99,27705210,AAPL
2016-07-06,94.6,95.66,94.37,95.53,30949090,AAPL
2016-07-07,95.7,96.5,95.62,95.94,25139558,AAPL
2016-07-08,96.49,96.89,96.05,96.68,28912103,AAPL
2016-07-11,96.75,97.65,96.73,96.98,23794945,AAPL
2016-07-12,97.17,97.7,97.12,97.42,24167463,AAPL
2016-07-13,97.41,97.67,96.84,96.87,25892171,AAPL
2016-07-14,97.39,98.99,97.32,98.79,38918997,AAPL
2016-07-15,98.92,99.3,98.5,98.78,30136990,AAPL
2016-07-18,98.7,100.13,98.6,99.83,36493867,AAPL
2016-07-19,99.56,100.0,99.34,99.87,23779924,AAPL
2016-07-20,100.0,100.46,99.735,99.96,26275968,AAPL
2016-07-21,99.83,101.0,99.13,99.43,32702028,AAPL
2016-07-22,99.26,99.3,98.31,98.66,28313669,AAPL
2016-07-25,98.25,98.84,96.92,97.34,40382921,AAPL
2016-07-26,96.82,97.97,96.42,96.67,56239822,AAPL
2016-07-27,104.265,104.35,102.75,102.95,92344820,AAPL
2016-07-28,102.83,104.45,102.82,104.34,39869839,AAPL
2016-07-29,104.19,104.55,103.68,104.21,27733688,AAPL
2016-08-01,104.41,106.15,104.41,106.05,38167871,AAPL
2016-08-02,106.05,106.07,104.0,104.48,33816556,AAPL
2016-08-03,104.81,105.84,104.77,105.79,30202641,AAPL
2016-08-04,105.58,106.0,105.28,105.87,27408650,AAPL
2016-08-05,106.27,107.65,106.18,107.48,40553402,AAPL
2016-08-08,107.52,108.37,107.16,108.37,28037220,AAPL
2016-08-09,108.23,108.94,108.01,108.81,26315204,AAPL
2016-08-10,108.71,108.9,107.76,108.0,24008505,AAPL
2016-08-11,108.52,108.93,107.85,107.93,27484506,AAPL
2016-08-12,107.78,108.44,107.78,108.18,18660434,AAPL
2016-08-15,108.14,109.54,108.08,109.48,25868209,AAPL
2016-08-16,109.63,110.23,109.21,109.38,33794448,AAPL
2016-08-17,109.1,109.37,108.34,109.22,25355976,AAPL
2016-08-18,109.23,109.6,109.02,109.08,21984703,AAPL
2016-08-19,108.77,109.69,108.36,109.36,25368072,AAPL
2016-08-22,108.86,109.1,107.85,108.51,25820230,AAPL
2016-08-23,108.59,109.32,108.53,108.85,21257669,AAPL
2016-08-24,108.565,108.75,107.68,108.03,23675081,AAPL
2016-08-25,107.39,107.88,106.68,107.57,25086248,AAPL
2016-08-26,107.41,107.95,106.31,106.94,27766291,AAPL
2016-08-29,106.62,107.44,106.29,106.82,24970300,AAPL
2016-08-30,105.8,106.5,105.5,106.0,24863945,AAPL
2016-08-31,105.66,106.5699,105.64,106.1,29662406,AAPL
2016-09-01,106.14,106.8,105.62,106.73,26701523,AAPL
2016-09-02,107.7,108.0,106.82,107.73,26802450,AAPL
2016-09-06,107.9,108.3,107.51,107.7,26880391,AAPL
2016-09-07,107.83,108.76,107.07,108.36,42364328,AAPL
2016-09-08,107.25,107.27,105.24,105.52,53002026,AAPL
2016-09-09,104.64,105.72,103.13,103.13,46556984,AAPL
2016-09-12,102.65,105.72,102.53,105.44,45292770,AAPL
2016-09-13,107.51,108.79,107.24,107.95,62176190,AAPL
2016-09-14,108.73,113.03,108.6,111.77,112340318,AAPL
2016-09-15,113.86,115.73,113.49,115.57,90613177,AAPL
2016-09-16,115.12,116.13,114.04,114.92,79886911,AAPL
2016-09-19,115.19,116.18,113.25,113.58,47023046,AAPL
2016-09-20,113.05,114.12,112.51,113.57,34514269,AAPL
2016-09-21,113.85,113.989,112.441,113.55,36003185,AAPL
2016-09-22,114.35,114.94,114.0,114.62,31073984,AAPL
2016-09-23,114.42,114.79,111.55,112.71,52481151,AAPL
2016-09-26,111.64,113.39,111.55,112.88,29869442,AAPL
2016-09-27,113.0,113.18,112.34,113.09,24607412,AAPL
2016-09-28,113.69,114.64,113.43,113.95,29641085,AAPL
2016-09-29,113.16,113.8,111.8,112.18,35886990,AAPL
2016-09-30,112.46,113.37,111.8,113.05,36379106,AAPL
2016-10-03,112.71,113.05,112.28,112.52,21701760,AAPL
2016-10-04,113.06,114.31,112.63,113.0,29736835,AAPL
2016-10-05,113.4,113.66,112.69,113.05,21453089,AAPL
2016-10-06,113.7,114.34,113.13,113.89,28779313,AAPL
2016-10-07,114.31,114.56,113.51,114.06,24358443,AAPL
2016-10-10,115.02,116.75,114.72,116.05,36235956,AAPL
2016-10-11,117.7,118.69,116.2,116.3,64041043,AAPL
2016-10-12,117.35,117.98,116.75,117.34,37586787,AAPL
2016-10-13,116.79,117.44,115.72,116.98,35192406,AAPL
2016-10-14,117.88,118.17,117.13,117.63,35652191,AAPL
2016-10-17,117.33,117.84,116.78,117.55,23624896,AAPL
2016-10-18,118.18,118.21,117.45,117.47,24553478,AAPL
2016-10-19,117.25,117.76,113.8,117.12,20034594,AAPL
2016-10-20,116.86,117.38,116.33,117.06,24125801,AAPL
2016-10-21,116.81,116.91,116.28,116.6,23192665,AAPL
2016-10-24,117.1,117.74,117.0,117.65,23538673,AAPL
2016-10-25,117.95,118.36,117.31,118.25,48128970,AAPL
2016-10-26,114.31,115.7,113.31,115.59,66134219,AAPL
2016-10-27,115.39,115.86,114.1,114.48,34562045,AAPL
2016-10-28,113.87,115.21,113.45,113.72,37861662,AAPL
2016-10-31,113.65,114.23,113.2,113.54,26419398,AAPL
2016-11-01,113.46,113.77,110.53,111.49,43825812,AAPL
2016-11-02,111.4,112.35,111.23,111.59,28331709,AAPL
2016-11-03,110.98,111.46,109.55,109.83,26932602,AAPL
2016-11-04,108.53,110.25,108.11,108.84,30836997,AAPL
2016-11-07,110.08,110.51,109.46,110.41,32560000,AAPL
2016-11-08,110.31,111.72,109.7,111.06,24254179,AAPL
2016-11-09,109.88,111.32,108.05,110.88,59176361,AAPL
2016-11-10,111.09,111.09,105.83,107.79,57134541,AAPL
2016-11-11,107.12,108.87,106.55,108.43,34143898,AAPL
2016-11-14,107.71,107.809,104.08,105.71,51175504,AAPL
2016-11-15,106.57,107.68,106.1593,107.11,32264510,AAPL
2016-11-16,106.7,110.23,106.6,109.99,58840522,AAPL
2016-11-17,109.81,110.35,108.83,109.95,27632003,AAPL
2016-11-18,109.72,110.54,109.66,110.06,28428917,AAPL
2016-11-21,110.12,111.99,110.01,111.73,29264571,AAPL
2016-11-22,111.95,112.42,111.4,111.8,25965534,AAPL
2016-11-23,111.36,111.51,110.33,111.23,27426394,AAPL
2016-11-25,111.13,111.87,110.95,111.79,11475922,AAPL
2016-11-28,111.43,112.465,111.39,111.57,27193983,AAPL
2016-11-29,110.78,112.03,110.07,111.46,28528750,AAPL
2016-11-30,111.6,112.2,110.27,110.52,36162258,AAPL
2016-12-01,110.365,110.94,109.03,109.49,37086862,AAPL
2016-12-02,109.17,110.09,108.85,109.9,26527997,AAPL
2016-12-05,110.0,110.03,108.25,109.11,34324540,AAPL
2016-12-06,109.5,110.36,109.19,109.95,26195462,AAPL
2016-12-07,109.26,111.19,109.16,111.03,29998719,AAPL
2016-12-08,110.86,112.43,110.6,112.12,27068316,AAPL
2016-12-09,112.31,114.7,112.31,113.95,34402627,AAPL
2016-12-12,113.29,115.0,112.49,113.3,26374377,AAPL
2016-12-13,113.84,115.92,113.75,115.19,43733811,AAPL
2016-12-14,115.04,116.2,114.98,115.19,34031834,AAPL
2016-12-15,115.38,116.73,115.23,115.82,46524544,AAPL
2016-12-16,116.47,116.5,115.645,115.97,44351134,AAPL
2016-12-19,115.8,117.38,115.75,116.64,27779423,AAPL
2016-12-20,116.74,117.5,116.68,116.95,21424965,AAPL
2016-12-21,116.8,117.4,116.78,117.06,23783165,AAPL
2016-12-22,116.35,116.51,115.64,116.29,26085854,AAPL
2016-12-23,115.59,116.52,115.59,116.52,14249484,AAPL
2016-12-27,116.52,117.8,116.49,117.26,18296855,AAPL
2016-12-28,117.52,118.0166,116.2,116.76,20905892,AAPL
2016-12-29,116.45,117.1095,116.4,116.73,15039519,AAPL
2016-12-30,116.65,117.2,115.43,115.82,30586265,AAPL
2017-01-03,115.8,116.33,114.76,116.15,28781865,AAPL
2017-01-04,115.85,116.51,115.75,116.02,21118116,AAPL
2017-01-05,115.92,116.8642,115.81,116.61,22193587,AAPL
2017-01-06,116.78,118.16,116.47,117.91,31751900,AAPL
2017-01-09,117.95,119.43,117.94,118.99,33561948,AAPL
2017-01-10,118.77,119.38,118.3,119.11,24462051,AAPL
2017-01-11,118.74,119.93,118.6,119.75,27588593,AAPL
2017-01-12,118.895,119.3,118.21,119.25,27086220,AAPL
2017-01-13,119.11,119.62,118.81,119.04,26111948,AAPL
2017-01-17,118.34,120.24,118.22,120.0,34439843,AAPL
2017-01-18,120.0,120.5,119.71,119.99,23712961,AAPL
2017-01-19,119.4,120.09,119.37,119.78,25597291,AAPL
2017-01-20,120.45,120.45,119.7346,120.0,32597892,AAPL
2017-01-23,120.0,120.81,119.77,120.08,22050218,AAPL
2017-01-24,119.55,120.1,119.5,119.97,23211038,AAPL
2017-01-25,120.42,122.1,120.28,121.88,32586673,AAPL
2017-01-26,121.67,122.44,121.6,121.94,26337576,AAPL
2017-01-27,122.14,122.35,121.6,121.95,20562944,AAPL
2017-01-30,120.93,121.63,120.66,121.63,30377503,AAPL
2017-01-31,121.15,121.39,120.62,121.35,49200993,AAPL
2017-02-01,127.03,130.49,127.01,128.75,111985040,AAPL
2017-02-02,127.975,129.39,127.78,128.53,33710411,AAPL
2017-02-03,128.31,129.19,128.16,129.08,24507301,AAPL
2017-02-06,129.13,130.5,128.9,130.29,26845924,AAPL
2017-02-07,130.54,132.09,130.45,131.53,38183841,AAPL
2017-02-08,131.35,132.22,131.22,132.04,23004072,AAPL
2017-02-09,131.65,132.445,131.12,132.42,28349859,AAPL
2017-02-10,132.46,132.94,132.05,132.12,20065458,AAPL
2017-02-13,133.08,133.82,132.75,133.29,23035421,AAPL
2017-02-14,133.47,135.09,133.25,135.02,33226223,AAPL
2017-02-15,135.52,136.27,134.62,135.51,35623100,AAPL
2017-02-16,135.67,135.9,134.8398,135.345,22584555,AAPL
2017-02-17,135.1,135.83,135.1,135.72,22198197,AAPL
2017-02-21,136.23,136.75,135.98,136.7,24507156,AAPL
2017-02-22,136.43,137.12,136.11,137.11,20836932,AAPL
2017-02-23,137.38,137.48,136.3,136.53,20788186,AAPL
2017-02-24,135.91,136.66,135.28,136.66,21776585,AAPL
2017-02-27,137.14,137.435,136.28,136.93,20257426,AAPL
2017-02-28,137.08,137.435,136.7,136.99,23482860,AAPL
2017-03-01,137.89,140.15,137.595,139.79,36414585,AAPL
2017-03-02,140.0,140.2786,138.76,138.96,26210984,AAPL
2017-03-03,138.78,139.83,138.59,139.78,21571121,AAPL
2017-03-06,139.365,139.77,138.5959,139.34,21750044,AAPL
2017-03-07,139.06,139.98,138.79,139.52,17446297,AAPL
2017-03-08,138.95,139.8,138.82,139.0,18707236,AAPL
2017-03-09,138.74,138.79,137.05,138.68,22155904,AAPL
2017-03-10,139.25,139.3571,138.64,139.14,19612801,AAPL
2017-03-13,138.85,139.43,138.82,139.2,17421717,AAPL
2017-03-14,139.3,139.65,138.84,138.99,15309065,AAPL
2017-03-15,139.41,140.7501,139.025,140.46,25691774,AAPL
2017-03-16,140.72,141.02,140.26,140.69,19231998,AAPL
2017-03-17,141.0,141.0,139.89,139.99,43884952,AAPL
2017-03-20,140.4,141.5,140.23,141.46,21542038,AAPL
2017-03-21,142.11,142.8,139.73,139.84,39529912,AAPL
2017-03-22,139.845,141.6,139.76,141.42,25860165,AAPL
2017-03-23,141.26,141.5844,140.61,140.92,20346301,AAPL
2017-03-24,141.5,141.74,140.35,140.64,22395563,AAPL
2017-03-27,139.39,141.22,138.62,140.88,23575094,AAPL
2017-03-28,140.91,144.04,140.62,143.8,33374805,AAPL
2017-03-29,143.68,144.49,143.19,144.12,29189955,AAPL
2017-03-30,144.19,144.5,143.5,143.93,21207252,AAPL
2017-03-31,143.72,144.27,143.01,143.66,19661651,AAPL
2017-04-03,143.71,144.12,143.05,143.7,19985714,AAPL
2017-04-04,143.25,144.89,143.17,144.77,19891354,AAPL
2017-04-05,144.22,145.46,143.81,144.02,27717854,AAPL
2017-04-06,144.29,144.52,143.45,143.66,21149034,AAPL
2017-04-07,143.73,144.18,143.27,143.34,16658543,AAPL
2017-04-10,143.6,143.8792,142.9,143.17,18933397,AAPL
2017-04-11,142.94,143.35,140.06,141.63,30379376,AAPL
2017-04-12,141.6,142.15,141.01,141.8,20350000,AAPL
2017-04-13,141.91,142.38,141.05,141.05,17822880,AAPL
2017-04-17,141.48,141.88,140.87,141.83,16582094,AAPL
2017-04-18,141.41,142.04,141.11,141.2,14697544,AAPL
2017-04-19,141.88,142.0,140.45,140.68,17328375,AAPL
2017-04-20,141.22,142.92,141.16,142.44,23319562,AAPL
2017-04-21,142.44,142.68,141.85,142.27,17320928,AAPL
2017-04-24,143.5,143.95,143.18,143.64,17134333,AAPL
2017-04-25,143.91,144.9,143.87,144.53,18871501,AAPL
2017-04-26,144.47,144.6,143.3762,143.68,20041241,AAPL
2017-04-27,143.9225,144.16,143.31,143.79,14246347,AAPL
2017-04-28,144.09,144.3,143.27,143.65,20860358,AAPL
2017-05-01,145.1,147.2,144.96,146.58,33602943,AAPL
2017-05-02,147.54,148.09,146.84,147.51,45352194,AAPL
2017-05-03,145.59,147.49,144.27,147.06,45697034,AAPL
2017-05-04,146.52,147.14,145.81,146.53,23371872,AAPL
2017-05-05,146.76,148.98,146.76,148.96,27327725,AAPL
2017-05-08,149.03,153.7,149.03,153.01,48752413,AAPL
2017-05-09,153.87,154.88,153.45,153.99,39130363,AAPL
2017-05-10,153.63,153.94,152.11,153.26,25805692,AAPL
2017-05-11,152.45,154.07,152.31,153.95,27255058,AAPL
2017-05-12,154.7,156.42,154.67,156.1,32527017,AAPL
2017-05-15,156.01,156.65,155.05,155.7,26009719,AAPL
2017-05-16,155.94,156.06,154.72,155.47,20048478,AAPL
2017-05-17,153.6,154.57,149.71,150.25,50767678,AAPL
2017-05-18,151.27,153.34,151.13,152.54,33568215,AAPL
2017-05-19,153.38,153.98,152.63,153.06,26960788,AAPL
2017-05-22,154.0,154.58,152.91,153.99,22966437,AAPL
2017-05-23,154.9,154.9,153.31,153.8,19918871,AAPL
2017-05-24,153.84,154.17,152.67,153.34,19219154,AAPL
2017-05-25,153.73,154.35,153.03,153.87,19235598,AAPL
2017-05-26,154.0,154.24,153.31,153.61,21927637,AAPL
2017-05-30,153.42,154.43,153.33,153.67,20126851,AAPL
2017-05-31,153.97,154.17,152.38,152.76,24451164,AAPL
2017-06-01,153.17,153.33,152.22,153.18,16404088,AAPL
2017-06-02,153.58,155.45,152.89,155.45,27770715,AAPL
2017-06-05,154.34,154.45,153.46,153.93,25331662,AAPL
2017-06-06,153.9,155.81,153.78,154.45,26624926,AAPL
2017-06-07,155.02,155.98,154.48,155.37,21069647,AAPL
2017-06-08,155.25,155.54,154.4,154.99,21250798,AAPL
2017-06-09,155.19,155.19,146.02,148.98,64882657,AAPL
2017-06-12,145.74,146.09,142.51,145.42,72307330,AAPL
2017-06-13,147.16,147.45,145.15,146.59,34165445,AAPL
2017-06-14,147.5,147.5,143.84,145.16,31531232,AAPL
2017-06-15,143.32,144.4798,142.21,144.29,32165373,AAPL
2017-06-16,143.78,144.5,142.2,142.27,50361093,AAPL
2017-06-19,143.66,146.74,143.66,146.34,32541404,AAPL
2017-06-20,146.87,146.87,144.94,145.01,24900073,AAPL
2017-06-21,145.52,146.0693,144.61,145.87,21265751,AAPL
2017-06-22,145.77,146.7,145.1199,145.63,19106294,AAPL
2017-06-23,145.13,147.16,145.11,146.28,35439389,AAPL
2017-06-26,147.17,148.28,145.38,145.82,25692361,AAPL
2017-06-27,145.01,146.16,143.62,143.73,24761891,AAPL
2017-06-28,144.49,146.11,143.1601,145.83,22082432,AAPL
2017-06-29,144.71,145.13,142.28,143.68,31499368,AAPL
2017-06-30,144.45,144.96,143.78,144.02,23024107,AAPL
2017-07-03,144.88,145.3001,143.1,143.5,14277848,AAPL
2017-07-05,143.69,144.79,142.7237,144.09,21569557,AAPL
2017-07-06,143.02,143.5,142.41,142.73,24128782,AAPL
2017-07-07,142.9,144.75,142.9,144.18,19201712,AAPL
2017-07-10,144.11,145.95,143.37,145.06,21090636,AAPL
2017-07-11,144.73,145.85,144.38,145.53,19781836,AAPL
2017-07-12,145.87,146.18,144.82,145.74,24884478,AAPL
2017-07-13,145.5,148.49,145.44,147.77,25199373,AAPL
2017-07-14,147.97,149.33,147.33,149.04,20132061,AAPL
2017-07-17,148.82,150.9,148.57,149.56,23793456,AAPL
2017-07-18,149.2,150.13,148.67,150.08,17868792,AAPL
2017-07-19,150.48,151.42,149.95,151.02,20922969,AAPL
2017-07-20,151.5,151.74,150.19,150.34,17243748,AAPL
2017-07-21,149.99,150.44,148.88,150.27,26252630,AAPL
2017-07-24,150.58,152.44,149.9,152.09,21493160,AAPL
2017-07-25,151.8,153.84,151.8,152.74,18853932,AAPL
2017-07-26,153.35,153.93,153.06,153.46,15780951,AAPL
2017-07-27,153.75,153.99,147.3,150.56,32476337,AAPL
2017-07-28,149.89,150.23,149.19,149.5,17213653,AAPL
2017-07-31,149.9,150.33,148.13,148.73,19845920,AAPL
2017-08-01,157.06,158.92,156.6701,158.59,21194042,AAPL
2017-08-02,159.28,159.75,156.16,157.14,69936800,AAPL
2017-08-03,157.05,157.21,155.02,155.57,27097296,AAPL
2017-08-04,156.07,157.4,155.69,156.39,20559852,AAPL
2017-08-07,157.06,158.92,156.6701,158.81,21870321,AAPL
2017-08-08,158.6,161.83,158.27,160.08,36205896,AAPL
2017-08-09,159.26,161.27,159.11,161.06,26131530,AAPL
2017-08-10,159.9,160.0,154.63,155.32,40804273,AAPL
2017-08-11,156.6,158.5728,156.07,157.48,26257096,AAPL
2017-08-14,159.32,160.21,158.75,159.85,22122734,AAPL
2017-08-15,160.66,162.195,160.14,161.6,29465487,AAPL
2017-08-16,161.94,162.51,160.15,160.95,27671612,AAPL
2017-08-17,160.52,160.71,157.84,157.86,27940565,AAPL
2017-08-18,157.86,159.5,156.72,157.5,27428069,AAPL
2017-08-21,157.5,157.89,155.1101,157.21,26368528,AAPL
2017-08-22,158.23,160.0,158.02,159.78,21604585,AAPL
2017-08-23,159.07,160.47,158.88,159.98,19399081,AAPL
2017-08-24,160.43,160.74,158.55,159.27,19818918,AAPL
2017-08-25,159.65,160.56,159.27,159.86,25480063,AAPL
2017-08-28,160.14,162.0,159.93,161.47,25965972,AAPL
2017-08-29,160.1,163.12,160.0,162.91,29516910,AAPL
2017-08-30,163.8,163.89,162.61,163.35,27269584,AAPL
2017-08-31,163.64,164.52,163.48,164.0,26785096,AAPL
2017-09-01,164.8,164.94,163.63,164.05,16591051,AAPL
2017-09-05,163.75,164.25,160.56,162.08,29536314,AAPL
2017-09-06,162.71,162.99,160.52,161.91,21651726,AAPL
2017-09-07,162.09,162.24,160.36,161.26,21928502,AAPL
2017-09-08,160.86,161.15,158.53,158.63,28611535,AAPL
2017-09-11,160.5,162.05,159.89,161.5,31580798,AAPL
2017-09-12,162.61,163.96,158.77,160.86,71714046,AAPL
2017-09-13,159.87,159.96,157.91,159.65,44907361,AAPL
2017-09-14,158.99,159.4,158.09,158.28,23760749,AAPL
2017-09-15,158.47,160.97,158.0,159.88,49114602,AAPL
2017-09-18,160.11,160.5,157.995,158.67,28269435,AAPL
2017-09-19,159.51,159.77,158.44,158.73,20810632,AAPL
2017-09-20,157.9,158.26,153.83,156.07,52951364,AAPL
2017-09-21,155.8,155.8,152.75,153.39,37511661,AAPL
2017-09-22,152.02,152.27,150.56,151.89,46645443,AAPL
2017-09-25,149.99,151.83,149.16,150.55,44387336,AAPL
2017-09-26,151.78,153.92,151.69,153.14,36660045,AAPL
2017-09-27,153.8,154.7189,153.54,154.23,25504227,AAPL
2017-09-28,153.89,154.28,152.7,153.28,22005455,AAPL
2017-09-29,153.21,154.13,152.0,154.12,26299810,AAPL
2017-10-02,154.26,154.45,152.72,153.81,18698842,AAPL
2017-10-03,154.01,155.09,153.91,154.48,16230293,AAPL
2017-10-04,153.63,153.86,152.46,153.48,20163750,AAPL
2017-10-05,154.18,155.44,154.05,155.39,21283769,AAPL
2017-10-06,154.97,155.49,154.56,155.3,17407558,AAPL
2017-10-09,155.81,156.73,155.485,155.84,16262923,AAPL
2017-10-10,156.055,158.0,155.1,155.9,15617014,AAPL
2017-10-11,155.97,156.98,155.75,156.55,16905640,AAPL
2017-10-12,156.35,157.37,155.7299,156.0,16125054,AAPL
2017-10-13,156.73,157.28,156.41,156.99,16394188,AAPL
2017-10-16,157.9,160.0,157.65,159.88,24121452,AAPL
2017-10-17,159.78,160.87,159.23,160.47,18997275,AAPL
2017-10-18,160.42,160.71,159.6,159.76,16374164,AAPL
2017-10-19,156.75,157.08,155.02,155.98,42584166,AAPL
2017-10-20,156.61,157.75,155.96,156.25,23974146,AAPL
2017-10-23,156.89,157.69,155.5,156.17,21984327,AAPL
2017-10-24,156.29,157.42,156.2,157.1,17757230,AAPL
2017-10-25,156.91,157.55,155.27,156.41,21207098,AAPL
2017-10-26,157.23,157.8295,156.78,157.41,17000469,AAPL
2017-10-27,159.29,163.6,158.7,163.05,44454160,AAPL
2017-10-30,163.89,168.07,163.72,166.72,44700772,AAPL
2017-10-31,167.9,169.6499,166.94,169.04,36046828,AAPL
2017-11-01,169.87,169.94,165.61,166.89,33637762,AAPL
2017-11-02,167.64,168.5,165.28,168.11,41393373,AAPL
2017-11-03,174.0,174.26,171.12,172.5,59398631,AAPL
2017-11-06,172.365,174.99,171.72,174.25,35026306,AAPL
2017-11-07,173.91,175.25,173.6,174.81,24361485,AAPL
2017-11-08,174.66,176.24,174.33,176.24,24409527,AAPL
2017-11-09,175.11,176.095,173.14,175.88,29185668,AAPL
2017-11-10,175.11,175.38,174.27,174.67,25145500,AAPL
2017-11-13,173.5,174.5,173.4,173.97,16982080,AAPL
2017-11-14,173.04,173.48,171.18,171.34,24782487,AAPL
2017-11-15,169.97,170.3197,168.38,169.08,29158070,AAPL
2017-11-16,171.18,171.87,170.3,171.1,23637484,AAPL
2017-11-17,171.04,171.39,169.64,170.15,21899544,AAPL
2017-11-20,170.29,170.56,169.56,169.98,16262447,AAPL
2017-11-21,170.78,173.7,170.78,173.14,25131295,AAPL
2017-11-22,173.36,175.0,173.05,174.96,25588925,AAPL
2017-11-24,175.1,175.5,174.6459,174.97,14026673,AAPL
2017-11-27,175.05,175.08,173.34,174.09,20716802,AAPL
2017-11-28,174.3,174.87,171.86,173.07,26428802,AAPL
2017-11-29,172.63,172.92,167.16,169.48,41666364,AAPL
2017-11-30,170.43,172.14,168.44,171.85,41527218,AAPL
2017-12-01,169.95,171.67,168.5,171.05,39759288,AAPL
2017-12-04,172.48,172.62,169.63,169.8,32542385,AAPL
2017-12-05,169.06,171.52,168.4,169.64,27350154,AAPL
2017-12-06,167.5,170.2047,166.46,169.01,28560000,AAPL
2017-12-07,169.03,170.44,168.91,169.32,25673308,AAPL
2017-12-08,170.49,171.0,168.82,169.37,23355231,AAPL
2017-12-11,169.2,172.89,168.79,172.67,35273759,AAPL
2017-12-12,172.15,172.39,171.461,171.7,19409230,AAPL
2017-12-13,172.5,173.54,172.0,172.27,23818447,AAPL
2017-12-14,172.4,173.13,171.65,172.22,20476541,AAPL
2017-12-15,173.63,174.17,172.46,173.97,40169307,AAPL
2017-12-18,174.88,177.2,174.86,176.42,29421114,AAPL
2017-12-19,175.03,175.39,174.09,174.54,27436447,AAPL
2017-12-20,174.87,175.42,173.25,174.35,23475649,AAPL
2017-12-21,174.17,176.02,174.1,175.01,20949896,AAPL
2017-12-22,174.68,175.424,174.5,175.01,16349444,AAPL
2017-12-26,170.8,171.47,169.679,170.57,33185536,AAPL
2017-12-27,170.1,170.78,169.71,170.6,21498213,AAPL
2017-12-28,171.0,171.85,170.48,171.08,16480187,AAPL
2017-12-29,170.52,170.59,169.22,169.23,25999922,AAPL
2018-01-02,170.16,172.3,169.26,172.26,25555934,AAPL
2018-01-03,172.53,174.55,171.96,172.23,29517899,AAPL
2018-01-04,172.54,173.47,172.08,173.03,22434597,AAPL
2018-01-05,173.44,175.37,173.05,175.0,23660018,AAPL
2018-01-08,174.35,175.61,173.93,174.35,20567766,AAPL
2018-01-09,174.55,175.06,173.41,174.33,21583997,AAPL
2018-01-10,173.16,174.3,173.0,174.29,23959895,AAPL
2018-01-11,174.59,175.4886,174.49,175.28,18667729,AAPL
2018-01-12,176.18,177.36,175.65,177.09,25418080,AAPL
2018-01-16,177.9,179.39,176.14,176.19,29565947,AAPL
2018-01-17,176.15,179.25,175.07,179.1,34386836,AAPL
2018-01-18,179.37,180.1,178.25,179.26,31193352,AAPL
2018-01-19,178.61,179.58,177.41,178.46,32425067,AAPL
2018-01-22,177.3,177.78,176.6016,177.0,27108551,AAPL
2018-01-23,177.3,179.44,176.82,177.04,32689146,AAPL
2018-01-24,177.25,177.3,173.2,174.22,51105090,AAPL
2018-01-25,174.505,174.95,170.53,171.11,41529004,AAPL
2018-01-26,172.0,172.0,170.06,171.51,39143011,AAPL
2018-01-29,170.16,170.16,167.07,167.96,50640406,AAPL
2018-01-30,165.525,167.37,164.7,166.97,46048185,AAPL
2018-01-31,166.87,168.4417,166.5,167.43,32478930,AAPL
2018-02-01,167.165,168.62,166.76,167.78,47230787,AAPL
2018-02-02,166.0,166.8,160.1,160.5,86593825,AAPL
2018-02-05,159.1,163.88,156.0,156.49,72738522,AAPL
2018-02-06,154.83,163.72,154.0,163.03,68243838,AAPL
2018-02-07,163.085,163.4,159.0685,159.54,51608580,AAPL
2013-02-08,261.4,265.25,260.555,261.95,3879078,AMZN
2013-02-11,263.2,263.25,256.6,257.21,3403403,AMZN
2013-02-12,259.19,260.16,257.0,258.7,2938660,AMZN
2013-02-13,261.53,269.96,260.3,269.47,5292996,AMZN
2013-02-14,267.37,270.65,265.4,269.24,3462780,AMZN
2013-02-15,267.63,268.92,263.11,265.09,3979832,AMZN
2013-02-19,265.91,270.11,264.5,269.75,2853752,AMZN
2013-02-20,270.2,274.3,266.371,266.41,3528862,AMZN
2013-02-21,265.12,269.48,263.25,265.94,3637396,AMZN
2013-02-22,266.62,267.11,261.61,265.42,3123402,AMZN
2013-02-25,266.94,268.694,259.65,259.87,3032109,AMZN
2013-02-26,260.89,262.04,255.73,259.36,3348011,AMZN
2013-02-27,259.4,265.83,256.86,263.25,2908010,AMZN
2013-02-28,261.81,267.0,260.63,264.27,2667199,AMZN
2013-03-01,263.27,266.6,261.04,265.74,2956724,AMZN
2013-03-04,265.36,273.3,264.14,273.11,3452783,AMZN
2013-03-05,274.0,276.68,269.99,275.59,3685983,AMZN
2013-03-06,275.76,276.489,271.832,273.79,2050452,AMZN
2013-03-07,274.1,274.8,271.85,273.88,1938987,AMZN
2013-03-08,275.0,275.44,271.5,274.19,1879762,AMZN
2013-03-11,273.43,273.99,270.4,271.24,1904465,AMZN
2013-03-12,271.0,277.4,270.3601,274.13,3245906,AMZN
2013-03-13,275.24,276.5,272.64,275.1,1884115,AMZN
2013-03-14,269.67,270.0,263.53,265.74,5226150,AMZN
2013-03-15,264.98,267.26,260.05,261.82,4865572,AMZN
2013-03-18,259.3,261.49,257.12,257.89,2719833,AMZN
2013-03-19,258.4,259.5,252.62,256.41,3738396,AMZN
2013-03-20,258.05,259.76,254.5501,257.278,2734710,AMZN
2013-03-21,256.11,257.0,252.68,253.39,2805646,AMZN
2013-03-22,254.55,257.77,252.07,257.75,3124199,AMZN
2013-03-25,258.58,259.429,254.5,256.02,2513758,AMZN
2013-03-26,257.05,261.48,256.28,260.31,2420504,AMZN
2013-03-27,258.75,265.93,257.9,265.3,2874824,AMZN
2013-03-28,265.82,267.375,264.06,266.49,2473257,AMZN
2013-04-01,266.98,267.4,261.01,261.61,2524725,AMZN
2013-04-02,262.4,265.89,260.55,263.322,2631038,AMZN
2013-04-03,262.12,263.67,257.75,259.03,2413784,AMZN
2013-04-04,259.23,260.41,256.12,259.08,1964377,AMZN
2013-04-05,255.72,256.18,253.67,255.48,2557357,AMZN
2013-04-08,255.92,259.679,255.63,258.95,2295573,AMZN
2013-04-09,258.85,262.61,257.0,261.14,2156507,AMZN
2013-04-10,261.78,265.98,259.32,264.77,2322407,AMZN
2013-04-11,264.74,270.97,264.74,269.85,3090466,AMZN
2013-04-12,270.12,273.27,267.02,272.87,2865875,AMZN
2013-04-15,271.08,275.12,267.1,267.72,3325359,AMZN
2013-04-16,269.31,272.8,268.06,272.34,2137118,AMZN
2013-04-17,270.8,270.85,264.25,267.4,3135091,AMZN
2013-04-18,266.81,266.9899,256.6,259.42,3137451,AMZN
2013-04-19,258.16,262.88,257.5,260.32,2602470,AMZN
2013-04-22,259.35,264.6,258.03,263.55,2119071,AMZN
2013-04-23,264.5,269.87,264.5,268.9,2270594,AMZN
2013-04-24,269.5,271.47,266.81,268.78,1851390,AMZN
2013-04-25,271.53,275.8,270.5,274.7,6011863,AMZN
2013-04-26,269.97,272.02,252.81,254.81,14029220,AMZN
2013-04-29,254.9,257.01,249.15,249.74,7110750,AMZN
2013-04-30,249.3701,254.68,248.56,253.81,4248790,AMZN
2013-05-01,253.9,254.2,245.75,248.23,4391302,AMZN
2013-05-02,248.94,252.93,245.78,252.55,3922605,AMZN
2013-05-03,256.14,259.25,254.7,258.05,3513934,AMZN
2013-05-06,258.09,259.5,253.4201,255.72,2347669,AMZN
2013-05-07,256.31,259.74,252.9101,257.73,3133399,AMZN
2013-05-08,256.87,260.295,255.334,258.68,2676986,AMZN
2013-05-09,258.73,263.55,256.88,260.16,2769255,AMZN
2013-05-10,260.88,263.65,260.21,263.63,3144719,AMZN
2013-05-13,262.77,265.88,262.0,264.51,2149398,AMZN
2013-05-14,264.5,269.4,264.028,268.33,2699755,AMZN
2013-05-15,267.07,269.05,264.56,266.56,2719687,AMZN
2013-05-16,265.96,268.43,263.85,264.12,1643068,AMZN
2013-05-17,265.83,269.98,265.0,269.9,2527271,AMZN
2013-05-20,269.0,271.79,266.5,267.63,2208934,AMZN
2013-05-21,268.74,270.77,267.66,268.86,1740956,AMZN
2013-05-22,267.39,267.59,260.8,262.96,3331960,AMZN
2013-05-23,260.49,263.17,259.59,261.8,2000141,AMZN
2013-05-24,259.85,261.93,258.34,261.74,1696290,AMZN
2013-05-28,266.48,271.1,266.0,267.29,3470157,AMZN
2013-05-29,265.46,268.25,264.844,265.53,1903390,AMZN
2013-05-30,265.71,268.57,265.615,266.83,1667469,AMZN
2013-05-31,266.0,271.91,265.94,269.2,3374188,AMZN
2013-06-03,268.96,269.11,262.95,266.88,2543880,AMZN
2013-06-04,267.0,268.88,263.02,265.7,2088072,AMZN
2013-06-05,265.81,271.66,265.02,267.17,3511955,AMZN
2013-06-06,267.75,270.5,264.21,267.83,2468970,AMZN
2013-06-07,269.74,280.1,269.13,276.87,4632239,AMZN
2013-06-10,276.68,282.47,275.24,281.07,3084405,AMZN
2013-06-11,276.0,278.411,274.24,274.78,3097745,AMZN
2013-06-12,276.6,276.8,270.45,271.67,2237998,AMZN
2013-06-13,271.5,276.8,270.2901,275.79,2649715,AMZN
2013-06-14,275.0,277.07,273.442,273.99,2150543,AMZN
2013-06-17,276.35,280.2,275.65,278.06,2883867,AMZN
2013-06-18,279.08,282.91,278.11,281.76,2146005,AMZN
2013-06-19,281.26,283.34,277.87,278.16,2827248,AMZN
2013-06-20,275.14,278.6,272.39,273.44,2983983,AMZN
2013-06-21,274.57,275.8399,269.79,273.36,4202058,AMZN
2013-06-24,271.29,273.16,265.0,270.61,3863764,AMZN
2013-06-25,272.3,273.47,269.0,272.088,2449510,AMZN
2013-06-26,273.98,277.98,273.5001,277.57,3029016,AMZN
2013-06-27,279.18,280.2,274.54,277.55,2519422,AMZN
2013-06-28,276.19,279.83,276.19,277.69,3193262,AMZN
2013-07-01,279.0,283.29,277.16,282.1,2888140,AMZN
2013-07-02,281.04,286.58,280.59,283.73,3238108,AMZN
2013-07-03,282.6,285.4,282.0,284.03,1380205,AMZN
2013-07-05,285.0,286.3799,282.07,285.88,1985323,AMZN
2013-07-08,286.42,291.67,286.14,290.59,3046664,AMZN
2013-07-09,291.0,292.57,288.01,291.53,2749006,AMZN
2013-07-10,291.41,293.34,289.4,292.33,1822877,AMZN
2013-07-11,294.99,300.69,292.1,299.66,4007201,AMZN
2013-07-12,298.69,307.55,298.5,307.55,4538473,AMZN
2013-07-15,307.27,307.99,304.35,306.57,2245387,AMZN
2013-07-16,307.3,309.39,305.5119,306.87,2660120,AMZN
2013-07-17,306.97,308.8,305.69,308.69,2029681,AMZN
2013-07-18,306.27,306.3408,301.87,304.11,3060805,AMZN
2013-07-19,304.39,305.79,301.91,305.23,2973041,AMZN
2013-07-22,309.25,309.25,302.0,303.48,2520663,AMZN
2013-07-23,303.16,305.06,300.56,301.06,1999344,AMZN
2013-07-24,303.02,303.84,298.04,298.94,1999684,AMZN
2013-07-25,299.0,304.5,296.75,303.4,5394295,AMZN
2013-07-26,299.55,313.62,295.55,312.01,8817434,AMZN
2013-07-29,311.07,313.0,305.9,306.1,3212185,AMZN
2013-07-30,307.72,309.7833,301.57,302.41,3053675,AMZN
2013-07-31,303.91,305.15,301.0,301.22,1891314,AMZN
2013-08-01,303.08,306.21,298.905,305.57,2968844,AMZN
2013-08-02,304.63,305.33,301.5,304.21,2502646,AMZN
2013-08-05,303.4,303.62,298.3,300.99,2233158,AMZN
2013-08-06,300.51,301.36,297.52,300.75,1848951,AMZN
2013-08-07,300.15,300.99,296.15,296.91,1963010,AMZN
2013-08-08,298.52,298.52,292.5501,295.74,2343430,AMZN
2013-08-09,295.68,299.27,294.2987,297.26,1950386,AMZN
2013-08-12,295.79,299.08,295.26,296.69,1504525,AMZN
2013-08-13,295.88,296.37,290.67,293.97,2349902,AMZN
2013-08-14,294.29,294.29,290.54,291.34,1414976,AMZN
2013-08-15,288.79,289.3,285.15,286.47,2261393,AMZN
2013-08-16,286.55,288.33,284.5,284.82,2422856,AMZN
2013-08-19,285.19,289.56,283.48,285.57,2477429,AMZN
2013-08-20,285.88,289.515,285.74,287.09,1585260,AMZN
2013-08-21,285.09,288.5,283.83,284.57,1815346,AMZN
2013-08-22,284.8,289.87,284.8,289.73,1421959,AMZN
2013-08-23,291.21,291.5,287.9,290.01,1967485,AMZN
2013-08-26,290.43,291.0499,285.6207,286.21,1717000,AMZN
2013-08-27,283.87,285.28,279.74,280.93,2475209,AMZN
2013-08-28,280.36,283.0,279.33,281.58,1457146,AMZN
2013-08-29,281.45,285.98,280.0,283.98,1566414,AMZN
2013-08-30,284.59,284.87,280.0,280.98,1534706,AMZN
2013-09-03,284.73,291.39,284.17,288.8,2897569,AMZN
2013-09-04,288.33,295.23,287.58,293.64,2438551,AMZN
2013-09-05,293.63,297.0,292.71,294.1,1818815,AMZN
2013-09-06,295.33,298.88,290.8,295.86,2291973,AMZN
2013-09-09,297.22,299.96,296.6,299.71,1643573,AMZN
2013-09-10,300.55,301.0,297.22,300.36,1778437,AMZN
2013-09-11,298.91,301.86,297.84,299.64,1742677,AMZN
2013-09-12,299.39,302.0,297.661,298.86,1606193,AMZN
2013-09-13,300.14,300.22,296.201,297.92,1350645,AMZN
2013-09-16,299.82,301.0,295.26,296.06,1818071,AMZN
2013-09-17,297.63,304.65,296.0101,304.17,2297156,AMZN
2013-09-18,304.06,312.74,302.91,312.034,2946338,AMZN
2013-09-19,313.77,314.54,311.04,312.06,2350946,AMZN
2013-09-20,312.54,320.57,312.41,316.34,5302279,AMZN
2013-09-23,314.01,315.9,308.771,311.49,1884997,AMZN
2013-09-24,312.43,318.0799,311.28,314.13,2009851,AMZN
2013-09-25,314.53,316.71,310.75,312.65,2008557,AMZN
2013-09-26,313.9,319.37,313.26,318.12,1990182,AMZN
2013-09-27,316.92,317.21,313.35,316.01,1657457,AMZN
2013-09-30,313.41,315.31,311.06,312.64,1624804,AMZN
2013-10-01,314.22,321.0,313.65,320.95,2398193,AMZN
2013-10-02,318.04,321.73,317.52,320.51,2217873,AMZN
2013-10-03,320.39,322.92,313.02,314.76,2674841,AMZN
2013-10-04,315.13,319.2,312.62,319.04,1814976,AMZN
2013-10-07,315.24,315.3399,309.74,310.03,2084585,AMZN
2013-10-08,311.5,311.545,300.27,303.23,3172022,AMZN
2013-10-09,303.42,303.4978,296.5025,298.23,3247549,AMZN
2013-10-10,304.63,306.7,302.5901,305.174,2557138,AMZN
2013-10-11,304.77,310.93,303.84,310.889,2163093,AMZN
2013-10-14,309.22,311.645,307.0,310.7,1939092,AMZN
2013-10-15,309.87,310.79,305.26,306.4,2261554,AMZN
2013-10-16,308.38,310.8,305.554,310.49,2180521,AMZN
2013-10-17,307.07,311.0,305.24,310.77,2648384,AMZN
2013-10-18,319.36,331.89,316.75,328.931,5969814,AMZN
2013-10-21,329.89,330.0,323.8,326.44,2527617,AMZN
2013-10-22,327.72,337.11,325.68,332.54,3942953,AMZN
2013-10-23,330.84,331.72,324.0601,326.756,2818158,AMZN
2013-10-24,329.63,332.6499,326.75,332.21,5884655,AMZN
2013-10-25,358.6,368.4,352.62,363.39,12043903,AMZN
2013-10-28,359.92,362.75,357.2,358.16,3635848,AMZN
2013-10-29,358.96,362.89,356.29,362.7,2190763,AMZN
2013-10-30,362.62,365.0,358.65,361.08,4505005,AMZN
2013-10-31,361.73,366.0,359.0,364.03,2466937,AMZN
2013-11-01,365.63,365.77,356.1,359.002,3332126,AMZN
2013-11-04,360.12,361.0,354.4,358.74,1940496,AMZN
2013-11-05,356.78,360.17,354.84,358.892,2007275,AMZN
2013-11-06,360.45,362.87,354.5,356.18,2288077,AMZN
2013-11-07,355.86,357.9,341.88,343.56,4250065,AMZN
2013-11-08,345.95,351.05,344.04,350.31,2656865,AMZN
2013-11-11,350.59,355.37,348.06,354.378,2262538,AMZN
2013-11-12,352.99,355.4826,347.282,349.53,2344304,AMZN
2013-11-13,347.4,356.22,345.68,356.22,2777832,AMZN
2013-11-14,357.39,368.94,356.43,367.396,4164128,AMZN
2013-11-15,367.63,372.9,365.55,369.17,4494773,AMZN
2013-11-18,370.28,373.49,364.67,366.18,2738214,AMZN
2013-11-19,365.82,368.78,362.5,364.94,1904797,AMZN
2013-11-20,367.56,367.56,360.45,362.57,1772984,AMZN
2013-11-21,364.05,369.25,363.3,368.92,1967041,AMZN
2013-11-22,370.0,374.5,366.31,372.31,2967833,AMZN
2013-11-25,373.82,377.79,373.18,376.64,2972546,AMZN
2013-11-26,377.61,382.5,374.8175,381.37,2730689,AMZN
2013-11-27,383.5,387.0,382.611,386.71,2269656,AMZN
2013-11-29,389.1,394.0999,388.62,393.62,2405985,AMZN
2013-12-02,399.0,399.0,389.1,392.3,4718883,AMZN
2013-12-03,390.11,390.949,383.1,384.66,3707536,AMZN
2013-12-04,383.5,389.69,381.4914,385.96,2355719,AMZN
2013-12-05,386.65,386.65,381.371,384.49,1906452,AMZN
2013-12-06,388.35,388.35,383.83,386.95,1987762,AMZN
2013-12-09,388.11,388.21,382.57,384.89,2766573,AMZN
2013-12-10,383.74,389.06,383.02,387.78,2739875,AMZN
2013-12-11,387.34,388.98,382.0,382.19,2451254,AMZN
2013-12-12,381.26,385.0,379.5,381.25,2123652,AMZN
2013-12-13,385.32,389.42,383.8,384.24,3025145,AMZN
2013-12-16,385.03,391.7,385.0,388.97,2258884,AMZN
2013-12-17,390.65,391.36,386.5,387.65,2348377,AMZN
2013-12-18,389.23,396.3,383.1,395.96,3493635,AMZN
2013-12-19,394.27,397.29,392.6,395.19,2429598,AMZN
2013-12-20,396.55,404.72,395.78,402.2,5038537,AMZN
2013-12-23,403.69,405.0,399.2,402.92,2661823,AMZN
2013-12-24,402.52,403.7249,396.37,399.2,1380373,AMZN
2013-12-26,401.79,404.52,396.81,404.39,1871590,AMZN
2013-12-27,404.65,405.63,396.25,398.08,1987280,AMZN
2013-12-30,399.41,399.92,392.45,393.37,2487812,AMZN
2013-12-31,394.58,398.83,393.8,398.79,1997051,AMZN
2014-01-02,398.8,399.36,394.02,397.97,2140246,AMZN
2014-01-03,398.29,402.71,396.22,396.44,2213512,AMZN
2014-01-06,395.85,397.0,388.42,393.63,3172207,AMZN
2014-01-07,395.04,398.47,394.29,398.03,1916684,AMZN
2014-01-08,398.47,403.0,396.04,401.92,2316903,AMZN
2014-01-09,403.71,406.89,398.44,401.01,2103793,AMZN
2014-01-10,402.53,403.764,393.8,397.66,2681701,AMZN
2014-01-13,397.98,399.78,388.45,390.98,2846507,AMZN
2014-01-14,392.13,398.63,391.29,397.54,2340401,AMZN
2014-01-15,398.94,399.31,392.534,395.87,2678794,AMZN
2014-01-16,393.68,399.29,389.41,395.8,2602506,AMZN
2014-01-17,394.26,403.49,393.66,399.61,4508791,AMZN
2014-01-21,403.0,407.8,401.6,407.05,3122705,AMZN
2014-01-22,408.0,408.06,402.0,404.54,2069759,AMZN
2014-01-23,401.0,406.17,397.79,399.87,3026272,AMZN
2014-01-24,398.16,400.2,387.27,387.6,4513038,AMZN
2014-01-27,390.5,394.1,380.49,386.28,3944752,AMZN
2014-01-28,387.4,394.74,387.12,394.43,2901611,AMZN
2014-01-29,392.16,392.85,383.24,384.2,3399294,AMZN
2014-01-30,393.77,406.25,387.7,403.01,10900116,AMZN
2014-01-31,371.76,375.45,357.76,358.69,16181519,AMZN
2014-02-03,358.98,360.85,340.1,346.15,10290934,AMZN
2014-02-04,349.59,353.9975,344.02,347.95,4821177,AMZN
2014-02-05,346.0,349.37,337.73,346.45,4439010,AMZN
2014-02-06,347.403,354.82,347.403,354.59,3340542,AMZN
2014-02-07,358.98,361.8,352.49,361.08,4347189,AMZN
2014-02-10,361.61,365.0,359.35,360.87,3451093,AMZN
2014-02-11,361.842,363.61,356.25,361.79,3225200,AMZN
2014-02-12,356.43,357.75,346.32,349.25,6599199,AMZN
2014-02-13,347.7,357.2,346.5,357.2,4181445,AMZN
2014-02-14,359.34,359.34,353.35,357.35,3524570,AMZN
2014-02-18,355.28,355.73,349.45,353.65,5000493,AMZN
2014-02-19,352.64,354.54,346.1,347.38,4175393,AMZN
2014-02-20,348.8,350.46,344.38,349.8,3496663,AMZN
2014-02-21,352.44,354.141,346.75,346.76,4212144,AMZN
2014-02-24,345.19,353.0,343.29,351.78,3647182,AMZN
2014-02-25,353.0,361.08,351.58,358.32,3747076,AMZN
2014-02-26,359.86,364.75,357.17,359.8,3622506,AMZN
2014-02-27,357.22,360.59,355.5,360.13,3105442,AMZN
2014-02-28,360.6,365.865,357.084,362.1,3885207,AMZN
2014-03-03,358.735,360.96,354.48,359.78,2798230,AMZN
2014-03-04,363.9,365.68,362.46,363.9,2706843,AMZN
2014-03-05,364.13,372.728,363.9,372.37,3862706,AMZN
2014-03-06,374.05,375.33,368.9,372.16,2927497,AMZN
2014-03-07,374.58,374.99,369.531,372.06,2280358,AMZN
2014-03-10,372.69,372.73,367.0,370.53,2107820,AMZN
2014-03-11,370.99,372.8,367.28,368.82,2248019,AMZN
2014-03-12,366.4,371.16,363.61,370.64,2219663,AMZN
2014-03-13,376.62,383.11,368.08,371.51,6829047,AMZN
2014-03-14,372.8,378.568,371.55,373.74,4402220,AMZN
2014-03-17,375.72,378.85,374.88,375.04,2306821,AMZN
2014-03-18,377.32,379.0,375.0,378.77,2483508,AMZN
2014-03-19,378.77,379.0,369.42,373.23,2646687,AMZN
2014-03-20,370.64,373.0,366.22,368.97,2558460,AMZN
2014-03-21,371.0,372.84,358.4,360.62,5417935,AMZN
2014-03-24,360.09,361.5,348.6,351.85,4879627,AMZN
2014-03-25,354.03,358.97,348.84,354.71,4455703,AMZN
2014-03-26,357.13,357.6,343.4,343.41,4120665,AMZN
2014-03-27,343.15,343.9999,330.88,338.47,5770462,AMZN
2014-03-28,340.05,347.0,336.08,338.29,3986782,AMZN
2014-03-31,342.4,346.29,334.06,336.365,4297487,AMZN
2014-04-01,338.09,344.43,338.0,342.99,3602899,AMZN
2014-04-02,345.99,348.295,340.38,341.96,4465927,AMZN
2014-04-03,341.82,342.5,328.46,333.62,6399299,AMZN
2014-04-04,335.15,335.44,315.61,323.0,12534578,AMZN
2014-04-07,320.99,324.94,313.13,317.76,7077360,AMZN
2014-04-08,321.88,328.0,318.44,327.07,6585583,AMZN
2014-04-09,328.47,332.18,322.5,331.805,5058664,AMZN
2014-04-10,330.6,331.0,316.5,317.11,6133376,AMZN
2014-04-11,314.0,316.5,309.5,311.73,7292028,AMZN
2014-04-14,317.67,320.48,311.28,315.91,4293532,AMZN
2014-04-15,316.7,318.28,305.5,316.08,5399337,AMZN
2014-04-16,321.17,324.0,314.71,323.68,4285901,AMZN
2014-04-17,319.76,328.66,319.76,324.91,4300378,AMZN
2014-04-21,323.97,331.1499,322.31,330.87,3000598,AMZN
2014-04-22,332.0,337.5,328.94,329.32,3714288,AMZN
2014-04-23,333.06,333.13,323.39,324.58,3604586,AMZN
2014-04-24,329.67,337.4,322.95,337.15,9293735,AMZN
2014-04-25,316.25,316.49,302.71,303.83,16186737,AMZN
2014-04-28,304.0,304.39,288.0,296.58,14479803,AMZN
2014-04-29,296.44,301.84,290.45,300.38,6510591,AMZN
2014-04-30,298.1,304.56,298.1,304.13,4090006,AMZN
2014-05-01,304.13,310.48,304.0,307.89,4329167,AMZN
2014-05-02,310.42,313.29,304.31,308.01,3995218,AMZN
2014-05-05,306.37,310.23,305.0,310.05,2520300,AMZN
2014-05-06,309.53,309.81,297.04,297.38,4682327,AMZN
2014-05-07,295.56,296.4,286.68,292.71,7016937,AMZN
2014-05-08,290.82,295.8784,287.23,288.32,3848996,AMZN
2014-05-09,290.57,293.68,284.38,292.24,4062984,AMZN
2014-05-12,294.3,303.34,294.16,302.86,3735443,AMZN
2014-05-13,302.6,305.6,300.75,304.64,3509937,AMZN
2014-05-14,302.5,304.64,296.66,297.62,3328414,AMZN
2014-05-15,298.02,299.2,290.38,295.19,4299530,AMZN
2014-05-16,292.8,298.88,291.55,297.7,3637649,AMZN
2014-05-19,295.76,299.0,293.81,296.755,2286313,AMZN
2014-05-20,297.1,304.46,296.75,301.19,4096308,AMZN
2014-05-21,302.21,305.96,301.5201,305.01,3409200,AMZN
2014-05-22,305.05,308.54,303.01,304.91,2576888,AMZN
2014-05-23,305.46,312.35,304.9,312.24,3055997,AMZN
2014-05-27,314.41,314.6296,307.38,310.82,4864163,AMZN
2014-05-28,309.5,313.82,307.42,310.16,2726803,AMZN
2014-05-29,310.42,314.87,310.2,313.78,2365679,AMZN
2014-05-30,314.43,314.65,307.57,312.55,4260624,AMZN
2014-06-02,312.59,312.6,307.0,308.84,2205909,AMZN
2014-06-03,305.75,307.92,305.07,307.19,2379273,AMZN
2014-06-04,306.85,309.5,303.84,306.78,2111176,AMZN
2014-06-05,308.1,327.94,306.9,323.57,7803760,AMZN
2014-06-06,325.0,330.88,324.93,329.67,5246723,AMZN
2014-06-09,331.57,333.0,325.65,327.5,3212755,AMZN
2014-06-10,327.65,335.5,327.5,332.41,3668904,AMZN
2014-06-11,336.0,340.7199,333.8772,335.2,4439178,AMZN
2014-06-12,335.55,335.55,324.66,325.91,4276316,AMZN
2014-06-13,327.05,329.298,323.5262,326.27,2766909,AMZN
2014-06-16,324.86,328.6945,323.52,327.62,2449843,AMZN
2014-06-17,327.54,331.34,325.23,325.62,2924058,AMZN
2014-06-18,328.0,335.75,325.0,334.38,6409334,AMZN
2014-06-19,335.255,338.9,325.98,327.0,5327002,AMZN
2014-06-20,327.76,328.22,320.42,324.2,6056210,AMZN
2014-06-23,323.33,327.55,321.41,327.24,2609628,AMZN
2014-06-24,327.54,329.73,322.738,324.16,2627978,AMZN
2014-06-25,324.33,328.15,321.74,327.44,2328006,AMZN
2014-06-26,328.49,328.65,322.13,325.69,2699908,AMZN
2014-06-27,325.88,326.52,323.27,324.57,2419626,AMZN
2014-06-30,324.98,326.98,322.24,324.78,2672165,AMZN
2014-07-01,325.86,333.2,325.1,332.39,3178548,AMZN
2014-07-02,333.2,336.76,331.66,332.85,2681578,AMZN
2014-07-03,334.83,338.3,333.08,337.492,1944300,AMZN
2014-07-07,337.5,337.55,332.52,333.55,2130028,AMZN
2014-07-08,333.1,333.7397,321.4,323.81,4275447,AMZN
2014-07-09,324.71,330.2,323.15,329.97,3167133,AMZN
2014-07-10,324.34,329.98,322.65,327.92,2665753,AMZN
2014-07-11,334.71,347.0,334.71,346.2,8309079,AMZN
2014-07-14,347.03,355.77,345.356,355.32,5615482,AMZN
2014-07-15,353.72,355.59,349.4,354.44,4176758,AMZN
2014-07-16,355.62,359.32,353.0,355.9,3505023,AMZN
2014-07-17,353.44,356.96,351.38,352.454,3640290,AMZN
2014-07-18,354.4,359.68,352.08,358.66,3410032,AMZN
2014-07-21,358.1,361.71,356.72,359.76,2282741,AMZN
2014-07-22,355.25,362.93,355.25,360.84,2889366,AMZN
2014-07-23,359.05,360.63,356.62,358.14,2688761,AMZN
2014-07-24,359.98,364.85,358.52,358.61,7088655,AMZN
2014-07-25,317.3,324.87,314.76,324.01,17855141,AMZN
2014-07-28,324.25,324.82,316.5,320.41,5933999,AMZN
2014-07-29,321.98,322.8999,319.5,320.0,2885644,AMZN
2014-07-30,321.45,322.73,318.5,322.51,3973213,AMZN
2014-07-31,320.01,320.6836,311.86,312.99,5193770,AMZN
2014-08-01,313.69,315.83,304.588,307.06,7443091,AMZN
2014-08-04,308.84,316.18,308.5,313.65,4208660,AMZN
2014-08-05,313.3,314.55,310.06,312.32,2856294,AMZN
2014-08-06,310.83,315.78,310.2,313.89,2297476,AMZN
2014-08-07,315.21,315.8774,309.655,311.45,2936913,AMZN
2014-08-08,311.94,317.32,310.66,316.8,2708416,AMZN
2014-08-11,318.48,320.38,316.88,318.33,2472819,AMZN
2014-08-12,318.89,321.31,316.95,319.32,1916143,AMZN
2014-08-13,327.6,331.72,326.14,326.28,4938152,AMZN
2014-08-14,327.8,334.09,326.71,333.21,3420646,AMZN
2014-08-15,334.0,335.0,328.32,333.63,3897928,AMZN
2014-08-18,335.48,337.8,333.77,334.53,2488186,AMZN
2014-08-19,334.87,335.81,333.01,335.13,1714120,AMZN
2014-08-20,334.68,337.16,334.022,335.78,1811462,AMZN
2014-08-21,336.48,336.582,332.23,332.91,1975792,AMZN
2014-08-22,332.99,334.08,330.8,331.59,2212965,AMZN
2014-08-25,333.21,336.77,332.71,334.02,1960978,AMZN
2014-08-26,337.0,344.36,334.55,341.83,3654702,AMZN
2014-08-27,342.09,346.67,341.34,343.18,2961767,AMZN
2014-08-28,340.0,341.79,338.8,340.02,2254725,AMZN
2014-08-29,341.76,341.8199,337.68,339.04,1939848,AMZN
2014-09-02,339.98,342.5,337.1587,342.38,2328881,AMZN
2014-09-03,342.54,343.27,337.55,339.0,1998540,AMZN
2014-09-04,343.69,349.38,343.58,345.95,3965557,AMZN
2014-09-05,346.3,346.827,342.5,346.38,2111220,AMZN
2014-09-08,344.54,345.81,339.04,342.34,2960693,AMZN
2014-09-09,341.61,341.76,329.18,329.75,4646832,AMZN
2014-09-10,334.3,334.98,328.82,331.33,3798904,AMZN
2014-09-11,329.94,333.01,326.39,330.52,2721893,AMZN
2014-09-12,329.56,332.89,328.79,331.19,3429727,AMZN
2014-09-15,330.91,331.33,319.0,323.89,4006918,AMZN
2014-09-16,321.07,329.48,320.1,327.76,3265860,AMZN
2014-09-17,327.76,328.0,321.52,324.0,4138950,AMZN
2014-09-18,325.44,327.1,323.7105,325.0,2577706,AMZN
2014-09-19,327.6,332.7559,325.57,331.32,6886382,AMZN
2014-09-22,328.49,329.49,321.06,324.5,3118649,AMZN
2014-09-23,322.46,327.6,321.25,323.63,2353590,AMZN
2014-09-24,324.17,329.44,319.56,328.21,2647232,AMZN
2014-09-25,327.99,328.54,321.4,321.93,2934944,AMZN
2014-09-26,320.6,323.5,317.64,323.21,3639155,AMZN
2014-09-29,320.5,323.75,319.0,321.82,1929589,AMZN
2014-09-30,321.36,323.43,318.51,322.44,2639967,AMZN
2014-10-01,322.04,322.165,315.55,317.46,3096735,AMZN
2014-10-02,316.92,318.53,311.31,318.41,3553944,AMZN
2014-10-03,320.36,325.16,319.53,322.74,3037891,AMZN
2014-10-06,323.5,324.13,319.6,322.2,2294194,AMZN
2014-10-07,319.43,322.0,316.67,316.98,2365698,AMZN
2014-10-08,316.58,324.11,314.14,322.7,3458960,AMZN
2014-10-09,321.49,322.271,314.52,315.37,3589464,AMZN
2014-10-10,314.02,317.77,311.38,311.39,3684314,AMZN
2014-10-13,309.87,313.2,303.47,306.45,4369850,AMZN
2014-10-14,308.0,312.24,305.75,308.31,3385809,AMZN
2014-10-15,304.35,307.9,299.102,305.97,5348254,AMZN
2014-10-16,293.83,306.82,293.83,302.86,4731866,AMZN
2014-10-17,307.15,309.2,302.72,303.64,4409218,AMZN
2014-10-20,302.95,306.53,302.02,306.21,3239490,AMZN
2014-10-21,309.9,315.64,307.07,315.33,3563351,AMZN
2014-10-22,315.43,318.98,312.64,312.97,3130049,AMZN
2014-10-23,313.4,316.8,311.4,313.18,9038193,AMZN
2014-10-24,284.4,293.81,284.0,287.06,19805911,AMZN
2014-10-27,285.7,290.42,285.02,289.97,5950594,AMZN
2014-10-28,289.76,298.0,289.76,295.59,5576646,AMZN
2014-10-29,299.11,299.61,293.0701,294.12,4883259,AMZN
2014-10-30,293.98,299.74,292.36,299.07,4055155,AMZN
2014-10-31,305.15,305.72,301.5,305.46,4551795,AMZN
2014-11-03,306.24,308.01,303.24,305.72,3244150,AMZN
2014-11-04,303.99,304.25,300.17,302.81,3427384,AMZN
2014-11-05,303.01,304.0,294.16,296.52,4674492,AMZN
2014-11-06,296.69,297.0,292.29,296.64,3758121,AMZN
2014-11-07,297.82,299.99,296.29,299.86,2647352,AMZN
2014-11-10,300.0,305.799,300.0,305.11,2809056,AMZN
2014-11-11,305.94,312.38,303.646,312.01,3807333,AMZN
2014-11-12,310.75,312.58,308.79,311.51,2182982,AMZN
2014-11-13,312.0,317.89,311.51,316.48,3686428,AMZN
2014-11-14,317.12,332.88,316.401,327.82,8877785,AMZN
2014-11-17,326.44,328.0,318.03,323.05,4784933,AMZN
2014-11-18,323.99,329.56,323.25,324.93,3551161,AMZN
2014-11-19,327.25,328.4,324.02,326.54,3281614,AMZN
2014-11-20,324.0,332.67,323.33,330.54,3436721,AMZN
2014-11-21,335.42,338.33,331.47,332.63,4466587,AMZN
2014-11-24,334.78,337.39,333.6,335.64,2754186,AMZN
2014-11-25,335.27,336.3325,331.28,335.04,2564989,AMZN
2014-11-26,333.78,334.65,331.75,333.57,1985949,AMZN
2014-11-28,336.03,341.26,336.03,338.64,3051798,AMZN
2014-12-01,338.12,340.64,325.93,326.0,4944861,AMZN
2014-12-02,327.5,327.93,323.25,326.31,2790257,AMZN
2014-12-03,325.73,326.77,314.36,316.5,5689904,AMZN
2014-12-04,315.53,318.59,313.47,316.93,3296642,AMZN
2014-12-05,316.8,316.93,310.84,312.63,3265214,AMZN
2014-12-08,311.57,316.56,304.821,306.64,3639180,AMZN
2014-12-09,302.99,313.639,301.14,312.5,4049506,AMZN
2014-12-10,312.0,313.19,304.68,305.84,3245890,AMZN
2014-12-11,307.89,312.64,306.01,307.36,3272919,AMZN
2014-12-12,303.99,310.6399,303.01,307.32,3162322,AMZN
2014-12-15,308.87,310.86,302.15,306.07,3841577,AMZN
2014-12-16,304.35,304.49,295.01,295.06,6501252,AMZN
2014-12-17,296.37,299.67,293.03,298.88,4433505,AMZN
2014-12-18,304.01,304.5,293.25,297.73,7738067,AMZN
2014-12-19,296.91,301.54,295.52,299.9,8709129,AMZN
2014-12-22,301.94,307.36,301.94,306.54,4003827,AMZN
2014-12-23,306.98,307.49,303.252,306.285,2718359,AMZN
2014-12-24,306.38,307.0,302.875,303.03,1518107,AMZN
2014-12-26,305.0,310.7799,303.81,309.09,2893801,AMZN
2014-12-29,307.85,314.27,306.58,312.04,3009046,AMZN
2014-12-30,309.91,313.94,309.34,310.3,2093023,AMZN
2014-12-31,311.55,312.98,310.01,310.35,2057766,AMZN
2015-01-02,312.58,314.75,306.9601,308.52,2788101,AMZN
2015-01-05,307.01,308.38,300.85,302.19,2774231,AMZN
2015-01-06,302.24,303.0,292.38,295.29,3519034,AMZN
2015-01-07,297.5,301.28,295.33,298.42,2640349,AMZN
2015-01-08,300.32,303.14,296.11,300.46,3088398,AMZN
2015-01-09,301.48,302.87,296.68,296.93,2592360,AMZN
2015-01-12,297.56,298.51,289.281,291.41,3421392,AMZN
2015-01-13,297.48,301.4976,293.23,294.74,4136442,AMZN
2015-01-14,291.93,295.91,286.503,293.27,5538666,AMZN
2015-01-15,294.0,295.9995,286.815,286.95,4419196,AMZN
2015-01-16,286.28,290.79,285.25,290.74,3478176,AMZN
2015-01-20,292.59,293.3599,286.39,289.44,3075081,AMZN
2015-01-21,289.64,306.0,287.26,297.25,10065076,AMZN
2015-01-22,300.0,312.25,300.0,310.32,5362640,AMZN
2015-01-23,308.08,316.93,307.72,312.39,4496419,AMZN
2015-01-26,311.82,313.0,307.5201,309.66,3169665,AMZN
2015-01-27,306.3,310.243,302.625,306.75,2920315,AMZN
2015-01-28,309.81,311.51,303.8,303.91,3063774,AMZN
2015-01-29,304.73,312.8,299.33,311.78,8656567,AMZN
2015-01-30,346.32,359.5,340.74,354.53,23856060,AMZN
2015-02-02,350.05,365.0,350.01,364.47,10231914,AMZN
2015-02-03,360.29,367.817,360.21,363.55,6212565,AMZN
2015-02-04,358.38,367.5,358.23,364.75,4169927,AMZN
2015-02-05,366.0,378.8,365.9,373.89,7247605,AMZN
2015-02-06,374.87,375.9899,371.01,374.28,3892382,AMZN
2015-02-09,371.0,374.41,367.2,370.56,2724630,AMZN
2015-02-10,371.19,374.3,368.51,372.995,2287232,AMZN
2015-02-11,371.23,377.1,371.1,375.14,2786523,AMZN
2015-02-12,375.1,378.51,373.15,377.17,2791050,AMZN
2015-02-13,378.41,383.0,377.01,381.83,3475069,AMZN
2015-02-17,377.72,379.985,372.67,375.43,3673208,AMZN
2015-02-18,373.78,376.74,372.85,373.37,2650610,AMZN
2015-02-19,373.49,381.88,373.43,378.995,2953752,AMZN
2015-02-20,378.62,383.7,375.84,383.66,3258023,AMZN
2015-02-23,383.44,384.54,378.0,380.14,2176989,AMZN
2015-02-24,378.65,380.48,376.16,378.59,1921850,AMZN
2015-02-25,377.27,387.85,376.54,385.37,3174495,AMZN
2015-02-26,384.07,389.37,383.28,384.8,2687107,AMZN
2015-02-27,384.0,385.99,379.79,380.16,2532309,AMZN
2015-03-02,380.85,385.9,379.481,385.655,2139205,AMZN
2015-03-03,383.95,386.1,381.601,384.61,1946498,AMZN
2015-03-04,385.71,387.9,382.19,382.72,2259141,AMZN
2015-03-05,385.61,388.4182,383.89,387.83,2693518,AMZN
2015-03-06,385.52,387.0,378.88,380.09,2627042,AMZN
2015-03-09,378.4,379.33,375.28,378.56,2311390,AMZN
2015-03-10,377.45,377.77,369.18,369.51,3120972,AMZN
2015-03-11,370.61,373.35,366.26,366.37,2495097,AMZN
2015-03-12,368.82,375.5,367.52,374.24,2810001,AMZN
2015-03-13,371.52,373.99,366.68,370.58,2611658,AMZN
2015-03-16,370.38,373.94,366.72,373.35,2354059,AMZN
2015-03-17,371.11,374.5,369.64,371.92,2036961,AMZN
2015-03-18,369.97,375.99,366.7,375.135,2654135,AMZN
2015-03-19,373.87,377.11,372.19,373.24,1915671,AMZN
2015-03-20,376.29,379.37,375.92,378.49,3763553,AMZN
2015-03-23,378.07,381.77,374.94,375.11,2239343,AMZN
2015-03-24,373.99,375.24,372.27,374.09,2228214,AMZN
2015-03-25,375.17,380.5,370.285,370.96,3429497,AMZN
2015-03-26,369.59,371.4,365.65,367.35,2929962,AMZN
2015-03-27,367.11,373.17,366.5734,370.56,2609774,AMZN
2015-03-30,371.87,376.12,371.55,374.59,1820933,AMZN
2015-03-31,373.24,377.7,371.51,372.1,2506122,AMZN
2015-04-01,372.1,373.16,368.34,370.255,2458095,AMZN
2015-04-02,370.5,373.28,369.0,372.25,1875279,AMZN
2015-04-06,370.1,380.2,369.36,377.04,3050709,AMZN
2015-04-07,376.15,379.31,374.03,374.41,1954902,AMZN
2015-04-08,374.66,381.58,374.65,381.2,2636434,AMZN
2015-04-09,380.66,384.42,378.795,383.54,2392328,AMZN
2015-04-10,384.31,387.12,381.3151,382.65,2573519,AMZN
2015-04-13,383.53,385.28,380.14,382.36,1894453,AMZN
2015-04-14,383.51,387.81,381.2101,385.11,2583575,AMZN
2015-04-15,384.65,385.78,381.64,383.45,1933229,AMZN
2015-04-16,383.69,387.45,383.55,386.04,2080418,AMZN
2015-04-17,382.63,383.56,374.4,375.56,3839664,AMZN
2015-04-20,378.55,391.94,377.0,389.51,5016148,AMZN
2015-04-21,391.31,394.6,386.8,391.18,4643524,AMZN
2015-04-22,391.91,394.28,388.0,389.8,3474724,AMZN
2015-04-23,390.21,391.88,386.15,389.99,7979985,AMZN
2015-04-24,439.0,452.65,439.0,445.1,17176904,AMZN
2015-04-27,443.86,446.99,437.41,438.56,5430949,AMZN
2015-04-28,438.51,439.0,428.04,429.31,4140483,AMZN
2015-04-29,426.75,434.24,426.03,429.37,3621688,AMZN
2015-04-30,427.11,431.75,419.24,421.78,3647877,AMZN
2015-05-01,423.82,425.64,416.0,422.87,3565824,AMZN
2015-05-04,424.8,429.77,422.42,423.04,2270448,AMZN
2015-05-05,422.85,427.51,421.02,421.19,2856386,AMZN
2015-05-06,421.43,422.7165,414.55,419.1,2552474,AMZN
2015-05-07,424.15,428.5,422.85,426.88,2766132,AMZN
2015-05-08,430.75,435.2,430.174,433.69,2908838,AMZN
2015-05-11,432.51,439.0,431.37,432.85,2393737,AMZN
2015-05-12,431.08,433.25,426.71,431.02,1947822,AMZN
2015-05-13,429.98,433.528,425.8,426.87,1996328,AMZN
2015-05-14,429.45,433.0,427.01,432.28,1888477,AMZN
2015-05-15,428.0,430.3962,424.3,426.0,4240306,AMZN
2015-05-18,426.0,427.27,421.46,425.24,2390229,AMZN
2015-05-19,424.87,428.24,420.63,421.71,2465240,AMZN
2015-05-20,420.6,427.1,418.36,423.86,2196159,AMZN
2015-05-21,428.0,436.9,428.0,431.63,4121401,AMZN
2015-05-22,431.55,432.44,427.61,427.63,2020629,AMZN
2015-05-26,426.2,427.0,422.0,425.47,2244185,AMZN
2015-05-27,427.45,431.85,425.01,431.42,2231088,AMZN
2015-05-28,429.71,431.35,425.47,426.57,1912436,AMZN
2015-05-29,427.23,432.5,427.23,429.23,3016060,AMZN
2015-06-01,430.4,433.16,426.2,430.92,2253264,AMZN
2015-06-02,430.07,433.23,426.25,430.99,1669845,AMZN
2015-06-03,434.4,438.39,432.75,436.59,2727914,AMZN
2015-06-04,434.4,436.755,429.26,430.78,2510761,AMZN
2015-06-05,429.66,430.8,426.5,426.95,1907855,AMZN
2015-06-08,425.62,426.8,421.425,423.5,2172525,AMZN
2015-06-09,422.96,427.49,419.14,425.48,2288663,AMZN
2015-06-10,426.46,432.2,425.66,430.77,2172333,AMZN
2015-06-11,432.29,438.89,431.47,432.97,2922459,AMZN
2015-06-12,431.25,432.36,428.26,429.92,2054385,AMZN
2015-06-15,427.66,428.05,422.64,423.67,2050987,AMZN
2015-06-16,424.15,427.97,422.67,427.26,2297469,AMZN
2015-06-17,428.36,431.35,424.753,427.81,2185869,AMZN
2015-06-18,430.3,439.73,429.405,439.39,3378360,AMZN
2015-06-19,440.26,444.99,433.24,434.92,4495087,AMZN
2015-06-22,437.0,439.24,434.18,436.29,1823572,AMZN
2015-06-23,435.59,447.04,433.69,445.99,3245049,AMZN
2015-06-24,444.97,446.47,440.23,440.84,2620827,AMZN
2015-06-25,438.07,443.47,436.39,440.1,2237458,AMZN
2015-06-26,441.76,443.49,435.06,438.1,2624479,AMZN
2015-06-29,434.98,437.0,429.0,429.86,2753193,AMZN
2015-06-30,434.2,435.57,430.46,434.09,2596873,AMZN
2015-07-01,439.35,440.0,435.58,437.39,1987076,AMZN
2015-07-02,437.0,438.2,433.48,437.71,1343397,AMZN
2015-07-06,435.23,439.73,433.52,436.04,1903161,AMZN
2015-07-07,435.68,437.73,425.57,436.72,3454248,AMZN
2015-07-08,434.35,435.99,428.83,429.7,2383130,AMZN
2015-07-09,434.9,438.72,434.15,434.39,2271395,AMZN
2015-07-10,440.49,444.72,439.0,443.51,2400981,AMZN
2015-07-13,448.29,457.87,447.54,455.57,3956802,AMZN
2015-07-14,462.32,469.6,458.16,465.57,4736215,AMZN
2015-07-15,463.04,464.7,460.2,461.19,2987399,AMZN
2015-07-16,465.5,475.88,464.8,475.48,4095581,AMZN
2015-07-17,477.7,485.42,477.25,483.01,4932176,AMZN
2015-07-20,492.57,493.2,485.4,488.1,4752491,AMZN
2015-07-21,487.9,488.88,482.55,488.0,3181831,AMZN
2015-07-22,485.99,492.5,484.9,488.27,3114898,AMZN
2015-07-23,491.66,491.66,475.7,482.18,9374431,AMZN
2015-07-24,578.99,580.57,529.35,529.42,21909381,AMZN
2015-07-27,527.75,544.95,526.6,531.41,7490960,AMZN
2015-07-28,536.0,536.39,523.12,526.03,5273092,AMZN
2015-07-29,530.92,532.9655,525.02,529.0,3752634,AMZN
2015-07-30,527.65,539.2,524.29,536.76,3743065,AMZN
2015-07-31,539.09,542.84,534.5201,536.15,3025598,AMZN
2015-08-03,537.45,540.44,529.36,535.03,3014236,AMZN
2015-08-04,529.69,536.95,529.163,531.9,2934590,AMZN
2015-08-05,538.8,539.14,534.119,537.01,2889350,AMZN
2015-08-06,539.3,542.74,527.52,529.46,3820453,AMZN
2015-08-07,529.16,529.4599,518.21,522.62,3969215,AMZN
2015-08-10,528.52,532.2764,523.0,524.0,2615926,AMZN
2015-08-11,523.65,528.98,522.0,527.46,2676600,AMZN
2015-08-12,523.75,527.5,513.06,525.91,4014684,AMZN
2015-08-13,527.37,534.66,525.4846,529.66,2895238,AMZN
2015-08-14,528.25,534.11,528.25,531.52,1994799,AMZN
2015-08-17,531.29,538.74,527.12,535.22,2581680,AMZN
2015-08-18,535.04,539.49,533.0,535.02,2071342,AMZN
2015-08-19,533.74,537.25,529.0,532.92,2324040,AMZN
2015-08-20,530.39,533.25,515.77,515.78,4407990,AMZN
2015-08-21,507.36,512.33,494.47,494.47,6706466,AMZN
2015-08-24,463.58,489.76,451.0,463.37,10097601,AMZN
2015-08-25,487.49,489.44,466.25,466.37,5679329,AMZN
2015-08-26,484.02,503.72,478.76,500.77,6358639,AMZN
2015-08-27,514.03,522.69,507.261,518.37,6114506,AMZN
2015-08-28,517.5,521.5,513.04,518.01,2746708,AMZN
2015-08-31,516.44,519.41,509.07,512.89,3002293,AMZN
2015-09-01,499.14,510.0,493.43,496.54,3864514,AMZN
2015-09-02,505.09,510.86,497.72,510.55,3707116,AMZN
2015-09-03,514.5,515.84,502.57,504.72,3149694,AMZN
2015-09-04,497.65,502.85,495.64,499.0,2692510,AMZN
2015-09-08,508.69,518.35,508.5144,517.54,3810653,AMZN
2015-09-09,524.0,529.95,515.06,516.89,4370657,AMZN
2015-09-10,515.15,526.13,514.78,522.24,2575982,AMZN
2015-09-11,521.07,529.44,520.605,529.44,3227862,AMZN
2015-09-14,529.44,532.45,518.58,521.38,3130241,AMZN
2015-09-15,523.25,527.92,517.2,522.37,2865933,AMZN
2015-09-16,521.98,528.3,518.52,527.39,2252790,AMZN
2015-09-17,526.98,546.97,526.57,538.87,4169484,AMZN
2015-09-18,534.62,546.237,531.35,540.26,6160075,AMZN
2015-09-21,544.33,549.78,539.59,548.39,3283313,AMZN
2015-09-22,539.71,543.55,532.66,538.4,3841748,AMZN
2015-09-23,538.3,541.21,534.0,536.07,2237571,AMZN
2015-09-24,530.55,534.56,522.87,533.75,3500964,AMZN
2015-09-25,542.57,542.8,521.4,524.25,4030998,AMZN
2015-09-28,520.02,520.28,494.3337,504.06,5434532,AMZN
2015-09-29,506.0,511.48,490.5,496.07,4457532,AMZN
2015-09-30,505.44,512.8,501.6724,511.89,4004681,AMZN
2015-10-01,511.0,520.8,506.0,520.72,3768483,AMZN
2015-10-02,512.99,532.6,508.1,532.54,4597795,AMZN
2015-10-05,536.99,545.91,536.0,543.68,3391359,AMZN
2015-10-06,545.5,551.5,533.33,537.48,4547519,AMZN
2015-10-07,541.79,542.0,529.0,541.94,3812087,AMZN
2015-10-08,536.71,539.386,519.89,533.16,4676440,AMZN
2015-10-09,534.48,541.79,530.27,539.8,3537364,AMZN
2015-10-12,539.96,550.82,539.8,550.19,2776103,AMZN
2015-10-13,546.26,553.2,543.1,548.9,2938044,AMZN
2015-10-14,551.34,552.25,539.68,544.83,3582060,AMZN
2015-10-15,547.75,563.0,547.0,562.44,4937034,AMZN
2015-10-16,565.27,570.94,560.31,570.76,4315792,AMZN
2015-10-19,570.76,579.0,567.38,573.15,4375420,AMZN
2015-10-20,572.0,573.0,555.28,560.88,4346209,AMZN
2015-10-21,563.87,565.25,552.52,555.77,3361655,AMZN
2015-10-22,562.7,569.146,556.67,563.91,7779372,AMZN
2015-10-23,617.68,619.45,595.36,599.03,10692667,AMZN
2015-10-26,602.3,609.85,596.29,608.61,4269715,AMZN
2015-10-27,608.6,614.71,605.53,611.01,3787136,AMZN
2015-10-28,612.3,617.23,609.5,617.1,3926200,AMZN
2015-10-29,617.7,627.54,615.39,626.55,3896026,AMZN
2015-10-30,626.01,630.72,625.28,625.9,3874363,AMZN
2015-11-02,627.13,628.63,620.41,628.35,2816479,AMZN
2015-11-03,629.53,629.89,622.0,625.31,3246910,AMZN
2015-11-04,627.76,645.93,627.35,640.95,4840501,AMZN
2015-11-05,647.1,657.0,643.0901,655.65,4723825,AMZN
2015-11-06,655.0,662.26,652.0,659.37,4092165,AMZN
2015-11-09,658.65,661.955,647.8477,655.49,4048823,AMZN
2015-11-10,651.01,660.0,647.262,659.68,3489483,AMZN
2015-11-11,663.25,675.96,663.25,673.25,5387309,AMZN
2015-11-12,673.0,675.64,664.22,665.6,4284678,AMZN
2015-11-13,663.57,667.0,640.45,642.35,6261076,AMZN
2015-11-16,640.92,649.99,622.29,647.81,7435934,AMZN
2015-11-17,650.65,653.25,641.0,643.3,4320177,AMZN
2015-11-18,646.51,664.88,646.37,663.54,4469769,AMZN
2015-11-19,664.99,672.86,659.0,661.27,4705237,AMZN
2015-11-20,667.94,668.87,657.57,668.45,3896135,AMZN
2015-11-23,671.5,682.77,668.45,678.99,4385057,AMZN
2015-11-24,674.14,675.8,661.2125,671.15,4543417,AMZN
2015-11-25,675.0,679.7,671.24,675.34,2697889,AMZN
2015-11-27,680.8,680.99,672.1,673.26,1966801,AMZN
2015-11-30,675.9,681.29,664.6,664.8,5693172,AMZN
2015-12-01,673.75,681.0,667.86,679.06,4751152,AMZN
2015-12-02,681.0,684.82,674.25,676.01,4273526,AMZN
2015-12-03,679.44,682.79,661.48,666.25,5064736,AMZN
2015-12-04,666.0,674.775,661.4,672.64,4534796,AMZN
2015-12-07,674.74,675.46,660.5,669.83,3732814,AMZN
2015-12-08,663.13,679.99,659.79,677.33,3651908,AMZN
2015-12-09,678.0,679.0,655.68,664.79,5158172,AMZN
2015-12-10,665.59,668.526,659.56,662.32,3455472,AMZN
2015-12-11,651.23,657.88,639.62,640.15,5474420,AMZN
2015-12-14,641.75,658.585,635.27,657.91,4361273,AMZN
2015-12-15,665.03,671.5,657.35,658.64,4753415,AMZN
2015-12-16,663.56,677.35,659.32,675.77,3964470,AMZN
2015-12-17,680.0,682.5,670.65,670.65,3681645,AMZN
2015-12-18,668.65,676.84,664.13,664.14,6841304,AMZN
2015-12-21,668.5,669.9,658.93,664.51,3250900,AMZN
2015-12-22,666.83,668.49,659.26,663.15,2667795,AMZN
2015-12-23,666.5,666.597,656.63,663.7,2722922,AMZN
2015-12-24,663.35,664.68,660.6,662.79,1092970,AMZN
2015-12-28,665.56,675.5,665.5,675.2,3783555,AMZN
2015-12-29,677.98,696.44,677.8893,693.97,5734996,AMZN
2015-12-30,691.89,695.49,686.375,689.07,3519003,AMZN
2015-12-31,686.08,687.75,675.89,675.89,3749560,AMZN
2016-01-04,656.29,657.715,627.51,636.99,9314519,AMZN
2016-01-05,646.86,646.91,627.65,633.79,5822603,AMZN
2016-01-06,622.0,639.79,620.31,632.65,5329197,AMZN
2016-01-07,621.8,630.0,605.21,607.94,7074915,AMZN
2016-01-08,619.66,624.14,606.0,607.05,5512915,AMZN
2016-01-11,612.48,619.85,598.57,617.74,4891551,AMZN
2016-01-12,625.25,625.99,612.2415,617.89,4724100,AMZN
2016-01-13,620.88,620.88,579.16,581.81,7655239,AMZN
2016-01-14,580.25,602.25,569.88,593.0,7237978,AMZN
2016-01-15,572.24,584.62,565.3,570.18,7784523,AMZN
2016-01-19,577.09,584.0,566.45,574.48,4807165,AMZN
2016-01-20,564.36,578.45,547.18,571.77,7966406,AMZN
2016-01-21,573.58,588.81,568.22,575.02,4952217,AMZN
2016-01-22,588.73,600.1,584.1079,596.38,5120144,AMZN
2016-01-25,597.99,608.5,594.56,596.53,4396079,AMZN
2016-01-26,603.45,604.5,590.38,601.25,3765655,AMZN
2016-01-27,601.99,603.39,578.78,583.35,5152853,AMZN
2016-01-28,608.37,638.06,597.55,635.35,14015171,AMZN
2016-01-29,571.98,593.0,570.0,587.0,14677550,AMZN
2016-02-01,578.15,581.8,570.31,574.81,6355123,AMZN
2016-02-02,570.0,571.56,550.09,552.1,6312045,AMZN
2016-02-03,553.5,556.0,521.9,531.07,10048709,AMZN
2016-02-04,525.0,538.99,519.2201,536.26,6199070,AMZN
2016-02-05,529.28,529.45,499.19,502.13,9708929,AMZN
2016-02-08,486.47,493.5,475.21,488.1,9825509,AMZN
2016-02-09,478.01,498.38,474.0,482.07,7077915,AMZN
2016-02-10,491.76,504.66,486.0,490.48,6786181,AMZN
2016-02-11,491.17,509.3,484.0,503.82,7397393,AMZN
2016-02-12,510.7,516.75,501.4932,507.08,5384787,AMZN
2016-02-16,519.48,524.45,511.66,521.1,5118500,AMZN
2016-02-17,528.74,537.48,519.39,534.1,4824002,AMZN
2016-02-18,541.19,541.2,523.73,525.0,4735008,AMZN
2016-02-19,520.71,535.95,515.35,534.9,4974717,AMZN
2016-02-22,542.2,560.65,541.08,559.5,5566553,AMZN
2016-02-23,555.55,556.91,545.33,552.94,4050790,AMZN
2016-02-24,545.75,554.27,533.1501,554.04,6231668,AMZN
2016-02-25,555.52,559.39,545.2946,555.15,4525463,AMZN
2016-02-26,560.12,562.5,553.17,555.23,4877039,AMZN
2016-02-29,554.0,564.81,552.51,552.52,4145396,AMZN
2016-03-01,556.29,579.25,556.0,579.04,5038452,AMZN
2016-03-02,581.75,585.0,573.7,580.21,4582170,AMZN
2016-03-03,577.96,579.866,573.11,577.49,2741292,AMZN
2016-03-04,581.07,581.4,571.065,575.14,3416545,AMZN
2016-03-07,573.54,573.63,555.55,562.8,4932527,AMZN
2016-03-08,557.87,571.35,554.74,560.26,4729952,AMZN
2016-03-09,559.56,560.35,550.125,559.47,4377283,AMZN
2016-03-10,566.74,567.0,547.9,558.93,3919892,AMZN
2016-03-11,566.95,570.06,562.73,569.61,3771310,AMZN
2016-03-14,567.0,576.89,563.05,573.37,3454152,AMZN
2016-03-15,571.0,581.52,567.0,577.02,3876821,AMZN
2016-03-16,576.64,581.32,571.14,574.27,3537669,AMZN
2016-03-17,569.51,571.4,555.01,559.44,5928105,AMZN
2016-03-18,560.94,562.33,546.09,552.08,7296885,AMZN
2016-03-21,548.91,555.24,538.58,553.98,5155732,AMZN
2016-03-22,545.11,562.76,545.05,560.48,4000564,AMZN
2016-03-23,561.0,572.48,558.1,569.63,3983720,AMZN
2016-03-24,567.11,583.55,567.08,582.95,5185539,AMZN
2016-03-28,584.4,584.75,575.56,579.87,3121522,AMZN
2016-03-29,580.15,595.85,576.5,593.86,4392567,AMZN
2016-03-30,596.71,603.24,595.0,598.69,3890461,AMZN
2016-03-31,599.28,600.75,592.21,593.64,2681811,AMZN
2016-04-01,590.49,599.03,588.3,598.5,2917386,AMZN
2016-04-04,599.0,599.5,590.55,593.19,2470825,AMZN
2016-04-05,590.77,593.47,585.25,586.14,2308884,AMZN
2016-04-06,587.52,602.39,587.5,602.08,2849909,AMZN
2016-04-07,598.76,599.6,589.08,591.43,3189037,AMZN
2016-04-08,594.32,597.86,589.0,594.6,2591936,AMZN
2016-04-11,596.14,604.0,594.91,595.93,2704267,AMZN
2016-04-12,598.4,604.06,592.31,603.17,2641062,AMZN
2016-04-13,607.68,616.81,605.29,614.82,4228349,AMZN
2016-04-14,615.07,624.38,615.07,620.75,3512136,AMZN
2016-04-15,621.92,626.77,618.11,625.89,2887681,AMZN
2016-04-18,625.35,637.64,624.9603,635.35,4360883,AMZN
2016-04-19,637.14,638.01,620.8,627.9,4055870,AMZN
2016-04-20,630.0,636.55,623.0,632.99,2609425,AMZN
2016-04-21,631.0,637.82,628.5,631.0,2596298,AMZN
2016-04-22,624.47,628.25,611.56,620.5,5083904,AMZN
2016-04-25,616.61,626.98,616.2511,626.2,2682924,AMZN
2016-04-26,626.17,626.7549,614.88,616.88,2521433,AMZN
2016-04-27,611.8,615.95,601.28,606.57,4068767,AMZN
2016-04-28,615.54,626.8,599.2,602.0,7872605,AMZN
2016-04-29,666.0,669.98,654.0,659.59,10310739,AMZN
2016-05-02,663.92,685.5,662.0251,683.85,6578517,AMZN
2016-05-03,677.36,680.3,670.43,671.32,4923351,AMZN
2016-05-04,662.59,674.0,662.14,670.9,4635462,AMZN
2016-05-05,673.31,676.49,656.0,659.09,4884114,AMZN
2016-05-06,656.05,676.95,656.01,673.95,4365345,AMZN
2016-05-09,673.95,686.98,671.41,679.75,3982161,AMZN
2016-05-10,694.0,704.55,693.5,703.07,6105570,AMZN
2016-05-11,705.79,719.0,701.65,713.23,7338196,AMZN
2016-05-12,717.38,722.45,711.51,717.93,5048150,AMZN
2016-05-13,714.64,719.25,706.51,709.92,4763419,AMZN
2016-05-16,710.13,713.25,700.28,710.66,5432920,AMZN
2016-05-17,709.9,714.47,693.91,695.27,5121357,AMZN
2016-05-18,689.56,702.5399,688.76,697.45,4283189,AMZN
2016-05-19,691.88,699.4,689.56,698.52,3025566,AMZN
2016-05-20,701.05,707.24,700.0,702.8,2916165,AMZN
2016-05-23,704.25,706.0,696.42,696.75,2595082,AMZN
2016-05-24,698.01,707.5,698.0,704.2,3033782,AMZN
2016-05-25,708.0,710.86,705.5159,708.35,3276631,AMZN
2016-05-26,708.33,715.0,707.293,714.91,2446681,AMZN
2016-05-27,715.0,716.6,711.1,712.24,2249164,AMZN
2016-05-31,712.33,724.23,711.32,722.79,3618323,AMZN
2016-06-01,720.9,726.43,718.22,719.44,3263107,AMZN
2016-06-02,720.97,728.28,715.5001,728.24,3026583,AMZN
2016-06-03,726.74,727.0,718.43,725.54,3367306,AMZN
2016-06-06,726.5,731.5,724.42,726.73,2704806,AMZN
2016-06-07,729.89,730.0,720.55,723.74,2732463,AMZN
2016-06-08,726.4,729.42,721.6,726.64,2223366,AMZN
2016-06-09,723.1,728.91,722.3,727.65,2170318,AMZN
2016-06-10,722.35,724.98,714.21,717.91,3425718,AMZN
2016-06-13,714.01,721.99,711.16,715.24,3352201,AMZN
2016-06-14,712.33,720.805,712.27,719.3,2506922,AMZN
2016-06-15,722.0,722.56,713.3522,714.26,2709447,AMZN
2016-06-16,712.05,718.0,705.3,717.51,3097961,AMZN
2016-06-17,718.19,718.2,699.18,706.39,5897788,AMZN
2016-06-20,713.5,721.31,710.81,714.01,3677162,AMZN
2016-06-21,715.72,718.4,712.721,715.82,2137534,AMZN
2016-06-22,716.58,717.0,707.565,710.6,2260454,AMZN
2016-06-23,715.5,722.12,712.5,722.08,2824974,AMZN
2016-06-24,693.0,712.5292,692.2,698.96,7632511,AMZN
2016-06-27,692.01,696.8189,682.115,691.36,5584037,AMZN
2016-06-28,700.0,708.0,698.1714,707.95,4036957,AMZN
2016-06-29,715.75,719.5,713.54,715.6,3070052,AMZN
2016-06-30,717.2,719.37,712.54,715.62,2855142,AMZN
2016-07-01,717.32,728.0,716.54,725.68,2920423,AMZN
2016-07-05,722.8,728.11,719.61,728.1,2431431,AMZN
2016-07-06,725.71,737.77,722.58,737.61,3938249,AMZN
2016-07-07,739.33,739.55,731.63,736.57,2945783,AMZN
2016-07-08,740.14,746.1,738.0,745.81,3429217,AMZN
2016-07-11,750.0,755.9,747.0,753.78,3195272,AMZN
2016-07-12,756.86,757.34,740.33,748.21,5623657,AMZN
2016-07-13,746.76,756.87,741.25,742.63,4142265,AMZN
2016-07-14,748.86,749.04,739.02,741.2,2390472,AMZN
2016-07-15,746.55,746.55,734.05,735.44,3121385,AMZN
2016-07-18,735.49,741.5954,728.72,736.07,2954914,AMZN
2016-07-19,732.5,743.33,732.31,739.95,2216820,AMZN
2016-07-20,744.0,746.25,740.7,745.72,2214023,AMZN
2016-07-21,747.5,749.36,742.7918,744.43,2317072,AMZN
2016-07-22,747.79,751.28,743.53,744.86,2277711,AMZN
2016-07-25,746.55,748.5,735.35,739.61,2679290,AMZN
2016-07-26,742.71,743.13,732.7525,735.59,2529692,AMZN
2016-07-27,737.97,740.94,733.86,736.67,2913134,AMZN
2016-07-28,745.98,753.36,739.7,752.61,7617580,AMZN
2016-07-29,765.0,766.0,755.0,758.81,6777050,AMZN
2016-08-01,759.87,770.5,757.06,767.74,3578205,AMZN
2016-08-02,763.81,765.01,757.02,760.58,3603280,AMZN
2016-08-03,757.06,758.89,752.25,754.64,3581525,AMZN
2016-08-04,753.7,765.0,750.35,760.77,3178208,AMZN
2016-08-05,764.81,768.47,763.09,765.98,2704391,AMZN
2016-08-08,766.81,767.0,761.015,766.56,1986272,AMZN
2016-08-09,767.39,772.6,766.9,768.31,1876091,AMZN
2016-08-10,769.8,772.1,766.19,768.56,1604280,AMZN
2016-08-11,769.94,773.75,769.12,771.24,2019740,AMZN
2016-08-12,768.46,773.15,768.4225,772.56,1563318,AMZN
2016-08-15,771.9,772.04,767.71,768.49,2118521,AMZN
2016-08-16,768.62,768.7317,763.82,764.04,1604561,AMZN
2016-08-17,764.41,765.22,759.199,764.63,1891116,AMZN
2016-08-18,764.0,765.17,760.6,764.46,1458834,AMZN
2016-08-19,761.9,762.49,756.89,757.31,2343237,AMZN
2016-08-22,757.5,759.85,752.1,759.48,1679251,AMZN
2016-08-23,763.31,764.7,761.0,762.45,1524131,AMZN
2016-08-24,763.0,763.41,755.36,757.25,1744107,AMZN
2016-08-25,756.0,760.56,754.741,759.22,1622992,AMZN
2016-08-26,760.05,770.0,759.795,769.0,2776830,AMZN
2016-08-29,768.72,774.98,768.6,771.29,2198560,AMZN
2016-08-30,771.05,771.8358,765.56,767.58,1709158,AMZN
2016-08-31,766.6,769.64,764.0,769.16,1633789,AMZN
2016-09-01,770.9,772.04,766.75,770.62,1792271,AMZN
2016-09-02,774.11,776.0,771.7,772.44,2181792,AMZN
2016-09-06,774.04,789.48,770.22,788.87,3719788,AMZN
2016-09-07,789.53,790.79,784.33,784.48,2424622,AMZN
2016-09-08,783.89,786.5,781.44,784.06,2030511,AMZN
2016-09-09,779.36,781.0,760.11,760.14,4257344,AMZN
2016-09-12,757.35,772.66,756.0,771.49,3124704,AMZN
2016-09-13,768.77,769.89,759.05,761.01,3117224,AMZN
2016-09-14,762.2,767.5,758.85,761.09,2531822,AMZN
2016-09-15,762.0,770.87,757.58,769.69,3043534,AMZN
2016-09-16,773.28,780.46,771.66,778.52,5499182,AMZN
2016-09-19,779.97,781.94,771.0,775.1,2297221,AMZN
2016-09-20,776.0,781.37,776.0,780.22,1937164,AMZN
2016-09-21,783.25,790.69,779.01,789.74,2718644,AMZN
2016-09-22,794.27,805.889,794.27,804.7,4078910,AMZN
2016-09-23,803.13,807.75,802.12,805.75,2353511,AMZN
2016-09-26,801.8,805.93,797.145,799.16,2651397,AMZN
2016-09-27,801.85,816.64,801.11,816.11,3819600,AMZN
2016-09-28,818.0,830.14,817.0337,828.72,4422078,AMZN
2016-09-29,828.26,837.5,824.63,829.05,4922248,AMZN
2016-09-30,832.61,839.95,832.4,837.31,4430566,AMZN
2016-10-03,836.0,839.86,831.25,836.74,2769448,AMZN
2016-10-04,840.91,842.365,830.26,834.03,2950314,AMZN
2016-10-05,838.0,845.67,836.12,844.36,3469055,AMZN
2016-10-06,843.7,847.21,840.6,841.66,2684013,AMZN
2016-10-07,845.79,845.95,837.45,839.43,2426228,AMZN
2016-10-10,843.25,845.2,840.27,841.71,1827143,AMZN
2016-10-11,841.02,841.29,828.35,831.0,3588180,AMZN
2016-10-12,834.0,837.666,830.1,834.09,2380416,AMZN
2016-10-13,829.0,831.8,821.21,829.28,3091387,AMZN
2016-10-14,835.08,835.74,822.96,822.96,2999814,AMZN
2016-10-17,821.5,822.0,811.68,812.95,3361492,AMZN
2016-10-18,822.11,823.26,815.02,817.65,2512504,AMZN
2016-10-19,820.4,820.67,815.17,817.69,2090706,AMZN
2016-10-20,813.99,815.71,803.1,810.32,3151954,AMZN
2016-10-21,809.36,819.42,809.0,818.99,2793015,AMZN
2016-10-24,824.95,838.3,822.21,838.09,4060899,AMZN
2016-10-25,839.3,843.09,833.22,835.18,3248358,AMZN
2016-10-26,832.76,833.44,820.0,822.59,3998102,AMZN
2016-10-27,831.24,831.72,815.43,818.36,7406385,AMZN
2016-10-28,782.0,789.49,774.61,776.32,10841073,AMZN
2016-10-31,781.03,793.7,780.11,789.82,5413326,AMZN
2016-11-01,799.0,800.84,776.713,785.41,5305428,AMZN
2016-11-02,783.93,784.75,763.55,765.56,5026504,AMZN
2016-11-03,765.05,777.0,764.0,767.03,3872496,AMZN
2016-11-04,762.79,766.0,753.2301,755.05,5122103,AMZN
2016-11-07,771.64,787.732,770.94,784.93,5984354,AMZN
2016-11-08,784.97,791.7399,779.1,787.75,3412629,AMZN
2016-11-09,764.0,777.5,760.09,771.88,8562892,AMZN
2016-11-10,778.81,778.83,717.7,742.38,12746994,AMZN
2016-11-11,735.73,743.26,728.9,739.01,6622784,AMZN
2016-11-14,745.51,746.0,710.1,719.07,7321344,AMZN
2016-11-15,730.0,746.78,725.99,743.24,6755785,AMZN
2016-11-16,739.88,749.87,735.61,746.49,3648791,AMZN
2016-11-17,749.32,757.5,748.0,756.4,3690112,AMZN
2016-11-18,761.0,767.74,757.6435,760.16,4373408,AMZN
2016-11-21,766.0,780.35,765.11,780.0,4614574,AMZN
2016-11-22,788.17,792.4,781.0,785.33,5311320,AMZN
2016-11-23,781.73,781.75,773.12,780.12,3540263,AMZN
2016-11-25,786.5,786.75,777.9,780.37,1837068,AMZN
2016-11-28,776.99,777.0,764.24,766.77,4438828,AMZN
2016-11-29,768.0,769.89,761.32,762.52,3272344,AMZN
2016-11-30,762.0,768.09,750.25,750.57,4625946,AMZN
2016-12-01,752.41,753.37,738.03,743.65,4665993,AMZN
2016-12-02,743.4,748.4903,736.7,740.34,3561307,AMZN
2016-12-05,745.0,761.49,742.0,759.36,4314723,AMZN
2016-12-06,763.99,768.24,757.25,764.72,3794746,AMZN
2016-12-07,764.55,770.42,755.82,770.42,3684906,AMZN
2016-12-08,771.87,773.79,765.19,767.33,3189608,AMZN
2016-12-09,770.0,770.25,765.34,768.66,2470923,AMZN
2016-12-12,766.4,766.89,757.2,760.12,2963945,AMZN
2016-12-13,764.96,782.46,762.0,774.34,5285288,AMZN
2016-12-14,778.25,780.86,762.81,768.82,5454836,AMZN
2016-12-15,766.28,769.1,760.31,761.0,3801927,AMZN
2016-12-16,765.0,765.13,754.0,757.77,4848219,AMZN
2016-12-19,758.89,770.5,756.16,766.0,3113240,AMZN
2016-12-20,768.65,774.39,767.71,771.22,2703629,AMZN
2016-12-21,770.0,771.22,765.7,770.6,2044629,AMZN
2016-12-22,768.12,771.21,763.02,766.34,2543551,AMZN
2016-12-23,764.55,766.5,757.99,760.59,1981616,AMZN
2016-12-27,763.4,774.65,761.2,771.4,2638725,AMZN
2016-12-28,776.25,780.0,770.5,772.13,3301025,AMZN
2016-12-29,772.4,773.4,760.85,765.15,3158299,AMZN
2016-12-30,766.47,767.3999,748.28,749.87,4139449,AMZN
2017-01-03,757.92,758.7595,747.7,753.67,3521066,AMZN
2017-01-04,758.39,759.68,754.2,757.18,2510526,AMZN
2017-01-05,761.55,782.3999,760.2557,780.45,5830068,AMZN
2017-01-06,782.36,799.44,778.48,795.99,5986234,AMZN
2017-01-09,798.0,801.7742,791.77,796.92,3446109,AMZN
2017-01-10,796.6,798.0,789.5434,795.9,2558369,AMZN
2017-01-11,793.66,799.5,789.51,799.02,2992791,AMZN
2017-01-12,800.31,814.13,799.5,813.64,4873922,AMZN
2017-01-13,814.32,821.65,811.4,817.14,3791945,AMZN
2017-01-17,815.7,816.0,803.44,809.72,3670529,AMZN
2017-01-18,809.5,811.73,804.27,807.48,2354201,AMZN
2017-01-19,810.0,813.51,807.32,809.04,2540784,AMZN
2017-01-20,815.28,816.02,806.26,808.33,3376196,AMZN
2017-01-23,806.8,818.5,805.08,817.88,2797474,AMZN
2017-01-24,822.0,823.99,814.5,822.44,2971740,AMZN
2017-01-25,825.79,837.4183,825.288,836.52,4023078,AMZN
2017-01-26,835.53,843.84,833.0,839.15,3586323,AMZN
2017-01-27,839.0,839.7,829.44,835.77,2998700,AMZN
2017-01-30,833.0,833.5,816.38,830.38,3747336,AMZN
2017-01-31,823.75,826.99,819.56,823.48,3137196,AMZN
2017-02-01,829.21,833.78,824.94,832.35,3850181,AMZN
2017-02-02,836.59,842.49,828.26,839.95,7350492,AMZN
2017-02-03,806.72,818.3,804.0,810.2,10868773,AMZN
2017-02-06,809.8,810.72,803.0,807.64,3897301,AMZN
2017-02-07,809.31,816.16,807.5,812.5,3466091,AMZN
2017-02-08,812.69,821.479,812.5,819.71,2857985,AMZN
2017-02-09,821.6,825.0,819.71,821.36,2484948,AMZN
2017-02-10,823.82,828.0,822.85,827.46,2429609,AMZN
2017-02-13,831.62,842.9999,828.55,836.53,4172618,AMZN
2017-02-14,837.0,838.31,831.4522,836.39,2792442,AMZN
2017-02-15,834.0,842.81,832.82,842.7,2968853,AMZN
2017-02-16,841.84,845.0,839.375,844.14,2714667,AMZN
2017-02-17,842.0,847.27,840.73,845.07,3112275,AMZN
2017-02-21,848.84,857.98,847.25,856.44,3507742,AMZN
2017-02-22,856.95,858.43,852.18,855.61,2616971,AMZN
2017-02-23,857.57,860.86,848.0,852.19,3461984,AMZN
2017-02-24,844.69,845.81,837.7501,845.24,3687963,AMZN
2017-02-27,842.38,852.5,839.67,848.64,2713627,AMZN
2017-02-28,851.45,854.09,842.05,845.04,2793709,AMZN
2017-03-01,853.05,854.83,849.01,853.08,2760083,AMZN
2017-03-02,853.08,854.82,847.28,848.91,2132098,AMZN
2017-03-03,847.2,851.985,846.27,849.88,1951575,AMZN
2017-03-06,845.23,848.49,841.12,846.61,2610370,AMZN
2017-03-07,845.48,848.46,843.75,846.02,2247554,AMZN
2017-03-08,848.0,853.07,846.79,850.5,2288317,AMZN
2017-03-09,851.0,856.3999,850.31,853.0,2048187,AMZN
2017-03-10,857.0,857.35,851.72,852.46,2436434,AMZN
2017-03-13,851.77,855.69,851.71,854.59,1909672,AMZN
2017-03-14,853.55,853.75,847.55,852.53,2130586,AMZN
2017-03-15,854.33,854.45,847.11,852.97,2562176,AMZN
2017-03-16,855.3,855.5,850.51,853.42,1842296,AMZN
2017-03-17,853.49,853.83,850.64,852.31,3384403,AMZN
2017-03-20,851.51,857.8,851.01,856.97,2282727,AMZN
2017-03-21,858.84,862.795,841.31,843.2,4382852,AMZN
2017-03-22,840.43,849.37,839.05,848.06,2658669,AMZN
2017-03-23,848.2,850.89,844.8,847.38,1952964,AMZN
2017-03-24,851.68,851.8,843.53,845.61,2138269,AMZN
2017-03-27,838.07,850.3,833.5,846.82,2755775,AMZN
2017-03-28,851.75,858.46,850.1,856.0,3041633,AMZN
2017-03-29,859.05,876.438,859.02,874.32,4485770,AMZN
2017-03-30,874.95,877.06,871.66,876.34,2762730,AMZN
2017-03-31,877.0,890.35,876.65,886.54,3957612,AMZN
2017-04-03,888.0,893.49,885.42,891.51,3422328,AMZN
2017-04-04,891.5,908.5384,890.28,906.83,4984656,AMZN
2017-04-05,910.82,923.72,905.62,909.28,7508370,AMZN
2017-04-06,913.8,917.1899,894.4927,898.28,6344065,AMZN
2017-04-07,899.65,900.09,889.31,894.88,3707367,AMZN
2017-04-10,899.63,908.51,899.0,907.04,3184301,AMZN
2017-04-11,907.04,911.24,897.5,902.36,3012743,AMZN
2017-04-12,903.09,904.09,895.2501,896.23,2456140,AMZN
2017-04-13,891.45,894.97,884.49,884.67,3174583,AMZN
2017-04-17,887.5,902.38,887.5,901.99,2854673,AMZN
2017-04-18,900.99,909.61,900.78,903.78,2999238,AMZN
2017-04-19,907.84,910.5,897.369,899.2,2870242,AMZN
2017-04-20,899.7,905.32,896.29,902.06,2814441,AMZN
2017-04-21,902.67,903.65,896.77,898.53,2420494,AMZN
2017-04-24,908.68,909.99,903.82,907.41,3122893,AMZN
2017-04-25,907.04,909.48,903.0,907.62,3380639,AMZN
2017-04-26,910.3,915.749,907.56,909.29,2608948,AMZN
2017-04-27,914.39,921.86,912.11,918.38,5305543,AMZN
2017-04-28,948.83,949.59,924.3335,924.99,7364681,AMZN
2017-05-01,927.8,954.4,927.8,948.23,5466544,AMZN
2017-05-02,946.645,950.1,941.413,946.94,3848835,AMZN
2017-05-03,946.0,946.0,935.9,941.03,3582686,AMZN
2017-05-04,944.75,945.0,934.215,937.53,2418381,AMZN
2017-05-05,940.52,940.79,930.3,934.15,2866397,AMZN
2017-05-08,940.95,949.05,939.21,949.04,3415731,AMZN
2017-05-09,952.8,957.89,950.2,952.82,3262113,AMZN
2017-05-10,953.5,953.7499,945.0,948.95,2096512,AMZN
2017-05-11,945.11,950.29,940.775,947.62,2194070,AMZN
2017-05-12,954.5,962.79,951.53,961.35,3625857,AMZN
2017-05-15,958.73,963.15,956.055,957.97,4270625,AMZN
2017-05-16,961.0,970.06,960.91,966.07,3126051,AMZN
2017-05-17,954.7,960.3957,944.12,944.76,5145578,AMZN
2017-05-18,944.8,962.75,944.76,958.49,3939347,AMZN
2017-05-19,962.84,968.92,959.72,959.84,3972089,AMZN
2017-05-22,964.0,971.38,962.9,970.67,2642217,AMZN
2017-05-23,975.02,975.2,966.85,971.54,2415594,AMZN
2017-05-24,976.0,981.0,970.23,980.35,2463052,AMZN
2017-05-25,984.85,999.0,982.11,993.38,4822032,AMZN
2017-05-26,995.0,998.65,989.2491,995.78,3469154,AMZN
2017-05-30,996.51,1001.2,995.52,996.7,3263069,AMZN
2017-05-31,1000.0,1000.12,982.16,994.62,3913115,AMZN
2017-06-01,998.59,998.99,991.37,995.95,2454841,AMZN
2017-06-02,998.99,1008.48,995.67,1006.73,3752328,AMZN
2017-06-05,1007.23,1013.21,1003.51,1011.34,2719859,AMZN
2017-06-06,1012.0,1016.5,1001.25,1003.0,3346432,AMZN
2017-06-07,1005.95,1010.25,1002.0,1010.07,2823041,AMZN
2017-06-08,1012.06,1013.61,1006.11,1010.27,2767857,AMZN
2017-06-09,1012.5,1012.99,927.0,978.31,7647692,AMZN
2017-06-12,967.0,975.95,945.0,964.91,9447233,AMZN
2017-06-13,977.99,984.5,966.1,980.79,4580011,AMZN
2017-06-14,988.59,990.34,966.71,976.47,3974900,AMZN
2017-06-15,958.7,965.73,950.86,964.17,5373865,AMZN
2017-06-16,996.0,999.75,982.0,987.71,11472662,AMZN
2017-06-19,1017.0,1017.0,989.9,995.17,5043408,AMZN
2017-06-20,998.0,1004.88,992.02,992.59,4076828,AMZN
2017-06-21,998.7,1002.72,992.6518,1002.23,2922473,AMZN
2017-06-22,1002.23,1006.96,997.2,1001.3,2253433,AMZN
2017-06-23,1002.54,1004.62,998.02,1003.74,2879145,AMZN
2017-06-26,1008.5,1009.8,992.0,993.98,3386157,AMZN
2017-06-27,990.69,998.8,976.0,976.78,3782389,AMZN
2017-06-28,978.55,990.68,969.21,990.33,3737567,AMZN
2017-06-29,979.0,987.56,965.25,975.93,4302968,AMZN
2017-06-30,980.12,983.47,967.61,968.0,3390345,AMZN
2017-07-03,972.79,974.49,951.0001,953.66,2909108,AMZN
2017-07-05,961.53,975.0,955.25,971.4,3652955,AMZN
2017-07-06,964.66,974.4,959.02,965.14,3259613,AMZN
2017-07-07,969.55,980.11,969.14,978.76,2643387,AMZN
2017-07-10,985.0,999.4392,983.5,996.47,3546268,AMZN
2017-07-11,993.0,995.99,983.72,994.13,2982726,AMZN
2017-07-12,1000.65,1008.55,998.1,1006.51,3608574,AMZN
2017-07-13,1004.62,1006.88,995.9,1000.63,2880769,AMZN
2017-07-14,1002.4,1004.45,996.89,1001.81,2102469,AMZN
2017-07-17,1004.69,1014.75,1003.81,1010.04,3712587,AMZN
2017-07-18,1006.0,1026.03,1004.0,1024.45,4007624,AMZN
2017-07-19,1025.0,1031.59,1022.5,1026.87,2963964,AMZN
2017-07-20,1031.59,1034.97,1022.51,1028.7,3097487,AMZN
2017-07-21,1021.28,1026.1,1011.0,1025.67,2734577,AMZN
2017-07-24,1028.34,1043.01,1027.43,1038.95,3288020,AMZN
2017-07-25,1038.05,1043.33,1032.48,1039.87,2447629,AMZN
2017-07-26,1043.2,1053.2,1043.2,1052.8,2921253,AMZN
2017-07-27,1069.55,1083.31,1040.18,1046.0,10991715,AMZN
2017-07-28,1012.14,1032.85,1001.0,1020.04,7709420,AMZN
2017-07-31,1019.05,1019.05,987.02,987.78,7352063,AMZN
2017-08-01,990.65,995.0,987.14,992.27,2650376,AMZN
2017-08-02,1001.77,1003.21,981.73,995.89,4069993,AMZN
2017-08-03,999.47,999.5,984.59,986.92,3255764,AMZN
2017-08-04,989.68,991.672,982.0,987.58,2730308,AMZN
2017-08-07,990.65,995.0,987.14,992.27,2676607,AMZN
2017-08-08,994.35,996.28,985.79,989.84,2902815,AMZN
2017-08-09,982.6,988.0,975.27,982.01,3569731,AMZN
2017-08-10,976.295,979.86,954.68,956.92,5684068,AMZN
2017-08-11,960.0,970.39,951.38,967.99,3468017,AMZN
2017-08-14,978.41,985.5,976.19,983.3,3172892,AMZN
2017-08-15,988.9,991.74,982.0,982.74,2549295,AMZN
2017-08-16,981.65,986.4605,973.22,978.18,3132066,AMZN
2017-08-17,977.84,977.84,960.32,960.57,3512397,AMZN
2017-08-18,961.4,965.43,954.65,958.47,3284821,AMZN
2017-08-21,957.57,961.2,945.46,953.29,3164483,AMZN
2017-08-22,955.52,967.93,955.495,966.9,2749970,AMZN
2017-08-23,959.38,962.0,954.2,958.0,2668264,AMZN
2017-08-24,957.42,959.0,941.14,952.45,5195726,AMZN
2017-08-25,956.0,957.621,944.1,945.26,3324791,AMZN
2017-08-28,946.54,953.0,942.25,946.02,2596737,AMZN
2017-08-29,940.0,956.0,936.33,954.06,2874299,AMZN
2017-08-30,958.44,969.41,956.9062,967.59,2904604,AMZN
2017-08-31,974.7,981.0,972.76,980.6,3331488,AMZN
2017-09-01,984.2,984.5,976.875,978.25,2535917,AMZN
2017-09-05,975.4,976.7699,960.37,965.27,2998649,AMZN
2017-09-06,968.32,971.84,960.6,967.8,2129861,AMZN
2017-09-07,974.0,980.59,972.55,979.47,2566794,AMZN
2017-09-08,979.1,979.88,963.47,965.9,2605322,AMZN
2017-09-11,974.46,981.94,974.22,977.96,2186666,AMZN
2017-09-12,983.27,984.6718,975.517,982.58,2481066,AMZN
2017-09-13,983.97,1000.0,979.42,999.6,3374650,AMZN
2017-09-14,996.8,998.56,987.74,992.21,3913263,AMZN
2017-09-15,993.01,996.25,984.03,986.79,3760183,AMZN
2017-09-18,990.4,992.7922,968.17,974.19,3411324,AMZN
2017-09-19,977.25,978.24,967.46,969.86,2671054,AMZN
2017-09-20,971.79,974.81,962.1626,973.21,2888795,AMZN
2017-09-21,971.31,971.7,962.02,964.65,2337576,AMZN
2017-09-22,961.01,965.61,954.42,955.1,2641787,AMZN
2017-09-25,949.31,949.42,932.89,939.79,5123997,AMZN
2017-09-26,945.49,948.63,931.75,938.6,3564848,AMZN
2017-09-27,948.0,955.3,943.3,950.87,3148933,AMZN
2017-09-28,951.86,959.7,950.101,956.4,2522567,AMZN
2017-09-29,960.11,964.83,958.375,961.35,2543759,AMZN
2017-10-02,964.0,967.305,952.1201,959.19,2442937,AMZN
2017-10-03,958.0,963.69,950.37,957.1,2666574,AMZN
2017-10-04,954.21,967.79,954.05,965.45,2527352,AMZN
2017-10-05,970.0,981.51,969.64,980.85,3229224,AMZN
2017-10-06,975.64,995.75,975.64,989.58,3782067,AMZN
2017-10-09,993.24,998.5,987.5,990.99,2938586,AMZN
2017-10-10,996.67,997.95,980.099,987.2,3084921,AMZN
2017-10-11,991.27,995.5,986.695,995.0,2337113,AMZN
2017-10-12,996.81,1008.44,992.4,1000.93,4067317,AMZN
2017-10-13,1007.0,1007.77,1001.03,1002.94,2431462,AMZN
2017-10-16,1008.44,1009.57,1001.04,1006.34,2008908,AMZN
2017-10-17,1005.59,1011.47,1004.38,1009.13,2319742,AMZN
2017-10-18,1009.27,1022.31,996.55,997.0,2499681,AMZN
2017-10-19,990.0,991.05,980.24,986.61,3108197,AMZN
2017-10-20,993.53,994.62,982.0,982.91,2365122,AMZN
2017-10-23,986.73,986.775,962.5,966.3,3494100,AMZN
2017-10-24,969.0,979.85,965.0,975.9,2723935,AMZN
2017-10-25,978.0,984.44,966.24,972.91,3033113,AMZN
2017-10-26,980.33,982.9,968.55,972.43,5618675,AMZN
2017-10-27,1058.14,1105.58,1050.55,1100.95,16565021,AMZN
2017-10-30,1095.01,1122.79,1093.56,1110.85,6613064,AMZN
2017-10-31,1109.0,1110.54,1101.12,1105.28,3476967,AMZN
2017-11-01,1105.4,1108.97,1096.74,1103.68,3755511,AMZN
2017-11-02,1097.81,1101.93,1086.87,1094.22,3684876,AMZN
2017-11-03,1091.15,1112.68,1088.52,1111.6,3751480,AMZN
2017-11-06,1109.15,1125.41,1108.77,1120.66,3381138,AMZN
2017-11-07,1124.74,1130.6,1117.5,1123.17,2688977,AMZN
2017-11-08,1122.82,1135.54,1119.11,1132.88,2581451,AMZN
2017-11-09,1125.96,1129.62,1115.77,1129.13,3725774,AMZN
2017-11-10,1126.1,1131.75,1124.06,1125.35,2179937,AMZN
2017-11-13,1123.0,1139.9,1122.34,1129.17,2918439,AMZN
2017-11-14,1130.11,1138.0,1123.89,1136.84,3138423,AMZN
2017-11-15,1127.01,1131.75,1121.63,1126.69,3928680,AMZN
2017-11-16,1130.16,1138.16,1130.05,1137.29,2213322,AMZN
2017-11-17,1138.28,1138.8,1125.81,1129.88,2413388,AMZN
2017-11-20,1129.77,1133.42,1122.55,1126.31,2163855,AMZN
2017-11-21,1132.86,1140.0,1128.2,1139.49,2479397,AMZN
2017-11-22,1141.0,1160.27,1141.0,1156.16,3555273,AMZN
2017-11-24,1160.7,1186.84,1160.7,1186.0,3528011,AMZN
2017-11-27,1202.66,1213.41,1191.15,1195.83,6744045,AMZN
2017-11-28,1204.88,1205.34,1188.52,1193.6,4559449,AMZN
2017-11-29,1194.8,1194.8,1145.19,1161.27,9257512,AMZN
2017-11-30,1167.1,1178.57,1160.0,1176.75,4509208,AMZN
2017-12-01,1172.05,1179.65,1152.0,1162.35,4107094,AMZN
2017-12-04,1173.85,1175.2,1128.0,1133.95,5931915,AMZN
2017-12-05,1128.26,1159.27,1124.74,1141.57,4079774,AMZN
2017-12-06,1137.99,1155.89,1136.08,1152.35,2853316,AMZN
2017-12-07,1156.59,1163.19,1151.0,1159.79,2511569,AMZN
2017-12-08,1170.4,1172.79,1157.1,1162.0,3050074,AMZN
2017-12-11,1164.6,1169.9,1157.0,1168.92,2363473,AMZN
2017-12-12,1166.51,1173.6,1161.61,1165.08,2235892,AMZN
2017-12-13,1170.0,1170.87,1160.27,1164.13,2616760,AMZN
2017-12-14,1163.71,1177.93,1162.45,1174.26,3214337,AMZN
2017-12-15,1179.03,1182.75,1169.33,1179.14,4778621,AMZN
2017-12-18,1187.37,1194.78,1180.91,1190.58,2947625,AMZN
2017-12-19,1189.15,1192.97,1179.14,1187.38,2587792,AMZN
2017-12-20,1190.5,1191.0,1176.0,1177.62,2371166,AMZN
2017-12-21,1175.9,1179.17,1167.64,1174.76,2123117,AMZN
2017-12-22,1172.08,1174.62,1167.83,1168.36,1585054,AMZN
2017-12-26,1168.36,1178.32,1160.55,1176.76,2005187,AMZN
2017-12-27,1179.91,1187.29,1175.61,1182.26,1867208,AMZN
2017-12-28,1189.0,1190.1,1184.38,1186.1,1841676,AMZN
2017-12-29,1182.35,1184.0,1167.5,1169.47,2688391,AMZN
2018-01-02,1172.0,1190.0,1170.51,1189.01,2694494,AMZN
2018-01-03,1188.3,1205.49,1188.3,1204.2,3108793,AMZN
2018-01-04,1205.0,1215.87,1204.66,1209.59,3022089,AMZN
2018-01-05,1217.51,1229.14,1210.0,1229.14,3544743,AMZN
2018-01-08,1236.0,1253.08,1232.03,1246.87,4279475,AMZN
2018-01-09,1256.9,1259.33,1241.76,1252.7,3661316,AMZN
2018-01-10,1245.15,1254.33,1237.23,1254.33,2686017,AMZN
2018-01-11,1259.74,1276.77,1256.46,1276.68,3125048,AMZN
2018-01-12,1273.39,1305.76,1273.39,1305.2,5443730,AMZN
2018-01-16,1323.0,1339.94,1292.3,1304.86,7220701,AMZN
2018-01-17,1312.24,1314.0,1280.88,1295.0,5253754,AMZN
2018-01-18,1293.95,1304.6,1284.02,1293.32,4026915,AMZN
2018-01-19,1312.0,1313.0,1292.99,1294.58,4578536,AMZN
2018-01-22,1297.17,1327.45,1296.66,1327.31,4140061,AMZN
2018-01-23,1338.09,1364.9,1337.34,1362.54,5169306,AMZN
2018-01-24,1374.82,1388.16,1338.0,1357.51,6807457,AMZN
2018-01-25,1368.0,1378.34,1357.62,1377.95,4753012,AMZN
2018-01-26,1392.01,1402.53,1380.91,1402.05,4857310,AMZN
2018-01-29,1409.18,1431.39,1400.44,1417.68,5701898,AMZN
2018-01-30,1403.17,1439.25,1392.0,1437.82,5871942,AMZN
2018-01-31,1451.3,1472.58,1450.04,1450.89,6424693,AMZN
2018-02-01,1445.0,1459.88,1385.14,1390.0,9113808,AMZN
2018-02-02,1477.39,1498.0,1414.0,1429.95,11125722,AMZN
2018-02-05,1402.62,1458.98,1320.72,1390.0,11494985,AMZN
2018-02-06,1361.46,1443.99,1351.79,1442.84,11066819,AMZN
2018-02-07,1449.0,1460.99,1415.15,1416.78,7162741,AMZN
2013-02-08,54.38,54.72,54.31,54.66,9584224,DIS
2013-02-11,54.65,54.98,54.59,54.75,6358524,DIS
2013-02-12,54.77,55.05,54.69,54.95,8758025,DIS
2013-02-13,55.08,55.3,54.665,54.96,5701775,DIS
2013-02-14,54.92,55.17,54.71,54.88,8564486,DIS
2013-02-15,55.05,55.62,54.89,55.61,17783635,DIS
2013-02-19,55.58,55.95,55.57,55.73,7780451,DIS
2013-02-20,55.62,55.82,54.56,54.6,8461042,DIS
2013-02-21,54.58,54.82,54.01,54.17,6802578,DIS
2013-02-22,54.39,54.58,53.93,54.25,7604629,DIS
2013-02-25,54.6,54.79,53.59,53.59,9831166,DIS
2013-02-26,53.81,54.035,53.6,53.9,6238418,DIS
2013-02-27,53.9,54.66,53.85,54.48,7244992,DIS
2013-02-28,54.54,55.04,54.39,54.59,6605615,DIS
2013-03-01,54.31,55.37,54.3,55.33,8314387,DIS
2013-03-04,55.16,55.84,55.0,55.8,6356424,DIS
2013-03-05,55.95,56.58,55.9,56.48,7068470,DIS
2013-03-06,56.53,56.84,56.25,56.36,5572562,DIS
2013-03-07,56.36,56.4655,56.01,56.32,4814197,DIS
2013-03-08,56.56,57.51,56.52,57.39,8157710,DIS
2013-03-11,57.39,57.75,57.34,57.66,7155409,DIS
2013-03-12,57.52,57.63,56.7,57.11,7159414,DIS
2013-03-13,57.16,57.435,56.94,57.34,5209862,DIS
2013-03-14,57.35,57.82,57.27,57.75,5915351,DIS
2013-03-15,57.5,57.78,57.34,57.58,13796440,DIS
2013-03-18,57.08,57.19,56.75,56.83,5125876,DIS
2013-03-19,56.83,57.05,55.76,56.31,8883930,DIS
2013-03-20,56.59,57.1499,56.54,56.94,6018271,DIS
2013-03-21,56.74,56.85,56.16,56.31,5168737,DIS
2013-03-22,56.65,57.1,56.515,56.78,5489554,DIS
2013-03-25,57.0,57.108,55.865,56.21,7881490,DIS
2013-03-26,56.41,56.73,56.33,56.63,4675601,DIS
2013-03-27,56.34,56.5,55.99,56.47,6392319,DIS
2013-03-28,56.59,56.94,56.5,56.8,6705892,DIS
2013-04-01,56.89,57.14,56.15,56.69,6728034,DIS
2013-04-02,57.04,57.46,56.96,57.46,6574424,DIS
2013-04-03,57.64,57.75,57.0,57.25,8102375,DIS
2013-04-04,57.28,57.72,57.18,57.59,6413435,DIS
2013-04-05,56.89,57.73,56.37,57.7,7042202,DIS
2013-04-08,57.83,58.82,57.76,58.82,9796152,DIS
2013-04-09,58.72,59.24,58.52,59.14,8864758,DIS
2013-04-10,59.37,60.14,59.34,60.11,8438296,DIS
2013-04-11,60.11,60.67,60.02,60.55,9241626,DIS
2013-04-12,60.29,60.73,60.27,60.55,8533853,DIS
2013-04-15,60.26,60.67,58.84,58.88,12027906,DIS
2013-04-16,59.26,60.75,59.08,60.75,10307479,DIS
2013-04-17,60.35,60.685,60.02,60.68,11531693,DIS
2013-04-18,60.64,60.67,59.88,59.99,9203177,DIS
2013-04-19,60.25,61.56,60.25,61.56,9488269,DIS
2013-04-22,61.59,62.1,61.15,62.01,6307788,DIS
2013-04-23,62.4,62.62,61.54,62.59,6261121,DIS
2013-04-24,62.71,62.9,61.59,61.94,7335400,DIS
2013-04-25,62.01,62.17,61.55,62.0,6683979,DIS
2013-04-26,62.06,62.285,61.55,61.87,7038566,DIS
2013-04-29,62.82,63.25,62.59,63.0,7205960,DIS
2013-04-30,62.93,63.08,62.44,62.84,8529501,DIS
2013-05-01,62.88,63.5006,62.8,63.21,7468820,DIS
2013-05-02,63.4,63.93,63.11,63.88,5249288,DIS
2013-05-03,64.1801,64.85,63.875,64.8,9196237,DIS
2013-05-06,65.09,65.59,64.51,65.06,10232888,DIS
2013-05-07,65.44,66.09,64.77,66.07,14407218,DIS
2013-05-08,66.0,66.0,64.56,65.99,17802902,DIS
2013-05-09,65.7301,67.11,65.51,66.67,11324407,DIS
2013-05-10,66.69,67.43,66.34,67.2,8653958,DIS
2013-05-13,66.96,67.52,66.92,67.32,5194936,DIS
2013-05-14,67.43,67.4929,66.98,67.47,9676356,DIS
2013-05-15,67.42,67.79,67.18,67.67,7925722,DIS
2013-05-16,67.62,67.89,66.2,66.47,8472812,DIS
2013-05-17,66.16,66.58,65.68,66.58,9161351,DIS
2013-05-20,66.58,66.6,66.05,66.12,5893353,DIS
2013-05-21,66.35,66.4,65.71,65.83,7359058,DIS
2013-05-22,65.76,66.7101,65.265,65.57,8144063,DIS
2013-05-23,64.87,65.44,64.24,65.23,7517695,DIS
2013-05-24,64.75,65.53,64.39,65.49,8846052,DIS
2013-05-28,65.98,66.76,65.92,66.69,8279038,DIS
2013-05-29,66.37,66.48,65.74,66.26,6954404,DIS
2013-05-30,66.44,67.11,64.32,64.65,13052538,DIS
2013-05-31,64.57,65.03,63.07,63.08,11281989,DIS
2013-06-03,63.06,63.82,62.53,63.8,8706952,DIS
2013-06-04,63.93,64.93,63.86,64.35,8147696,DIS
2013-06-05,64.05,64.12,62.8,63.12,8892949,DIS
2013-06-06,63.1,63.32,62.04,63.14,8663655,DIS
2013-06-07,63.63,64.87,63.25,64.85,7610904,DIS
2013-06-10,64.91,64.97,63.7,63.83,6729481,DIS
2013-06-11,63.32,64.3,62.97,63.8,6454788,DIS
2013-06-12,64.32,64.45,62.865,62.99,7662841,DIS
2013-06-13,62.99,64.4,62.52,64.3,5584275,DIS
2013-06-14,64.01,64.43,63.63,63.8,5311740,DIS
2013-06-17,64.3,65.125,64.25,64.49,6755060,DIS
2013-06-18,64.61,65.49,64.56,65.29,5234787,DIS
2013-06-19,65.19,65.55,64.33,64.33,6871351,DIS
2013-06-20,63.22,63.515,61.82,61.98,12262997,DIS
2013-06-21,62.62,63.08,61.82,62.73,11892309,DIS
2013-06-24,62.25,62.99,61.82,62.44,6494408,DIS
2013-06-25,62.88,63.1,62.5,62.57,6777687,DIS
2013-06-26,62.95,63.46,62.75,63.21,5721661,DIS
2013-06-27,63.65,63.965,63.45,63.72,4877613,DIS
2013-06-28,63.76,64.52,63.15,63.15,10567010,DIS
2013-07-01,63.84,64.92,63.63,63.93,8221603,DIS
2013-07-02,63.83,64.14,63.075,63.26,7691561,DIS
2013-07-03,62.85,63.83,62.57,63.61,3352066,DIS
2013-07-05,63.88,63.95,63.1133,63.82,5647439,DIS
2013-07-08,64.28,64.79,64.16,64.71,6679630,DIS
2013-07-09,65.32,65.54,64.65,64.94,4556432,DIS
2013-07-10,64.86,65.3,64.57,64.91,5761972,DIS
2013-07-11,65.65,66.83,65.65,66.58,8330372,DIS
2013-07-12,66.39,67.0,65.93,66.98,5891977,DIS
2013-07-15,67.02,67.36,65.89,65.93,6457909,DIS
2013-07-16,65.95,66.1,64.93,65.03,7470773,DIS
2013-07-17,65.42,65.46,64.76,65.36,6846861,DIS
2013-07-18,65.7,66.37,65.66,65.82,4962794,DIS
2013-07-19,65.89,66.03,64.91,65.16,7221472,DIS
2013-07-22,65.15,65.33,64.26,64.4,5973470,DIS
2013-07-23,64.6,64.77,64.33,64.45,4534425,DIS
2013-07-24,64.59,65.12,64.53,64.64,5327606,DIS
2013-07-25,64.32,64.74,64.2599,64.55,5407853,DIS
2013-07-26,64.4699,65.07,64.11,64.98,4950018,DIS
2013-07-29,64.8,65.03,64.47,64.61,3805781,DIS
2013-07-30,64.7001,64.87,64.1,64.18,6210486,DIS
2013-07-31,64.43,65.12,64.38,64.65,7155261,DIS
2013-08-01,65.16,65.87,65.125,65.36,6338790,DIS
2013-08-02,65.56,66.59,65.33,66.51,6078137,DIS
2013-08-05,66.5,66.54,65.61,66.02,7265776,DIS
2013-08-06,66.09,67.16,65.97,67.05,11531873,DIS
2013-08-07,64.93,66.3,64.12,65.91,16970485,DIS
2013-08-08,66.34,66.46,65.205,65.75,8826419,DIS
2013-08-09,65.47,65.75,64.6,64.73,7945849,DIS
2013-08-12,64.26,64.43,63.67,63.93,8005135,DIS
2013-08-13,64.26,64.26,63.405,63.98,6025118,DIS
2013-08-14,63.95,64.17,63.47,63.96,6413661,DIS
2013-08-15,63.28,63.32,62.2,62.38,9014450,DIS
2013-08-16,61.97,62.5,61.71,62.17,8238836,DIS
2013-08-19,62.15,62.18,61.83,61.83,5659879,DIS
2013-08-20,61.79,62.39,61.79,61.88,5192537,DIS
2013-08-21,61.62,61.88,61.09,61.14,7185414,DIS
2013-08-22,61.32,61.82,61.16,61.64,5302299,DIS
2013-08-23,61.96,61.99,61.46,61.73,5510670,DIS
2013-08-26,61.76,62.11,61.33,61.35,4506432,DIS
2013-08-27,60.9,61.35,60.57,60.69,7733878,DIS
2013-08-28,60.44,61.15,60.41,60.81,7161726,DIS
2013-08-29,60.77,61.52,60.55,61.08,5396200,DIS
2013-08-30,61.14,61.27,60.55,60.83,5404116,DIS
2013-09-03,61.42,61.99,60.6,60.93,7016364,DIS
2013-09-04,60.92,61.22,60.52,61.11,14014636,DIS
2013-09-05,61.07,61.6,60.96,61.3,6356567,DIS
2013-09-06,61.47,61.83,60.63,61.39,7319446,DIS
2013-09-09,61.6,61.835,61.27,61.59,7224547,DIS
2013-09-10,62.09,62.97,61.93,62.83,9919708,DIS
2013-09-11,63.12,63.94,62.98,63.94,9439782,DIS
2013-09-12,63.8,66.35,63.41,65.49,22428102,DIS
2013-09-13,65.87,67.03,65.495,66.69,12703560,DIS
2013-09-16,67.32,67.65,66.875,66.94,9731743,DIS
2013-09-17,66.83,67.2,66.72,66.98,6451520,DIS
2013-09-18,66.67,67.37,66.21,67.11,9865637,DIS
2013-09-19,66.39,66.5,65.4,65.72,11808780,DIS
2013-09-20,65.61,65.84,64.91,65.01,29015758,DIS
2013-09-23,65.04,65.48,64.68,64.75,8286597,DIS
2013-09-24,64.94,65.16,64.285,64.32,8166656,DIS
2013-09-25,64.42,64.93,64.2,64.45,7281578,DIS
2013-09-26,64.36,65.29,64.25,65.24,6971153,DIS
2013-09-27,64.97,65.435,64.69,65.19,5586022,DIS
2013-09-30,64.73,64.95,64.39,64.49,7463188,DIS
2013-10-01,64.37,65.245,64.36,64.83,4881181,DIS
2013-10-02,64.45,65.345,64.4,64.88,7218755,DIS
2013-10-03,64.72,64.93,63.83,64.02,7264104,DIS
2013-10-04,64.02,65.43,63.97,65.3,6546049,DIS
2013-10-07,64.81,65.31,64.57,64.59,5840877,DIS
2013-10-08,64.52,64.77,63.97,64.0,8662499,DIS
2013-10-09,64.02,64.18,63.1,63.59,8689741,DIS
2013-10-10,64.48,65.67,64.29,65.58,7676613,DIS
2013-10-11,65.66,66.59,65.5,66.21,6733879,DIS
2013-10-14,65.88,66.98,65.78,66.83,6461548,DIS
2013-10-15,66.73,66.94,65.93,66.44,5943056,DIS
2013-10-16,66.64,66.86,66.13,66.35,7724755,DIS
2013-10-17,66.19,66.59,65.98,66.42,6952307,DIS
2013-10-18,66.5,67.27,65.9899,67.15,7587047,DIS
2013-10-21,67.27,67.63,67.16,67.61,4846265,DIS
2013-10-22,67.94,69.126,67.75,69.0,7846811,DIS
2013-10-23,68.81,69.2,68.02,68.12,5864454,DIS
2013-10-24,68.18,69.19,68.02,69.05,6035209,DIS
2013-10-25,69.32,69.87,68.97,69.26,6613325,DIS
2013-10-28,69.35,69.48,68.92,69.0,4455996,DIS
2013-10-29,69.12,69.39,68.775,68.92,4450203,DIS
2013-10-30,69.22,69.3,67.93,68.47,5816116,DIS
2013-10-31,68.47,69.3,68.35,68.59,5706091,DIS
2013-11-01,68.71,69.18,68.5,69.01,5008592,DIS
2013-11-04,69.41,69.55,68.41,68.81,4790193,DIS
2013-11-05,68.77,69.055,68.06,68.85,5148448,DIS
2013-11-06,69.18,69.62,68.62,69.0,6508970,DIS
2013-11-07,69.34,69.34,67.09,67.15,10458705,DIS
2013-11-08,66.87,69.41,66.72,68.58,16182773,DIS
2013-11-11,68.48,68.74,68.19,68.34,4954159,DIS
2013-11-12,68.33,68.45,67.4237,67.77,6586688,DIS
2013-11-13,67.43,68.99,67.303,68.97,5681029,DIS
2013-11-14,69.14,70.15,69.0,70.02,7246568,DIS
2013-11-15,69.77,70.17,69.55,70.0,6185387,DIS
2013-11-18,70.06,70.09,69.33,69.5,4910795,DIS
2013-11-19,69.49,69.72,69.04,69.12,4801712,DIS
2013-11-20,69.12,69.9175,69.08,69.23,4729280,DIS
2013-11-21,69.46,70.005,69.27,69.94,4505225,DIS
2013-11-22,69.95,70.33,69.8,70.2,4667718,DIS
2013-11-25,70.54,70.58,69.6,69.74,5830793,DIS
2013-11-26,69.92,71.69,69.9,71.18,8850128,DIS
2013-11-27,71.21,71.25,70.46,70.77,5446131,DIS
2013-11-29,71.04,71.27,70.39,70.54,4800980,DIS
2013-12-02,70.79,71.31,70.76,70.91,6775388,DIS
2013-12-03,70.22,70.41,69.38,69.9,8304746,DIS
2013-12-04,69.42,70.48,69.32,69.97,4884539,DIS
2013-12-05,70.29,70.675,70.08,70.23,5587900,DIS
2013-12-06,70.97,71.49,70.77,71.46,5542037,DIS
2013-12-09,71.36,71.48,70.92,71.11,6477173,DIS
2013-12-10,70.91,71.645,70.9,71.57,7112234,DIS
2013-12-11,71.73,72.13,70.43,70.52,9519199,DIS
2013-12-12,69.28,70.02,68.8,69.63,8756318,DIS
2013-12-13,69.9,70.131,69.28,69.62,5785005,DIS
2013-12-16,69.91,70.85,69.91,70.51,6252115,DIS
2013-12-17,70.69,70.905,69.835,70.66,6831011,DIS
2013-12-18,70.96,72.2,70.14,72.2,7971365,DIS
2013-12-19,72.14,73.08,72.1,72.97,6768257,DIS
2013-12-20,73.1,73.56,72.34,72.4,12989668,DIS
2013-12-23,72.89,73.335,72.66,73.28,5628707,DIS
2013-12-24,73.25,73.86,73.25,73.85,2883582,DIS
2013-12-26,73.95,74.69,73.91,74.62,4620099,DIS
2013-12-27,74.65,74.78,73.93,74.35,3844758,DIS
2013-12-30,74.99,76.54,74.89,76.23,8579170,DIS
2013-12-31,76.28,76.5,75.81,76.4,4692382,DIS
2014-01-02,76.04,76.5,75.9,76.27,5212460,DIS
2014-01-03,76.3,76.697,76.01,76.11,4061042,DIS
2014-01-06,76.53,76.84,75.49,75.82,6816693,DIS
2014-01-07,76.12,76.7,75.9,76.34,4511157,DIS
2014-01-08,76.13,76.28,74.81,75.22,10914858,DIS
2014-01-09,75.46,75.46,74.32,74.9,8077726,DIS
2014-01-10,75.08,75.51,74.56,75.39,6255271,DIS
2014-01-13,74.9,75.13,73.045,73.27,8248787,DIS
2014-01-14,73.71,74.58,73.29,74.45,6010335,DIS
2014-01-15,74.3,75.1,74.25,74.28,7299883,DIS
2014-01-16,74.39,74.4,73.72,74.21,5608249,DIS
2014-01-17,74.43,74.63,73.68,73.98,6688299,DIS
2014-01-21,73.99,74.88,73.3,74.2,7548136,DIS
2014-01-22,74.08,75.43,74.05,75.31,6800281,DIS
2014-01-23,74.53,74.95,74.15,74.79,6281005,DIS
2014-01-24,74.1,74.23,72.72,72.72,7338729,DIS
2014-01-27,72.47,72.91,71.715,72.25,7416257,DIS
2014-01-28,72.26,73.0,72.24,72.88,5509623,DIS
2014-01-29,71.97,72.24,71.12,71.33,8609208,DIS
2014-01-30,72.09,73.625,72.0,73.22,7550625,DIS
2014-01-31,72.2,73.32,71.8,72.61,7750354,DIS
2014-02-03,72.66,72.73,69.85,69.99,11966489,DIS
2014-02-04,70.94,71.25,69.88,71.05,11829723,DIS
2014-02-05,72.05,72.05,70.37,71.76,11631868,DIS
2014-02-06,75.61,76.73,74.78,75.56,19822855,DIS
2014-02-07,75.08,75.7,74.61,75.67,11526738,DIS
2014-02-10,75.67,77.305,75.57,77.06,8785647,DIS
2014-02-11,77.15,77.92,77.11,77.79,8186408,DIS
2014-02-12,77.66,78.01,77.64,77.91,6329539,DIS
2014-02-13,77.52,78.24,77.2,77.9,5955510,DIS
2014-02-14,77.88,79.47,77.77,79.23,7002635,DIS
2014-02-18,79.5,80.0,79.43,79.58,6140692,DIS
2014-02-19,79.5,79.78,78.8,78.87,7024022,DIS
2014-02-20,79.21,79.65,78.84,79.19,5748753,DIS
2014-02-21,79.07,80.45,78.8,80.13,8253018,DIS
2014-02-24,80.5,81.59,80.4601,80.73,6635969,DIS
2014-02-25,80.72,81.35,80.04,80.21,6065203,DIS
2014-02-26,80.63,80.95,79.59,80.08,5776068,DIS
2014-02-27,80.0,80.5949,79.86,80.48,4919943,DIS
2014-02-28,80.84,81.59,80.17,80.81,7031874,DIS
2014-03-03,80.3,80.65,78.845,79.46,8450395,DIS
2014-03-04,80.6,82.17,80.54,81.71,8021840,DIS
2014-03-05,82.22,83.21,82.02,82.68,7710268,DIS
2014-03-06,82.86,83.42,82.84,83.34,5774783,DIS
2014-03-07,83.6,83.65,82.015,82.21,7478961,DIS
2014-03-10,82.18,82.425,81.695,81.97,5211542,DIS
2014-03-11,82.19,82.33,80.72,81.05,7174290,DIS
2014-03-12,80.59,81.39,80.05,81.38,6378361,DIS
2014-03-13,81.75,81.98,79.66,79.93,8570629,DIS
2014-03-14,79.85,80.41,79.57,80.07,7754672,DIS
2014-03-17,80.5,81.6,80.31,81.39,7282393,DIS
2014-03-18,81.53,82.25,81.2785,81.99,5395913,DIS
2014-03-19,82.25,82.3,80.04,80.52,6403205,DIS
2014-03-20,80.59,81.02,79.76,80.81,5968527,DIS
2014-03-21,81.96,82.05,80.05,80.35,7841172,DIS
2014-03-24,80.71,80.93,79.38,79.49,7643653,DIS
2014-03-25,80.24,80.34,78.6,79.55,6693822,DIS
2014-03-26,79.93,80.24,78.61,78.62,6752012,DIS
2014-03-27,78.295,78.615,77.28,78.48,9194723,DIS
2014-03-28,78.73,79.46,78.31,78.99,5281656,DIS
2014-03-31,79.7,80.39,79.66,80.07,6848852,DIS
2014-04-01,80.39,81.61,80.39,81.57,6555910,DIS
2014-04-02,81.72,81.97,81.3,81.67,6073512,DIS
2014-04-03,81.92,82.24,81.14,81.69,4930098,DIS
2014-04-04,82.32,82.85,80.4,80.43,8894844,DIS
2014-04-07,80.42,80.8,78.56,79.13,9001326,DIS
2014-04-08,79.27,79.65,78.12,79.57,7085161,DIS
2014-04-09,79.97,80.53,79.26,80.47,7005696,DIS
2014-04-10,80.92,80.92,77.48,77.51,10160154,DIS
2014-04-11,77.51,77.95,76.81,77.01,9206216,DIS
2014-04-14,77.7,77.83,76.85,77.62,5964923,DIS
2014-04-15,77.89,78.209,76.31,77.66,6404957,DIS
2014-04-16,78.38,78.98,78.1901,78.95,5960869,DIS
2014-04-17,78.7,80.22,78.6,79.99,7627952,DIS
2014-04-21,79.96,79.98,78.69,79.11,7080747,DIS
2014-04-22,79.22,79.89,79.21,79.45,5876138,DIS
2014-04-23,79.53,79.95,78.97,79.52,4149634,DIS
2014-04-24,79.74,80.06,79.11,79.59,4635013,DIS
2014-04-25,79.46,79.46,78.16,78.23,6193863,DIS
2014-04-28,78.76,79.06,76.88,77.78,7522690,DIS
2014-04-29,78.35,78.68,77.74,78.64,4608880,DIS
2014-04-30,78.5,79.53,78.1804,79.34,6550228,DIS
2014-05-01,79.35,79.8699,79.2599,79.56,6486920,DIS
2014-05-02,79.62,80.55,79.62,80.31,7599763,DIS
2014-05-05,80.42,81.31,79.8,81.22,5672735,DIS
2014-05-06,81.59,81.63,80.8,81.03,10696487,DIS
2014-05-07,81.65,82.44,80.12,80.29,11907798,DIS
2014-05-08,80.21,82.27,80.07,81.6,9258242,DIS
2014-05-09,81.27,82.02,80.9,81.95,5376634,DIS
2014-05-12,82.08,82.94,82.08,82.42,5704379,DIS
2014-05-13,82.43,82.7512,81.75,82.08,5274805,DIS
2014-05-14,81.77,82.18,80.63,80.92,6192041,DIS
2014-05-15,80.64,80.8299,79.21,80.15,7688663,DIS
2014-05-16,80.17,80.42,79.34,80.39,5823957,DIS
2014-05-19,80.43,81.38,80.14,81.05,4897949,DIS
2014-05-20,80.94,81.76,80.52,81.09,6023361,DIS
2014-05-21,81.42,82.34,81.42,82.19,4736535,DIS
2014-05-22,82.19,82.79,82.04,82.35,4651995,DIS
2014-05-23,82.19,83.3624,82.19,83.32,4580584,DIS
2014-05-27,83.56,83.98,83.32,83.74,5197723,DIS
2014-05-28,83.8,83.9,83.25,83.6,4652083,DIS
2014-05-29,83.92,84.09,83.43,84.03,6522392,DIS
2014-05-30,83.81,84.39,83.62,84.01,6351807,DIS
2014-06-02,84.27,84.42,84.01,84.27,3933943,DIS
2014-06-03,84.07,84.2333,83.72,83.88,4541453,DIS
2014-06-04,83.85,84.395,83.31,84.24,5800205,DIS
2014-06-05,84.37,84.95,83.9,84.78,5955977,DIS
2014-06-06,84.91,84.99,84.265,84.61,5302807,DIS
2014-06-09,84.6,85.86,84.53,85.48,5672010,DIS
2014-06-10,85.4,85.4,84.7,84.75,4632627,DIS
2014-06-11,84.6,84.81,84.17,84.31,4300940,DIS
2014-06-12,84.03,84.2,82.6,82.8,7237220,DIS
2014-06-13,82.75,82.985,81.8,82.8,4711915,DIS
2014-06-16,82.64,83.44,82.56,83.3,5181129,DIS
2014-06-17,82.98,83.46,82.6123,83.16,4536152,DIS
2014-06-18,83.18,83.745,82.805,83.58,4536536,DIS
2014-06-19,83.65,83.92,83.25,83.77,4327002,DIS
2014-06-20,84.07,84.08,82.79,82.82,11073748,DIS
2014-06-23,82.85,82.93,82.32,82.76,3947865,DIS
2014-06-24,82.68,83.57,82.49,82.68,5057264,DIS
2014-06-25,82.67,84.32,82.48,83.9,7899781,DIS
2014-06-26,84.68,84.68,83.77,84.45,6424106,DIS
2014-06-27,84.13,85.39,84.13,85.3,17932432,DIS
2014-06-30,85.44,86.07,85.07,85.74,6997990,DIS
2014-07-01,85.81,86.8693,85.76,86.47,5608207,DIS
2014-07-02,86.58,86.705,86.2,86.44,4439758,DIS
2014-07-03,86.7,86.98,86.5,86.84,3210405,DIS
2014-07-07,86.61,86.82,86.32,86.59,4897895,DIS
2014-07-08,86.19,86.32,85.68,85.86,4733747,DIS
2014-07-09,86.0,87.285,85.85,87.22,6317683,DIS
2014-07-10,86.53,87.61,86.19,86.86,7249673,DIS
2014-07-11,87.0,87.36,86.37,86.89,5016396,DIS
2014-07-14,87.46,87.49,86.66,86.76,4017054,DIS
2014-07-15,86.58,86.65,85.5396,86.15,7006703,DIS
2014-07-16,86.69,87.63,85.12,85.35,10679328,DIS
2014-07-17,85.33,86.19,84.87,85.03,6886606,DIS
2014-07-18,85.44,85.98,85.1703,85.81,4719105,DIS
2014-07-21,85.81,86.0,85.5,85.74,4800402,DIS
2014-07-22,86.37,86.56,85.51,86.21,4984215,DIS
2014-07-23,86.31,86.53,85.76,86.04,3650328,DIS
2014-07-24,86.5,86.962,86.31,86.8,4174497,DIS
2014-07-25,86.3,86.7,86.05,86.23,4666234,DIS
2014-07-28,86.43,87.215,85.81,87.15,4547120,DIS
2014-07-29,87.29,87.3,86.16,86.2,5479099,DIS
2014-07-30,86.62,87.27,86.091,87.21,7299155,DIS
2014-07-31,86.59,86.95,85.69,85.88,6343453,DIS
2014-08-01,85.39,86.01,85.21,85.38,6759649,DIS
2014-08-04,86.17,87.52,86.01,87.24,8262656,DIS
2014-08-05,87.14,87.24,86.02,86.75,9361789,DIS
2014-08-06,86.18,87.62,86.17,86.59,9793689,DIS
2014-08-07,86.99,87.01,85.23,85.51,7916861,DIS
2014-08-08,85.65,86.89,85.62,86.85,6382687,DIS
2014-08-11,87.07,87.98,87.05,87.5,5052787,DIS
2014-08-12,87.15,87.62,86.78,87.21,4510527,DIS
2014-08-13,87.74,87.95,87.42,87.6,4532339,DIS
2014-08-14,88.03,88.91,87.81,88.61,8218205,DIS
2014-08-15,89.02,89.47,88.69,89.28,8211200,DIS
2014-08-18,89.66,90.365,89.58,89.97,4977060,DIS
2014-08-19,90.13,90.29,89.64,90.09,4153038,DIS
2014-08-20,89.92,90.05,89.67,89.84,3894514,DIS
2014-08-21,90.06,90.53,89.975,90.38,4719099,DIS
2014-08-22,90.13,90.9,90.12,90.49,4762155,DIS
2014-08-25,90.95,91.14,90.3,90.38,3515384,DIS
2014-08-26,90.61,90.67,89.94,90.02,4117717,DIS
2014-08-27,90.14,90.41,89.977,90.37,3739669,DIS
2014-08-28,91.06,91.16,90.6701,90.94,3667626,DIS
2014-08-29,90.32,90.379,89.33,89.88,4179401,DIS
2014-09-02,90.18,90.93,90.15,90.8,5601956,DIS
2014-09-03,91.06,91.16,90.6701,90.94,3684009,DIS
2014-09-04,90.87,91.2,90.01,90.14,5458719,DIS
2014-09-05,90.14,90.94,90.1,90.94,4597562,DIS
2014-09-08,90.76,90.84,90.16,90.56,4331230,DIS
2014-09-09,90.5,90.54,89.51,89.6,4797688,DIS
2014-09-10,89.54,89.82,88.75,89.52,5078620,DIS
2014-09-11,89.2,90.041,89.06,89.97,4102227,DIS
2014-09-12,90.1,90.2,89.25,89.67,3888474,DIS
2014-09-15,89.74,90.37,89.56,90.08,4909956,DIS
2014-09-16,89.71,90.43,89.46,90.27,4333970,DIS
2014-09-17,90.58,90.77,89.97,90.33,4058070,DIS
2014-09-18,90.31,90.5,89.91,90.34,4343618,DIS
2014-09-19,90.8,91.15,90.39,90.49,13382935,DIS
2014-09-22,90.49,90.61,89.19,89.29,5003007,DIS
2014-09-23,89.12,89.235,88.23,88.31,6155770,DIS
2014-09-24,88.36,89.64,88.24,89.45,5616214,DIS
2014-09-25,89.26,89.6,88.06,88.07,7081657,DIS
2014-09-26,88.15,88.89,87.91,88.74,5796117,DIS
2014-09-29,88.12,89.045,87.36,88.83,5190828,DIS
2014-09-30,88.84,89.54,88.54,89.03,4832868,DIS
2014-10-01,89.08,89.24,87.2,87.49,7512499,DIS
2014-10-02,87.5,87.66,84.65,86.79,11051144,DIS
2014-10-03,88.1,88.9,87.55,88.45,7552890,DIS
2014-10-06,88.79,89.18,88.07,88.56,4051853,DIS
2014-10-07,88.0,88.26,87.04,87.11,6225508,DIS
2014-10-08,87.06,88.15,86.33,88.11,7007965,DIS
2014-10-09,88.03,88.16,85.57,85.71,8727122,DIS
2014-10-10,85.92,87.0,85.4,86.27,12675546,DIS
2014-10-13,85.92,86.39,83.76,83.91,9039814,DIS
2014-10-14,84.75,85.52,83.9,84.14,8607117,DIS
2014-10-15,82.39,83.76,78.54,82.08,21844427,DIS
2014-10-16,79.93,82.47,79.55,81.74,13216697,DIS
2014-10-17,82.68,84.66,82.68,83.83,12386547,DIS
2014-10-20,84.23,85.61,84.145,85.52,8306147,DIS
2014-10-21,86.32,87.68,86.25,87.54,9170356,DIS
2014-10-22,87.94,88.61,86.98,87.1,9314515,DIS
2014-10-23,88.21,88.63,87.76,87.99,7245328,DIS
2014-10-24,87.91,88.655,87.58,88.61,4937482,DIS
2014-10-27,88.47,88.99,88.24,88.45,5644486,DIS
2014-10-28,89.04,89.96,88.9501,89.93,4554351,DIS
2014-10-29,89.84,90.25,88.9501,89.53,5442103,DIS
2014-10-30,89.44,90.54,88.91,90.22,4445329,DIS
2014-10-31,91.51,91.98,90.75,91.38,7472216,DIS
2014-11-03,91.24,91.82,91.0,91.71,5447877,DIS
2014-11-04,91.97,91.98,89.8,90.35,7928517,DIS
2014-11-05,91.6,91.6,89.59,91.0,7020959,DIS
2014-11-06,91.29,92.0,91.15,92.0,9938826,DIS
2014-11-07,89.39,90.02,88.65,90.0,16176328,DIS
2014-11-10,90.24,90.42,88.95,89.78,8155734,DIS
2014-11-11,90.01,90.03,89.13,89.98,5896789,DIS
2014-11-12,89.77,90.12,89.33,89.9,5262460,DIS
2014-11-13,90.1,90.71,90.03,90.49,5098761,DIS
2014-11-14,90.68,90.85,90.38,90.8,4281140,DIS
2014-11-17,90.5,90.78,90.05,90.41,4148400,DIS
2014-11-18,90.33,90.69,90.13,90.28,4466404,DIS
2014-11-19,90.26,90.28,89.185,89.82,7709962,DIS
2014-11-20,89.25,89.46,88.75,88.9,8603976,DIS
2014-11-21,89.69,89.8,88.76,88.96,7383521,DIS
2014-11-24,89.32,90.66,89.32,90.58,6504104,DIS
2014-11-25,90.71,91.92,90.71,91.65,7404151,DIS
2014-11-26,91.96,92.28,91.67,91.92,4607258,DIS
2014-11-28,92.53,92.96,92.23,92.51,3852961,DIS
2014-12-01,92.63,93.14,92.1,92.7,6714729,DIS
2014-12-02,92.65,93.81,92.42,93.47,6664201,DIS
2014-12-03,93.54,93.661,92.5,93.11,5492376,DIS
2014-12-04,93.61,93.63,92.565,93.23,6049063,DIS
2014-12-05,93.69,93.98,93.34,93.76,5226807,DIS
2014-12-08,94.21,94.5,93.412,93.8,6682153,DIS
2014-12-09,93.51,93.57,91.76,92.94,9522100,DIS
2014-12-10,92.52,92.83,91.55,91.63,10346075,DIS
2014-12-11,91.09,92.66,90.66,91.75,8227812,DIS
2014-12-12,91.18,92.61,90.95,91.49,7890850,DIS
2014-12-15,92.03,92.69,90.19,90.9,6746824,DIS
2014-12-16,90.5,92.0,90.13,90.17,6549387,DIS
2014-12-17,90.36,91.68,90.2,91.38,6890832,DIS
2014-12-18,92.19,92.61,91.86,92.61,9387548,DIS
2014-12-19,92.34,93.2,91.88,92.89,12837921,DIS
2014-12-22,93.39,94.36,93.22,94.2,7477481,DIS
2014-12-23,94.48,95.07,94.4,94.69,5385780,DIS
2014-12-24,94.69,95.12,94.37,94.42,2166034,DIS
2014-12-26,94.74,95.3142,94.52,95.03,3142431,DIS
2014-12-29,94.74,95.93,94.686,95.5,3584362,DIS
2014-12-30,95.21,95.5,94.5,94.7,3490053,DIS
2014-12-31,95.13,95.52,94.03,94.19,4797034,DIS
2015-01-02,94.91,95.28,92.8486,93.75,5865420,DIS
2015-01-05,93.28,93.35,91.78,92.38,7789422,DIS
2015-01-06,92.57,93.191,91.157,91.89,6802381,DIS
2015-01-07,92.72,93.15,92.1,92.83,6589494,DIS
2015-01-08,93.87,94.3,93.555,93.79,7579358,DIS
2015-01-09,94.05,95.27,93.99,94.25,8621330,DIS
2015-01-12,94.69,94.76,93.77,94.46,6586223,DIS
2015-01-13,95.28,96.43,94.7,95.19,9364297,DIS
2015-01-14,94.0,94.8,93.29,94.23,6509293,DIS
2015-01-15,94.61,94.96,94.04,94.35,5662230,DIS
2015-01-16,94.0,95.23,93.98,95.18,6117011,DIS
2015-01-20,95.22,95.39,93.75,94.74,7947593,DIS
2015-01-21,94.37,94.74,93.82,94.17,7474730,DIS
2015-01-22,94.58,95.39,94.01,95.15,7014169,DIS
2015-01-23,94.92,95.53,94.43,94.72,4664712,DIS
2015-01-26,94.45,95.0,93.93,94.97,5446906,DIS
2015-01-27,93.94,94.74,93.361,93.97,5390006,DIS
2015-01-28,94.14,94.47,92.61,92.67,6198396,DIS
2015-01-29,93.11,93.5,91.52,93.22,7681669,DIS
2015-01-30,92.5,92.9375,90.83,90.96,10212270,DIS
2015-02-02,91.3,92.05,90.06,91.93,9392029,DIS
2015-02-03,92.43,94.11,92.19,94.1,12329105,DIS
2015-02-04,99.39,101.94,98.82,101.28,32640456,DIS
2015-02-05,100.76,102.84,100.51,102.64,14089453,DIS
2015-02-06,102.67,102.99,101.65,102.02,8535248,DIS
2015-02-09,101.8,102.5,101.45,101.73,5461981,DIS
2015-02-10,101.96,102.19,101.18,101.92,5726347,DIS
2015-02-11,102.01,102.02,101.07,101.87,5868228,DIS
2015-02-12,102.16,103.85,101.7,103.58,6816814,DIS
2015-02-13,103.73,104.405,103.43,104.17,5175636,DIS
2015-02-17,104.23,104.45,103.57,104.12,4759334,DIS
2015-02-18,103.4,104.33,103.4,103.86,3760192,DIS
2015-02-19,104.0,104.08,103.55,103.89,5094137,DIS
2015-02-20,103.86,104.69,102.7302,104.55,5196956,DIS
2015-02-23,104.76,105.23,104.44,104.99,5587069,DIS
2015-02-24,104.54,105.05,104.35,104.67,4099805,DIS
2015-02-25,104.68,105.98,104.67,105.57,6547243,DIS
2015-02-26,105.5,105.71,104.14,104.56,5048999,DIS
2015-02-27,104.67,105.1396,103.96,104.08,4161605,DIS
2015-03-02,104.35,105.98,104.35,105.89,5635530,DIS
2015-03-03,105.78,106.64,105.21,106.35,4671949,DIS
2015-03-04,105.86,106.0,104.78,105.57,4972937,DIS
2015-03-05,105.54,105.81,104.87,105.03,3954726,DIS
2015-03-06,104.67,105.0,103.49,103.82,5704232,DIS
2015-03-09,103.94,105.42,103.82,105.26,4868861,DIS
2015-03-10,104.27,104.35,103.09,103.09,6472601,DIS
2015-03-11,103.51,103.9999,102.865,102.89,4831861,DIS
2015-03-12,103.85,107.33,103.81,107.17,10730363,DIS
2015-03-13,107.28,107.28,105.52,106.44,8024216,DIS
2015-03-16,106.84,107.73,106.05,107.37,6407258,DIS
2015-03-17,107.0,107.21,106.15,106.96,4490192,DIS
2015-03-18,106.9,108.42,105.73,107.97,5520550,DIS
2015-03-19,107.84,108.48,107.14,107.37,4885562,DIS
2015-03-20,107.83,108.94,107.5,108.43,8710075,DIS
2015-03-23,108.6,108.85,108.04,108.22,5667034,DIS
2015-03-24,107.72,108.05,107.08,107.11,4493538,DIS
2015-03-25,107.45,107.4599,105.0,105.0,6964726,DIS
2015-03-26,104.47,105.82,104.1,105.24,5915844,DIS
2015-03-27,105.2,106.45,104.88,105.48,5330425,DIS
2015-03-30,106.06,106.945,106.05,106.12,3831883,DIS
2015-03-31,105.6,106.32,104.89,104.89,5701609,DIS
2015-04-01,105.43,106.0,104.25,105.44,6117195,DIS
2015-04-02,105.49,106.24,104.863,106.0,3651641,DIS
2015-04-06,105.31,106.57,105.04,105.63,4154218,DIS
2015-04-07,105.8,106.41,105.4,105.43,4694555,DIS
2015-04-08,105.23,106.69,105.16,106.36,4277383,DIS
2015-04-09,106.51,107.0,105.88,106.77,3924416,DIS
2015-04-10,106.73,107.1,106.41,106.95,3251487,DIS
2015-04-13,107.07,107.9,106.47,106.51,4201467,DIS
2015-04-14,106.41,107.3,106.11,106.66,5389283,DIS
2015-04-15,106.92,107.43,106.86,106.98,4307798,DIS
2015-04-16,107.15,108.3,106.9,108.1,6379102,DIS
2015-04-17,107.8,107.8,106.04,106.69,9663490,DIS
2015-04-20,107.83,108.5,107.32,108.22,8094174,DIS
2015-04-21,108.93,108.99,107.58,107.68,4579838,DIS
2015-04-22,108.02,108.25,106.97,107.94,4060485,DIS
2015-04-23,107.96,109.9,107.61,109.0,5983755,DIS
2015-04-24,109.53,110.48,109.19,109.53,6355616,DIS
2015-04-27,111.5,111.66,110.07,110.16,8479080,DIS
2015-04-28,110.75,111.1499,108.89,109.92,7324498,DIS
2015-04-29,109.66,110.38,109.26,109.81,6024741,DIS
2015-04-30,109.68,110.19,107.68,108.72,7770301,DIS
2015-05-01,109.95,110.67,109.27,110.52,6205116,DIS
2015-05-04,111.48,111.53,110.5,111.03,7566209,DIS
2015-05-05,113.27,113.3,110.56,110.81,14619307,DIS
2015-05-06,111.56,111.96,109.22,109.72,8975283,DIS
2015-05-07,109.6,109.78,108.715,109.26,8291198,DIS
2015-05-08,110.26,110.7,109.57,110.11,6260611,DIS
2015-05-11,110.14,110.14,108.49,108.6,6728542,DIS
2015-05-12,108.28,109.66,107.67,109.24,6345037,DIS
2015-05-13,109.7,109.87,108.78,109.19,4141357,DIS
2015-05-14,109.69,110.0,109.01,109.93,4662043,DIS
2015-05-15,110.1,110.69,109.68,110.3,5852173,DIS
2015-05-18,110.47,110.74,110.01,110.33,4868918,DIS
2015-05-19,110.69,110.9899,110.4705,110.56,4549640,DIS
2015-05-20,110.78,110.81,110.02,110.2,4393474,DIS
2015-05-21,110.04,110.64,109.9,110.39,4880577,DIS
2015-05-22,110.3,110.9,110.1203,110.26,4267697,DIS
2015-05-26,110.17,110.85,108.76,109.44,5970756,DIS
2015-05-27,109.51,110.61,109.3,110.37,3984196,DIS
2015-05-28,110.11,110.54,109.6,110.53,3391980,DIS
2015-05-29,110.33,110.52,109.41,110.37,5264878,DIS
2015-06-01,111.48,111.77,110.55,110.96,6778890,DIS
2015-06-02,110.92,111.25,110.02,110.75,4425947,DIS
2015-06-03,111.28,111.82,110.5,111.17,4510344,DIS
2015-06-04,110.95,111.25,109.99,110.3,5748198,DIS
2015-06-05,110.3,110.77,109.8,110.3,4323537,DIS
2015-06-08,110.03,110.24,109.21,109.29,6068142,DIS
2015-06-09,109.35,109.41,107.65,108.52,7711756,DIS
2015-06-10,108.9,110.25,108.73,110.0,5128742,DIS
2015-06-11,110.01,110.96,110.01,110.62,5036279,DIS
2015-06-12,110.33,110.53,109.54,109.95,4009859,DIS
2015-06-15,109.27,110.41,108.93,110.18,5742208,DIS
2015-06-16,110.35,111.29,109.9,111.06,3848346,DIS
2015-06-17,111.2,111.94,110.88,111.49,4732297,DIS
2015-06-18,111.83,113.55,111.58,113.22,6929896,DIS
2015-06-19,112.83,113.48,112.4,112.62,9587721,DIS
2015-06-22,113.4,114.47,113.274,113.53,5906156,DIS
2015-06-23,113.93,114.52,113.72,114.41,6003070,DIS
2015-06-24,114.3,114.56,113.71,113.77,5636168,DIS
2015-06-25,114.62,115.275,114.39,114.45,6213483,DIS
2015-06-26,114.97,115.18,114.41,114.99,9509570,DIS
2015-06-29,114.16,115.19,113.0,113.05,7618224,DIS
2015-06-30,113.93,114.86,113.55,114.14,6946744,DIS
2015-07-01,114.95,115.25,114.34,115.13,5435397,DIS
2015-07-02,115.38,115.67,114.45,114.97,5549504,DIS
2015-07-06,114.47,115.86,114.27,115.7,5880490,DIS
2015-07-07,116.42,117.19,114.86,117.1,8359934,DIS
2015-07-08,116.5,116.68,115.11,115.19,8445169,DIS
2015-07-09,116.83,117.21,115.51,115.6,7016849,DIS
2015-07-10,117.05,117.43,115.67,116.44,7020711,DIS
2015-07-13,117.75,118.3099,117.25,118.05,7595237,DIS
2015-07-14,118.03,118.1399,117.7,117.85,5061659,DIS
2015-07-15,118.04,118.9,117.85,118.3,4845200,DIS
2015-07-16,119.0,119.15,118.535,119.07,6303045,DIS
2015-07-17,118.69,118.9,118.03,118.86,5109909,DIS
2015-07-20,119.29,119.9,118.89,119.58,6950952,DIS
2015-07-21,119.76,119.8,118.83,119.31,4785194,DIS
2015-07-22,119.28,119.7,118.93,119.33,4714082,DIS
2015-07-23,119.3,119.6699,118.57,118.8,3347184,DIS
2015-07-24,119.35,119.8,118.58,118.91,4320854,DIS
2015-07-27,118.63,118.8,117.78,118.25,5179267,DIS
2015-07-28,118.68,118.9,117.87,118.46,6447319,DIS
2015-07-29,118.85,119.86,118.41,119.84,6083479,DIS
2015-07-30,119.71,120.35,119.01,120.03,4430097,DIS
2015-07-31,120.12,120.72,119.5994,120.0,5767280,DIS
2015-08-03,120.88,121.73,120.17,121.12,8426894,DIS
2015-08-04,121.5,122.08,120.61,121.69,12624387,DIS
2015-08-05,110.83,113.95,109.5,110.53,61011209,DIS
2015-08-06,110.4,110.4,104.24,108.55,57175170,DIS
2015-08-07,108.75,109.5598,107.66,109.35,15791550,DIS
2015-08-10,110.0,111.0,109.74,111.0,11617048,DIS
2015-08-11,110.34,110.49,107.95,108.0,13573984,DIS
2015-08-12,107.0,107.44,105.51,106.99,17020546,DIS
2015-08-13,107.21,108.51,106.75,107.52,9754466,DIS
2015-08-14,107.61,107.67,106.52,107.16,7104463,DIS
2015-08-17,107.3,109.28,106.84,109.05,7954040,DIS
2015-08-18,108.04,108.25,106.8,106.94,12021536,DIS
2015-08-19,106.58,107.75,105.7701,106.45,9484026,DIS
2015-08-20,104.34,105.0,99.76,100.02,34651279,DIS
2015-08-21,97.5,100.63,96.61,98.84,30875673,DIS
2015-08-24,93.38,99.995,90.0,95.36,30159188,DIS
2015-08-25,99.73,100.09,95.72,95.89,19079443,DIS
2015-08-26,98.69,99.49,96.26,99.23,13755919,DIS
2015-08-27,101.35,102.62,99.78,102.17,17532220,DIS
2015-08-28,102.19,103.34,101.81,102.48,11005241,DIS
2015-08-31,102.3,102.46,100.91,101.88,8518241,DIS
2015-09-01,99.31,101.3396,99.1578,99.51,14212592,DIS
2015-09-02,100.75,101.94,99.55,101.89,12148187,DIS
2015-09-03,102.2,103.03,101.46,101.99,8953299,DIS
2015-09-04,100.96,101.82,100.36,100.97,9213799,DIS
2015-09-08,102.95,104.15,102.515,104.01,8571506,DIS
2015-09-09,104.75,104.95,101.68,101.91,9577524,DIS
2015-09-10,101.85,103.22,101.331,102.6,9026074,DIS
2015-09-11,102.35,104.5,102.2,104.48,9529778,DIS
2015-09-14,104.65,104.9,102.99,103.82,6959805,DIS
2015-09-15,103.25,103.8,101.83,103.43,9171441,DIS
2015-09-16,103.32,104.07,102.75,103.96,6509738,DIS
2015-09-17,104.2,105.95,103.75,104.2,7792632,DIS
2015-09-18,103.2,104.21,102.39,102.84,13559400,DIS
2015-09-21,103.68,103.83,102.46,103.41,7152324,DIS
2015-09-22,102.18,102.75,101.48,102.49,8330068,DIS
2015-09-23,102.44,102.63,101.38,101.57,5817994,DIS
2015-09-24,101.0,101.33,99.24,100.62,10706825,DIS
2015-09-25,101.51,101.8,99.58,100.3,7179845,DIS
2015-09-28,99.9,100.39,98.295,98.49,8238329,DIS
2015-09-29,98.51,100.06,97.77,99.42,9466944,DIS
2015-09-30,100.78,102.43,100.5,102.2,9189977,DIS
2015-10-01,102.97,103.47,101.08,102.67,7503711,DIS
2015-10-02,101.21,103.01,99.88,103.0,9105646,DIS
2015-10-05,103.7,104.196,102.6101,103.85,7144600,DIS
2015-10-06,104.19,104.51,103.21,103.77,5660629,DIS
2015-10-07,104.49,104.59,102.66,103.39,7008280,DIS
2015-10-08,103.2,104.89,102.7,104.61,7499092,DIS
2015-10-09,105.09,106.05,104.67,105.56,7341822,DIS
2015-10-12,105.91,106.7,105.62,106.35,5179044,DIS
2015-10-13,105.74,107.39,105.31,106.59,8342685,DIS
2015-10-14,106.5,106.85,105.23,105.73,5563643,DIS
2015-10-15,106.5,108.0,106.26,107.89,6739184,DIS
2015-10-16,108.27,108.5,107.46,108.24,5908875,DIS
2015-10-19,108.25,109.97,107.94,109.47,8001900,DIS
2015-10-20,109.55,110.53,109.41,109.84,9674422,DIS
2015-10-21,110.67,111.56,110.01,110.09,8781423,DIS
2015-10-22,110.67,113.35,110.39,113.25,10028949,DIS
2015-10-23,114.21,114.21,111.85,113.09,7928447,DIS
2015-10-26,113.07,113.58,112.12,113.52,5729552,DIS
2015-10-27,113.29,114.268,113.245,113.77,5857562,DIS
2015-10-28,113.97,114.46,112.86,114.34,6452873,DIS
2015-10-29,114.34,115.4,114.2,115.04,6125112,DIS
2015-10-30,115.0,115.2399,113.67,113.74,8501634,DIS
2015-11-02,114.49,115.31,114.01,115.04,6949528,DIS
2015-11-03,114.97,116.4,114.54,115.54,7132081,DIS
2015-11-04,116.64,116.83,110.81,113.25,20740831,DIS
2015-11-05,113.26,113.93,111.6001,113.0,14843729,DIS
2015-11-06,114.6,116.75,114.57,115.67,16803396,DIS
2015-11-09,115.9,116.73,115.18,116.42,9317475,DIS
2015-11-10,116.17,117.51,115.51,117.42,8240533,DIS
2015-11-11,117.55,117.58,116.43,116.52,6381663,DIS
2015-11-12,115.6,116.99,115.0,116.21,7222996,DIS
2015-11-13,115.92,116.42,114.38,114.84,8078066,DIS
2015-11-16,113.47,116.08,113.335,115.92,5770158,DIS
2015-11-17,116.11,117.55,115.51,116.13,6434432,DIS
2015-11-18,116.22,118.28,116.05,118.14,6744634,DIS
2015-11-19,118.15,119.1598,117.64,118.71,6100998,DIS
2015-11-20,119.11,120.25,118.9,120.07,10821723,DIS
2015-11-23,120.3,120.65,119.0,119.42,6986409,DIS
2015-11-24,117.9,118.57,117.28,117.95,9158183,DIS
2015-11-25,118.29,119.338,118.15,118.67,4751518,DIS
2015-11-27,116.0,116.5,113.7,115.13,14912040,DIS
2015-11-30,115.56,115.58,113.31,113.47,16560317,DIS
2015-12-01,114.15,115.46,113.66,115.39,8896142,DIS
2015-12-02,115.39,115.47,113.83,114.0,7787769,DIS
2015-12-03,114.17,114.651,111.44,111.89,10446637,DIS
2015-12-04,112.74,114.305,112.53,114.24,8771297,DIS
2015-12-07,114.56,114.56,112.65,113.83,6738532,DIS
2015-12-08,113.35,113.45,112.4,112.48,7480562,DIS
2015-12-09,112.39,113.0612,110.58,111.47,9050676,DIS
2015-12-10,111.15,111.58,110.17,110.76,7030152,DIS
2015-12-11,109.91,109.95,107.6177,108.04,12333768,DIS
2015-12-14,108.68,109.87,108.2792,109.35,9702553,DIS
2015-12-15,112.05,113.345,111.5801,112.16,13361688,DIS
2015-12-16,114.69,114.75,111.8,113.79,12304503,DIS
2015-12-17,114.13,114.48,111.98,112.01,9375035,DIS
2015-12-18,112.01,112.44,107.35,107.72,28376912,DIS
2015-12-21,108.8,110.1,105.33,106.59,22847155,DIS
2015-12-22,106.99,107.2,105.83,106.74,8644464,DIS
2015-12-23,107.21,107.24,104.3,105.56,12372933,DIS
2015-12-24,105.2,106.64,105.06,105.86,4356193,DIS
2015-12-28,106.5,108.2,106.33,107.25,9092705,DIS
2015-12-29,107.88,108.04,106.45,107.08,8607249,DIS
2015-12-30,106.89,107.21,106.25,106.34,4916975,DIS
2015-12-31,106.14,106.31,105.06,105.08,6670101,DIS
2016-01-04,103.12,103.43,101.73,102.98,12531478,DIS
2016-01-05,102.67,102.67,99.89,100.9,16212908,DIS
2016-01-06,99.38,101.46,99.36,100.36,13934454,DIS
2016-01-07,98.96,101.35,98.52,99.5,14680220,DIS
2016-01-08,100.63,100.915,99.0,99.25,10691594,DIS
2016-01-11,100.21,100.45,98.55,99.92,9583209,DIS
2016-01-12,100.97,101.85,100.34,101.46,8863921,DIS
2016-01-13,101.88,101.88,98.12,98.48,11615434,DIS
2016-01-14,98.65,99.91,97.19,99.11,11147478,DIS
2016-01-15,95.62,96.88,93.46,93.9,22336967,DIS
2016-01-19,95.0,95.07,93.03,93.97,13286754,DIS
2016-01-20,92.18,93.64,90.42,92.54,16918059,DIS
2016-01-21,92.87,94.86,92.3,94.02,12078238,DIS
2016-01-22,95.95,97.42,95.55,96.9,12303814,DIS
2016-01-25,96.42,96.68,95.1204,95.29,7812210,DIS
2016-01-26,95.49,96.4261,95.09,96.27,6915592,DIS
2016-01-27,96.31,96.63,93.87,94.32,6328904,DIS
2016-01-28,95.2,95.2,92.37,93.53,7312713,DIS
2016-01-29,94.21,95.82,93.63,95.82,8211566,DIS
2016-02-01,95.08,95.71,94.7,95.15,7027242,DIS
2016-02-02,94.0,94.17,92.8663,93.12,7244414,DIS
2016-02-03,94.1,95.41,92.42,95.14,10877995,DIS
2016-02-04,94.87,96.73,94.6,95.43,8350333,DIS
2016-02-05,95.32,95.39,93.47,93.9,8898453,DIS
2016-02-08,92.56,92.96,89.51,92.12,13750142,DIS
2016-02-09,90.15,93.2,89.04,92.32,19237395,DIS
2016-02-10,88.0,90.03,86.25,88.85,32649818,DIS
2016-02-11,87.0,91.06,86.96,90.31,17523775,DIS
2016-02-12,91.52,91.59,89.61,91.15,10786093,DIS
2016-02-16,92.47,93.31,91.79,92.91,9050861,DIS
2016-02-17,93.67,96.44,93.56,95.5,12610039,DIS
2016-02-18,96.34,96.45,94.45,95.17,8773883,DIS
2016-02-19,95.23,95.72,94.56,95.01,6838210,DIS
2016-02-22,96.23,97.0,95.86,96.37,6980438,DIS
2016-02-23,96.5,96.82,95.15,95.38,6253760,DIS
2016-02-24,94.65,95.75,93.23,95.43,6945612,DIS
2016-02-25,95.92,95.95,94.35,95.65,4562326,DIS
2016-02-26,95.71,96.22,95.28,95.31,5277045,DIS
2016-02-29,95.31,96.29,95.23,95.52,7794361,DIS
2016-03-01,95.9,97.66,95.53,97.65,7139945,DIS
2016-03-02,97.67,97.83,96.41,97.0,6498588,DIS
2016-03-03,97.79,98.84,96.89,98.82,8581303,DIS
2016-03-04,99.0,99.21,97.9,98.48,6739803,DIS
2016-03-07,98.57,99.71,98.48,99.39,7218731,DIS
2016-03-08,98.93,98.98,97.6,97.82,6229279,DIS
2016-03-09,98.0,98.24,96.81,97.66,7010658,DIS
2016-03-10,97.94,98.42,95.87,97.04,5453451,DIS
2016-03-11,97.57,98.35,97.54,97.94,5605768,DIS
2016-03-14,97.94,99.2199,97.84,98.81,6180701,DIS
2016-03-15,98.02,98.33,97.39,98.24,5942388,DIS
2016-03-16,98.16,99.08,97.47,98.44,6079376,DIS
2016-03-17,98.28,99.91,98.28,99.6,6384279,DIS
2016-03-18,99.98,100.15,98.96,99.2,10205081,DIS
2016-03-21,98.92,99.1199,97.7,98.46,7070271,DIS
2016-03-22,97.59,98.32,97.44,97.58,6475657,DIS
2016-03-23,97.72,97.845,96.75,96.83,5517747,DIS
2016-03-24,96.55,97.49,96.3,97.22,5577661,DIS
2016-03-28,97.5,98.46,97.45,98.09,5317112,DIS
2016-03-29,98.0,98.37,97.362,98.16,5170836,DIS
2016-03-30,98.9,99.09,98.345,98.91,5677471,DIS
2016-03-31,99.01,100.37,99.01,99.31,7038803,DIS
2016-04-01,98.8,99.3399,98.58,99.07,5895453,DIS
2016-04-04,99.3,99.44,98.58,98.68,5334697,DIS
2016-04-05,96.85,97.61,96.15,97.0,10818781,DIS
2016-04-06,96.96,97.63,96.83,97.48,6952406,DIS
2016-04-07,97.11,97.42,95.92,96.16,7525406,DIS
2016-04-08,96.63,96.84,95.8,96.42,6982660,DIS
2016-04-11,96.93,97.6399,96.195,96.27,5916642,DIS
2016-04-12,96.28,97.53,96.07,97.35,6277150,DIS
2016-04-13,98.03,99.81,97.96,99.48,7967391,DIS
2016-04-14,99.79,99.866,98.26,98.63,6676152,DIS
2016-04-15,98.5,98.8899,98.18,98.59,6146837,DIS
2016-04-18,99.6,101.95,99.5,101.48,10665222,DIS
2016-04-19,102.0,103.64,101.925,102.64,10639797,DIS
2016-04-20,103.02,103.48,101.96,103.27,7712027,DIS
2016-04-21,103.36,104.12,102.65,102.91,6824756,DIS
2016-04-22,103.06,103.99,102.93,103.77,5731332,DIS
2016-04-25,103.5,104.62,103.35,104.57,6117068,DIS
2016-04-26,104.58,105.57,104.18,104.89,6452933,DIS
2016-04-27,105.19,105.6,104.76,105.28,5996077,DIS
2016-04-28,104.54,105.49,103.8,104.03,5658271,DIS
2016-04-29,103.95,104.21,102.4,103.26,7006884,DIS
2016-05-02,103.3,104.57,102.8,104.36,5285731,DIS
2016-05-03,103.88,103.99,103.19,103.78,6243299,DIS
2016-05-04,103.31,104.48,103.2,103.67,6445065,DIS
2016-05-05,103.98,105.125,103.45,104.93,6465966,DIS
2016-05-06,104.51,105.74,104.39,105.54,7407498,DIS
2016-05-09,106.01,106.68,104.97,105.34,8130318,DIS
2016-05-10,105.53,106.75,105.45,106.6,15177195,DIS
2016-05-11,101.46,102.5,100.62,102.29,27068133,DIS
2016-05-12,102.5,102.85,101.125,101.71,11251703,DIS
2016-05-13,101.71,102.04,100.36,100.52,9570151,DIS
2016-05-16,100.41,100.67,99.37,100.36,9112952,DIS
2016-05-17,100.79,101.29,99.55,99.94,8694360,DIS
2016-05-18,99.59,99.77,98.36,99.0,9323116,DIS
2016-05-19,98.58,98.61,97.51,98.41,7063535,DIS
2016-05-20,99.0,99.93,98.77,99.78,7297012,DIS
2016-05-23,99.6,100.33,99.12,99.18,5588590,DIS
2016-05-24,99.45,100.04,99.38,99.51,5250783,DIS
2016-05-25,99.92,100.8,99.81,99.86,5678987,DIS
2016-05-26,99.89,100.49,99.57,99.81,3852638,DIS
2016-05-27,99.81,100.53,99.81,100.29,4589121,DIS
2016-05-31,99.85,99.89,98.57,99.22,10396157,DIS
2016-06-01,98.67,98.99,97.73,98.52,7243851,DIS
2016-06-02,98.07,98.72,97.87,98.72,4830090,DIS
2016-06-03,98.66,98.92,97.73,98.75,6857453,DIS
2016-06-06,98.96,99.12,98.465,98.78,4986555,DIS
2016-06-07,99.0,99.04,98.32,98.35,5608418,DIS
2016-06-08,98.49,98.8202,97.7,98.04,5466157,DIS
2016-06-09,97.82,97.926,97.1,97.84,5379363,DIS
2016-06-10,97.15,97.71,96.78,97.34,7204388,DIS
2016-06-13,96.75,98.98,96.7,97.57,8766346,DIS
2016-06-14,97.2,98.55,97.175,98.4,6125748,DIS
2016-06-15,98.19,99.0,98.19,98.27,6663175,DIS
2016-06-16,97.8,98.63,96.86,98.38,7129696,DIS
2016-06-17,98.41,99.1401,98.27,99.0,8959401,DIS
2016-06-20,100.08,100.96,99.5,99.57,8268636,DIS
2016-06-21,99.73,99.79,98.77,98.82,5202527,DIS
2016-06-22,99.08,99.62,98.7,98.79,4948868,DIS
2016-06-23,99.44,99.62,98.61,99.02,5826073,DIS
2016-06-24,96.01,97.28,95.14,95.72,15079933,DIS
2016-06-27,94.91,95.23,94.0,94.38,9485245,DIS
2016-06-28,95.46,96.28,95.14,96.05,7143103,DIS
2016-06-29,96.91,97.29,96.28,96.98,6563579,DIS
2016-06-30,97.1,98.07,96.88,97.82,7189489,DIS
2016-07-01,97.75,98.64,97.71,98.03,5681627,DIS
2016-07-05,97.77,98.0,97.165,97.66,5846412,DIS
2016-07-06,97.0,98.52,96.76,98.46,6223292,DIS
2016-07-07,97.63,98.48,97.58,98.41,5146032,DIS
2016-07-08,99.25,99.85,98.77,99.62,6045805,DIS
2016-07-11,99.8,100.35,99.4,99.98,5428018,DIS
2016-07-12,100.175,100.79,100.0,100.2,8508457,DIS
2016-07-13,100.46,100.8,99.85,99.88,5494690,DIS
2016-07-14,100.42,100.8,99.68,99.97,7461465,DIS
2016-07-15,100.42,100.54,99.54,99.8,5764374,DIS
2016-07-18,99.9,100.709,99.87,100.15,5051251,DIS
2016-07-19,99.81,99.99,99.361,99.47,5742736,DIS
2016-07-20,98.65,98.69,97.14,98.22,10664885,DIS
2016-07-21,98.17,99.125,97.62,98.01,7069554,DIS
2016-07-22,98.39,98.42,97.47,97.71,5381662,DIS
2016-07-25,97.9,98.06,97.2535,97.39,4825498,DIS
2016-07-26,97.02,97.16,96.34,96.69,6274830,DIS
2016-07-27,96.7,96.93,95.86,96.33,6911392,DIS
2016-07-28,96.4,96.49,95.82,95.91,7713512,DIS
2016-07-29,95.85,96.38,95.85,95.95,8263966,DIS
2016-08-01,96.15,96.2,95.08,95.54,7131587,DIS
2016-08-02,95.35,95.75,94.56,95.01,7644091,DIS
2016-08-03,95.06,96.425,95.0,96.09,9068697,DIS
2016-08-04,95.53,95.98,94.71,95.16,10038331,DIS
2016-08-05,95.4,96.0,95.35,95.83,6528537,DIS
2016-08-08,96.11,96.29,95.58,95.75,7792013,DIS
2016-08-09,95.61,96.85,95.3,96.67,15548695,DIS
2016-08-10,96.7,99.27,95.85,97.86,27181275,DIS
2016-08-11,98.2,98.39,97.15,97.77,9233890,DIS
2016-08-12,97.82,97.82,96.66,96.84,9360332,DIS
2016-08-15,97.35,97.61,96.92,97.1,5299588,DIS
2016-08-16,96.86,97.25,96.2681,96.88,5777756,DIS
2016-08-17,96.84,96.97,96.52,96.87,5697252,DIS
2016-08-18,96.87,97.12,96.55,96.65,5250741,DIS
2016-08-19,96.4,96.79,96.05,96.39,6362404,DIS
2016-08-22,96.47,96.47,95.65,95.87,5495336,DIS
2016-08-23,96.13,96.425,95.8,95.97,4996251,DIS
2016-08-24,96.01,96.22,95.51,95.82,5912529,DIS
2016-08-25,95.62,95.82,95.41,95.55,4518655,DIS
2016-08-26,95.66,96.13,94.75,95.21,6019553,DIS
2016-08-29,95.07,95.32,94.46,94.87,7902989,DIS
2016-08-30,94.77,95.29,94.77,94.86,6845046,DIS
2016-08-31,94.69,94.9,94.16,94.46,7375228,DIS
2016-09-01,94.73,94.87,93.91,94.26,6274204,DIS
2016-09-02,94.75,94.96,94.13,94.42,5382016,DIS
2016-09-06,94.53,94.53,93.35,93.8,8463523,DIS
2016-09-07,93.98,94.03,93.33,93.71,6281494,DIS
2016-09-08,93.49,94.21,92.925,94.09,7438081,DIS
2016-09-09,93.51,93.74,92.39,92.42,10248373,DIS
2016-09-12,91.96,93.86,91.95,93.64,9367303,DIS
2016-09-13,93.04,93.295,92.45,92.7,7795172,DIS
2016-09-14,92.59,92.8868,92.07,92.26,6386478,DIS
2016-09-15,92.12,92.75,91.19,92.5,7568163,DIS
2016-09-16,92.27,92.74,91.8,92.56,10568647,DIS
2016-09-19,92.8,93.3165,92.34,92.63,5421473,DIS
2016-09-20,92.7,93.3,92.68,92.95,6200107,DIS
2016-09-21,93.0,93.08,91.7,92.39,12049468,DIS
2016-09-22,92.73,93.71,92.64,93.41,6470732,DIS
2016-09-23,93.07,93.52,93.0,93.27,4407725,DIS
2016-09-26,92.47,92.68,91.4,91.96,10449325,DIS
2016-09-27,91.93,92.18,91.5,91.72,9167391,DIS
2016-09-28,91.75,92.3,91.48,92.2,8272345,DIS
2016-09-29,92.14,93.1,91.53,91.8,7476594,DIS
2016-09-30,92.28,93.4932,92.21,92.86,8923683,DIS
2016-10-03,92.47,92.72,92.05,92.49,5834717,DIS
2016-10-04,92.45,92.99,92.11,92.59,5903392,DIS
2016-10-05,92.94,93.28,92.38,92.45,5365007,DIS
2016-10-06,92.75,93.58,92.39,92.83,7484807,DIS
2016-10-07,93.06,93.29,92.02,92.49,6144089,DIS
2016-10-10,92.7,93.21,92.4,92.49,4241028,DIS
2016-10-11,92.33,92.38,91.57,91.86,6651134,DIS
2016-10-12,91.88,92.08,91.39,91.41,6836644,DIS
2016-10-13,90.95,91.36,90.315,91.12,5725154,DIS
2016-10-14,91.77,91.77,91.29,91.3,4345659,DIS
2016-10-17,91.35,91.47,90.56,90.83,5134605,DIS
2016-10-18,91.4,91.74,90.98,91.17,4890775,DIS
2016-10-19,91.27,92.14,91.0,91.93,6140496,DIS
2016-10-20,91.66,92.32,91.44,92.03,6153205,DIS
2016-10-21,91.33,94.19,90.599,93.03,13814538,DIS
2016-10-24,93.49,94.15,92.8,93.37,7280985,DIS
2016-10-25,93.14,93.36,92.64,92.75,6380747,DIS
2016-10-26,92.39,93.72,91.9,93.49,7152845,DIS
2016-10-27,93.8,94.3425,93.31,94.02,6646969,DIS
2016-10-28,93.89,94.4,93.53,93.85,7309117,DIS
2016-10-31,93.72,93.82,92.31,92.69,9957559,DIS
2016-11-01,92.78,92.99,91.66,92.39,6449806,DIS
2016-11-02,91.91,92.56,91.69,91.91,6716247,DIS
2016-11-03,92.26,94.13,92.24,93.37,7751400,DIS
2016-11-04,93.5,93.79,92.36,92.45,7456486,DIS
2016-11-07,93.77,94.48,92.9475,94.43,6996093,DIS
2016-11-08,94.53,94.85,93.9,94.38,6226852,DIS
2016-11-09,92.29,94.915,92.11,94.64,8635729,DIS
2016-11-10,94.89,96.06,94.23,94.96,13777923,DIS
2016-11-11,97.18,98.32,95.78,97.68,23008062,DIS
2016-11-14,97.56,98.31,97.45,97.92,13208417,DIS
2016-11-15,97.9,98.14,97.42,97.7,7184595,DIS
2016-11-16,98.33,99.17,98.1,99.12,9702404,DIS
2016-11-17,99.05,99.5,98.265,99.37,8662618,DIS
2016-11-18,99.05,99.37,98.14,98.24,8586121,DIS
2016-11-21,98.11,98.27,97.0,97.63,10771076,DIS
2016-11-22,97.5,97.93,97.2671,97.71,5323683,DIS
2016-11-23,97.67,98.28,97.59,98.26,6166487,DIS
2016-11-25,98.71,99.07,98.5,98.82,4396763,DIS
2016-11-28,98.52,99.2,98.32,98.97,7106669,DIS
2016-11-29,99.23,99.68,98.97,99.67,8396803,DIS
2016-11-30,99.4,100.2895,99.0,99.12,11369177,DIS
2016-12-01,99.13,99.75,98.62,98.94,9958086,DIS
2016-12-02,98.79,99.08,98.25,98.5,7737193,DIS
2016-12-05,98.98,100.27,98.68,99.96,11331542,DIS
2016-12-06,99.95,100.72,99.82,100.66,8427531,DIS
2016-12-07,100.51,102.07,100.44,101.99,12255742,DIS
2016-12-08,101.47,103.96,101.47,103.38,16524763,DIS
2016-12-09,103.49,105.5237,103.18,104.86,12173909,DIS
2016-12-12,104.61,104.7,103.73,104.06,7879703,DIS
2016-12-13,104.2,104.31,103.71,103.85,7393171,DIS
2016-12-14,103.62,104.4097,103.5,104.05,7961888,DIS
2016-12-15,103.85,105.64,103.82,104.39,8745434,DIS
2016-12-16,104.71,104.725,103.75,103.91,12635516,DIS
2016-12-19,105.7,106.26,105.065,105.3,11475633,DIS
2016-12-20,105.64,106.2,105.06,105.46,8947285,DIS
2016-12-21,104.61,105.91,104.51,105.56,5202436,DIS
2016-12-22,104.96,105.49,104.7,105.42,5230849,DIS
2016-12-23,105.24,105.34,104.75,105.15,3238753,DIS
2016-12-27,104.85,105.556,104.78,105.17,3639546,DIS
2016-12-28,104.99,105.32,104.06,104.3,5178645,DIS
2016-12-29,104.23,104.77,103.87,104.56,5896763,DIS
2016-12-30,104.57,105.0,103.96,104.22,6983340,DIS
2017-01-03,105.3,106.9,105.205,106.08,8884273,DIS
2017-01-04,106.64,107.5,106.25,107.44,8321991,DIS
2017-01-05,107.17,107.6171,106.79,107.38,6302974,DIS
2017-01-06,108.015,109.35,107.75,108.98,9551309,DIS
2017-01-09,108.58,108.83,108.11,108.36,6195195,DIS
2017-01-10,107.9,108.82,107.35,108.38,7901886,DIS
2017-01-11,108.54,109.4901,108.38,109.44,7616804,DIS
2017-01-12,108.12,109.0,107.43,107.53,8218893,DIS
2017-01-13,107.16,108.35,106.9,108.06,6488966,DIS
2017-01-17,107.91,108.93,107.65,107.97,7586483,DIS
2017-01-18,106.93,108.4,106.81,108.16,7162904,DIS
2017-01-19,107.92,108.01,107.08,107.28,5350191,DIS
2017-01-20,107.35,107.82,107.18,107.66,5648970,DIS
2017-01-23,107.34,107.68,106.57,107.12,5716598,DIS
2017-01-24,107.2,108.06,107.08,107.9,5456146,DIS
2017-01-25,108.23,108.42,108.0,108.04,6180212,DIS
2017-01-26,108.21,108.62,107.98,108.06,6088083,DIS
2017-01-27,108.49,109.4,108.15,109.3,5577657,DIS
2017-01-30,109.86,111.05,108.96,110.94,13793564,DIS
2017-01-31,110.59,110.8,109.98,110.65,8485838,DIS
2017-02-01,110.71,111.99,110.675,111.3,10501334,DIS
2017-02-02,111.21,111.54,110.55,110.61,6515922,DIS
2017-02-03,110.9,111.15,110.21,110.3,7923398,DIS
2017-02-06,109.92,110.15,109.3,109.57,6896292,DIS
2017-02-07,109.65,109.73,108.7739,109.0,10184848,DIS
2017-02-08,109.56,111.42,108.98,109.0,13615543,DIS
2017-02-09,109.07,109.85,109.0,109.49,6369737,DIS
2017-02-10,109.35,109.8,108.5814,109.26,7671800,DIS
2017-02-13,108.95,109.9,108.9,109.65,5654040,DIS
2017-02-14,109.8,110.33,109.53,110.33,4768695,DIS
2017-02-15,109.91,110.68,109.801,110.18,7087135,DIS
2017-02-16,110.34,110.87,110.09,110.71,7179625,DIS
2017-02-17,110.24,110.5,109.52,110.06,6349161,DIS
2017-02-21,109.94,110.21,109.8,110.01,5432730,DIS
2017-02-22,109.69,110.28,109.53,110.12,5478398,DIS
2017-02-23,110.3,110.49,109.59,109.73,5470661,DIS
2017-02-24,109.62,110.32,109.1,110.32,4786814,DIS
2017-02-27,109.93,110.47,109.83,110.23,3547735,DIS
2017-02-28,110.0,110.4,109.83,110.09,4766038,DIS
2017-03-01,110.66,111.8,110.66,111.04,7418101,DIS
2017-03-02,111.0,111.205,110.45,110.59,4715626,DIS
2017-03-03,110.34,111.5,110.04,111.24,5843886,DIS
2017-03-06,110.772,110.98,110.09,110.67,4983166,DIS
2017-03-07,110.7,110.93,110.16,110.86,5114421,DIS
2017-03-08,110.87,111.32,110.655,110.84,4929881,DIS
2017-03-09,110.9,111.32,110.69,111.03,4005660,DIS
2017-03-10,111.4,111.5,110.69,110.92,4027448,DIS
2017-03-13,110.92,111.68,110.82,111.52,5213562,DIS
2017-03-14,111.73,112.89,111.72,112.31,7273535,DIS
2017-03-15,112.43,112.45,111.15,111.87,5319516,DIS
2017-03-16,112.18,112.32,111.4,111.71,4409419,DIS
2017-03-17,111.87,112.09,111.175,111.76,9061194,DIS
2017-03-20,112.07,113.16,112.05,112.71,8156325,DIS
2017-03-21,112.97,113.1,111.54,111.75,7109766,DIS
2017-03-22,111.85,112.18,111.35,112.08,5044710,DIS
2017-03-23,111.71,112.98,111.66,112.24,8307922,DIS
2017-03-24,112.4,112.58,111.68,112.14,4707297,DIS
2017-03-27,111.81,112.55,111.45,112.38,4469820,DIS
2017-03-28,112.6,113.24,112.02,113.05,6280929,DIS
2017-03-29,112.66,112.94,112.31,112.53,3781206,DIS
2017-03-30,112.53,113.295,112.2768,113.18,4192753,DIS
2017-03-31,113.0,113.71,112.95,113.39,4617427,DIS
2017-04-03,113.18,113.65,112.43,113.2,4643439,DIS
2017-04-04,113.15,113.55,112.83,113.04,3386142,DIS
2017-04-05,113.58,113.84,112.79,113.0,4795081,DIS
2017-04-06,112.85,113.4201,112.39,113.05,4744006,DIS
2017-04-07,112.82,113.28,112.53,112.58,4300468,DIS
2017-04-10,112.8,112.89,112.04,112.43,4053564,DIS
2017-04-11,113.68,113.83,112.5901,113.07,5230837,DIS
2017-04-12,113.03,113.276,112.76,113.04,4086275,DIS
2017-04-13,113.04,114.2501,112.99,113.2,6530791,DIS
2017-04-17,113.33,113.94,113.22,113.78,5120176,DIS
2017-04-18,113.48,114.75,113.0,114.19,6191132,DIS
2017-04-19,114.56,115.0,113.54,113.73,5303424,DIS
2017-04-20,114.17,115.05,113.87,114.79,5279267,DIS
2017-04-21,114.38,115.12,114.27,114.44,6654516,DIS
2017-04-24,115.26,115.38,113.66,113.7,7294620,DIS
2017-04-25,113.73,115.52,113.68,115.18,6918330,DIS
2017-04-26,115.4,115.96,114.86,115.58,4809837,DIS
2017-04-27,115.8,116.1,115.39,115.84,3910767,DIS
2017-04-28,115.87,115.9,115.24,115.6,3987631,DIS
2017-05-01,115.59,115.61,114.72,114.73,4963309,DIS
2017-05-02,114.87,114.99,113.68,114.37,6604605,DIS
2017-05-03,114.03,114.09,111.18,111.62,11521209,DIS
2017-05-04,110.58,111.3,109.06,111.17,10690627,DIS
2017-05-05,111.49,112.15,110.92,111.99,5871354,DIS
2017-05-08,112.39,112.39,111.0,111.42,5980139,DIS
2017-05-09,111.55,112.1457,110.35,112.07,9337351,DIS
2017-05-10,109.0,109.66,108.13,109.66,17061077,DIS
2017-05-11,109.74,110.005,108.5,109.58,8021280,DIS
2017-05-12,109.8,109.89,109.27,109.69,5067654,DIS
2017-05-15,109.73,110.08,109.12,109.13,6241310,DIS
2017-05-16,109.12,109.23,107.82,107.98,10047055,DIS
2017-05-17,106.0,106.63,105.23,106.31,12763221,DIS
2017-05-18,105.98,107.31,105.98,106.68,6532185,DIS
2017-05-19,106.76,107.86,106.7,107.52,6336651,DIS
2017-05-22,107.65,108.2,107.41,107.63,5487199,DIS
2017-05-23,107.68,107.8,106.9142,107.02,7542646,DIS
2017-05-24,107.15,107.825,106.93,107.71,4405225,DIS
2017-05-25,108.13,108.13,106.775,107.27,8030392,DIS
2017-05-26,107.71,108.49,107.48,108.41,6236779,DIS
2017-05-30,108.49,108.6,107.9507,108.34,4813386,DIS
2017-05-31,108.4,108.65,107.64,107.94,9963649,DIS
2017-06-01,107.73,108.21,107.17,108.21,5907363,DIS
2017-06-02,108.46,108.64,106.95,107.18,10876862,DIS
2017-06-05,107.04,107.22,106.11,106.52,6372827,DIS
2017-06-06,106.17,106.19,104.61,105.5,9589493,DIS
2017-06-07,105.79,106.25,105.54,105.92,5777681,DIS
2017-06-08,105.47,105.56,104.16,104.32,11002357,DIS
2017-06-09,104.28,105.92,104.08,105.62,9392516,DIS
2017-06-12,105.89,107.2,105.89,107.04,8049453,DIS
2017-06-13,107.14,107.26,106.16,106.56,4918936,DIS
2017-06-14,106.95,107.01,105.76,106.14,4781080,DIS
2017-06-15,105.94,106.16,105.23,105.98,5309916,DIS
2017-06-16,106.28,106.35,104.765,105.51,8683368,DIS
2017-06-19,105.6,106.0,105.185,105.37,5956249,DIS
2017-06-20,105.07,105.3,103.81,103.94,7895674,DIS
2017-06-21,104.39,105.08,103.54,104.8,7765661,DIS
2017-06-22,104.71,104.77,104.09,104.22,6155991,DIS
2017-06-23,103.83,104.58,103.17,104.36,18147866,DIS
2017-06-26,104.6,105.85,104.56,105.57,5866969,DIS
2017-06-27,105.33,106.145,105.14,105.41,5694473,DIS
2017-06-28,106.02,107.54,104.52,106.86,7874406,DIS
2017-06-29,106.8,107.41,105.33,105.71,7268675,DIS
2017-06-30,106.25,106.56,105.5,106.25,5113841,DIS
2017-07-03,106.76,108.62,106.76,107.46,5399537,DIS
2017-07-05,107.83,107.85,105.29,105.63,8049724,DIS
2017-07-06,104.61,104.69,102.94,103.35,8690802,DIS
2017-07-07,103.51,103.73,102.72,103.32,6030928,DIS
2017-07-10,103.3,103.91,102.87,103.59,4421270,DIS
2017-07-11,103.6,104.19,103.188,103.84,4557336,DIS
2017-07-12,104.34,104.65,103.645,104.38,5203285,DIS
2017-07-13,104.45,105.34,104.04,104.29,5339465,DIS
2017-07-14,104.43,105.25,104.41,105.09,4370311,DIS
2017-07-17,105.17,105.42,104.71,104.79,3973789,DIS
2017-07-18,104.6,105.8,104.31,105.75,5740471,DIS
2017-07-19,106.13,106.87,106.05,106.82,5789363,DIS
2017-07-20,106.99,107.71,106.7499,107.36,6185510,DIS
2017-07-21,107.1,107.33,106.805,107.09,4328517,DIS
2017-07-24,107.31,107.535,106.9,107.0,4615539,DIS
2017-07-25,107.6,107.74,106.2,106.42,5394699,DIS
2017-07-26,106.55,107.03,106.31,106.94,4149006,DIS
2017-07-27,107.69,110.0,107.44,110.0,10468680,DIS
2017-07-28,109.98,110.19,109.665,109.96,4864456,DIS
2017-07-31,110.02,110.14,109.34,109.93,6815349,DIS
2017-08-01,109.98,110.83,109.95,110.61,5987217,DIS
2017-08-02,109.88,109.88,107.52,108.67,8812748,DIS
2017-08-03,108.52,109.17,108.045,109.12,6895774,DIS
2017-08-04,108.23,108.5,107.32,107.69,8503837,DIS
2017-08-07,107.59,107.65,106.11,106.35,8093098,DIS
2017-08-08,106.55,107.14,106.175,106.98,9787086,DIS
2017-08-09,100.71,103.0,100.5,102.83,27877607,DIS
2017-08-10,102.5,102.82,101.22,101.35,12259908,DIS
2017-08-11,101.25,102.51,101.03,101.99,9410408,DIS
2017-08-14,102.8,102.81,101.26,101.4,9707297,DIS
2017-08-15,101.63,102.1,101.36,101.51,8868514,DIS
2017-08-16,101.84,102.65,101.72,102.2,6698783,DIS
2017-08-17,102.24,102.585,101.34,101.38,6612443,DIS
2017-08-18,101.32,101.7425,100.66,100.7,6893916,DIS
2017-08-21,100.64,101.42,100.53,101.17,6492673,DIS
2017-08-22,101.41,102.91,101.17,102.77,6888650,DIS
2017-08-23,102.48,102.98,101.48,101.5,5954375,DIS
2017-08-24,101.82,102.03,101.43,101.52,6976592,DIS
2017-08-25,101.69,102.685,101.56,102.41,6186933,DIS
2017-08-28,102.49,102.85,102.08,102.56,5630425,DIS
2017-08-29,102.0,102.99,101.82,102.57,6011650,DIS
2017-08-30,102.48,103.45,102.48,102.87,6573211,DIS
2017-08-31,103.0,103.19,101.0,101.2,9823832,DIS
2017-09-01,101.65,101.92,101.36,101.5,7827433,DIS
2017-09-05,102.0,102.55,100.9,101.6,9592925,DIS
2017-09-06,101.76,102.035,100.89,101.5,7530956,DIS
2017-09-07,101.55,101.86,96.2,97.06,26419407,DIS
2017-09-08,96.49,97.49,96.26,97.07,13147662,DIS
2017-09-11,97.9,98.02,96.96,97.09,9610290,DIS
2017-09-12,97.59,98.36,97.125,97.89,9151729,DIS
2017-09-13,98.24,98.9491,98.02,98.82,7615303,DIS
2017-09-14,98.79,98.84,97.5375,97.9,9710030,DIS
2017-09-15,98.05,98.9299,98.0,98.52,23870293,DIS
2017-09-18,98.39,98.72,97.72,98.1,7013634,DIS
2017-09-19,98.23,98.67,98.08,98.43,6970280,DIS
2017-09-20,98.76,99.28,98.62,99.21,6459058,DIS
2017-09-21,99.19,99.39,98.75,98.89,4958036,DIS
2017-09-22,98.55,98.99,98.53,98.6,6359080,DIS
2017-09-25,98.6,99.645,98.42,99.57,7492545,DIS
2017-09-26,99.64,99.74,98.61,98.63,6220508,DIS
2017-09-27,98.97,99.525,98.02,99.24,7596559,DIS
2017-09-28,98.77,99.05,98.0,98.05,7149615,DIS
2017-09-29,97.89,98.59,97.66,98.57,8185858,DIS
2017-10-02,99.31,100.44,99.11,99.86,6923319,DIS
2017-10-03,100.05,100.85,99.91,100.79,5447727,DIS
2017-10-04,100.74,100.93,100.2,100.55,5126136,DIS
2017-10-05,100.64,100.87,100.02,100.11,4736650,DIS
2017-10-06,99.95,100.27,99.34,100.07,4360212,DIS
2017-10-09,100.81,100.98,99.45,99.57,5429606,DIS
2017-10-10,99.99,100.07,98.6639,99.58,7704374,DIS
2017-10-11,99.58,99.58,98.045,98.55,7984043,DIS
2017-10-12,97.56,97.8158,96.81,96.93,11018249,DIS
2017-10-13,96.8,97.68,96.8,97.38,6857969,DIS
2017-10-16,97.64,98.27,97.54,98.13,4911623,DIS
2017-10-17,98.4,98.47,97.86,98.36,5942501,DIS
2017-10-18,98.36,98.49,97.55,98.25,5404326,DIS
2017-10-19,98.19,99.3,98.1148,99.01,5634272,DIS
2017-10-20,99.45,99.66,98.94,99.4,5938716,DIS
2017-10-23,99.12,99.18,98.63,98.7,5888226,DIS
2017-10-24,98.52,98.86,98.06,98.29,4966173,DIS
2017-10-25,98.05,98.22,97.45,97.78,4094746,DIS
2017-10-26,97.58,99.48,97.25,98.56,6167514,DIS
2017-10-27,97.9,98.36,96.89,98.31,7868685,DIS
2017-10-30,98.12,98.33,97.7025,98.04,7093151,DIS
2017-10-31,97.94,98.086,97.3842,97.81,5701674,DIS
2017-11-01,98.13,99.46,98.0,99.03,6920435,DIS
2017-11-02,98.87,99.12,98.015,98.35,6799214,DIS
2017-11-03,98.36,99.3799,97.9,98.64,5417514,DIS
2017-11-06,98.37,101.13,98.35,100.64,14728723,DIS
2017-11-07,101.29,102.9,100.74,101.61,12177479,DIS
2017-11-08,101.88,102.0,100.42,101.18,8023234,DIS
2017-11-09,100.83,103.91,100.8,102.68,12086586,DIS
2017-11-10,104.99,106.24,104.08,104.78,16701518,DIS
2017-11-13,104.14,105.14,103.98,104.74,7856012,DIS
2017-11-14,104.57,104.57,103.0,103.17,6929251,DIS
2017-11-15,102.75,103.96,102.4488,103.69,5691471,DIS
2017-11-16,103.63,103.98,102.76,103.6,6410860,DIS
2017-11-17,103.22,103.99,102.971,103.44,7500844,DIS
2017-11-20,103.42,103.42,102.7,102.75,5112563,DIS
2017-11-21,102.97,103.17,102.79,103.0,5725938,DIS
2017-11-22,103.22,103.32,102.69,102.74,4140660,DIS
2017-11-24,102.91,102.92,102.45,102.64,2217591,DIS
2017-11-27,102.63,102.97,102.38,102.79,4007511,DIS
2017-11-28,102.56,103.875,102.17,103.41,8401145,DIS
2017-11-29,103.5,106.26,103.43,105.24,14503076,DIS
2017-11-30,105.36,105.71,104.465,104.82,9948999,DIS
2017-12-01,104.58,105.85,103.87,105.25,9258403,DIS
2017-12-04,106.5,112.67,106.5,110.22,17823953,DIS
2017-12-05,109.53,110.04,106.52,107.22,13055578,DIS
2017-12-06,107.17,107.99,105.36,105.46,8121673,DIS
2017-12-07,105.74,106.0,104.49,105.26,9948639,DIS
2017-12-08,104.91,104.98,104.0775,104.23,6536601,DIS
2017-12-11,104.87,106.84,104.77,106.83,7433971,DIS
2017-12-12,107.6,107.83,106.585,107.43,8147001,DIS
2017-12-13,108.15,108.19,106.75,107.61,10368257,DIS
2017-12-14,107.75,111.54,107.2,110.57,27571330,DIS
2017-12-15,111.805,112.0,110.6,111.27,19978625,DIS
2017-12-18,111.85,111.99,110.305,111.03,12270002,DIS
2017-12-19,111.05,112.39,110.77,111.81,10546560,DIS
2017-12-20,111.625,112.3,109.69,109.69,8661137,DIS
2017-12-21,109.52,111.09,109.1892,109.57,9372829,DIS
2017-12-22,109.4,109.685,108.45,108.67,7378369,DIS
2017-12-26,108.49,109.37,107.89,108.12,3982398,DIS
2017-12-27,108.42,108.55,107.455,107.64,5624037,DIS
2017-12-28,108.0,108.05,107.06,107.77,3477741,DIS
2017-12-29,108.05,108.34,107.51,107.51,4538403,DIS
2018-01-02,108.95,111.81,108.56,111.8,11014303,DIS
2018-01-03,112.19,113.19,111.45,112.28,9237926,DIS
2018-01-04,112.95,113.0,111.63,112.23,7417409,DIS
2018-01-05,112.68,112.68,111.24,111.62,6008285,DIS
2018-01-08,110.89,111.28,109.54,110.02,8052594,DIS
2018-01-09,110.13,110.86,109.86,109.94,5838021,DIS
2018-01-10,109.96,110.5,109.01,109.47,6059991,DIS
2018-01-11,110.25,111.08,109.51,110.99,6426959,DIS
2018-01-12,111.32,112.72,111.0,112.47,5899861,DIS
2018-01-16,113.07,113.16,110.62,110.69,8069201,DIS
2018-01-17,111.2,112.21,110.565,111.97,7030711,DIS
2018-01-18,111.74,111.99,110.2,110.42,8070928,DIS
2018-01-19,110.97,111.09,109.84,110.59,10514262,DIS
2018-01-22,110.27,111.555,110.06,111.1,8073624,DIS
2018-01-23,110.27,111.14,109.89,110.41,7477282,DIS
2018-01-24,110.96,111.43,110.29,110.5,7211784,DIS
2018-01-25,110.6,111.82,110.12,110.55,6291011,DIS
2018-01-26,110.81,112.5324,110.67,112.19,7743825,DIS
2018-01-29,112.1,112.45,111.24,111.54,6847766,DIS
2018-01-30,111.42,112.42,110.1,110.11,8393878,DIS
2018-01-31,110.08,110.12,108.47,108.67,9841413,DIS
2018-02-01,108.62,110.65,107.36,110.49,9518857,DIS
2018-02-02,109.95,110.58,108.45,108.7,9947657,DIS
2018-02-05,107.1,108.63,104.01,104.7,15107942,DIS
2018-02-06,102.88,106.2,101.76,106.17,17765068,DIS
2018-02-07,107.83,108.03,104.41,104.76,12444982,DIS
2013-02-08,28.89,29.17,28.51,28.545,37662614,FB
2013-02-11,28.61,28.68,28.04,28.26,36979533,FB
2013-02-12,27.67,28.16,27.1,27.37,93417215,FB
2013-02-13,27.36,28.32,27.31,27.9075,50100805,FB
2013-02-14,28.02,28.63,28.01,28.5,35581045,FB
2013-02-15,28.52,28.75,28.09,28.32,33061895,FB
2013-02-19,28.23,29.08,28.12,28.93,49356691,FB
2013-02-20,28.92,29.05,28.33,28.462,42046417,FB
2013-02-21,28.28,28.55,27.15,27.283,49593513,FB
2013-02-22,27.62,27.63,26.82,27.13,36299386,FB
2013-02-25,27.16,27.64,27.15,27.27,34559101,FB
2013-02-26,27.36,27.46,26.7,27.39,31585238,FB
2013-02-27,27.34,27.34,26.63,26.87,44266586,FB
2013-02-28,26.84,27.3,26.34,27.25,82980886,FB
2013-03-01,27.05,28.1164,26.81,27.78,54040282,FB
2013-03-04,27.76,28.06,27.44,27.72,32377922,FB
2013-03-05,27.88,28.18,27.21,27.52,40193063,FB
2013-03-06,28.1,28.13,27.35,27.4525,33481681,FB
2013-03-07,27.57,28.675,27.47,28.578,74454860,FB
2013-03-08,28.425,28.47,27.73,27.96,44167632,FB
2013-03-11,28.01,28.64,27.83,28.14,35593143,FB
2013-03-12,28.1,28.32,27.6,27.83,27509183,FB
2013-03-13,27.62,27.65,26.92,27.08,39537298,FB
2013-03-14,27.1,27.43,26.83,27.04,27618325,FB
2013-03-15,27.03,27.06,26.56,26.645,31561265,FB
2013-03-18,26.37,26.79,25.78,26.49,26627806,FB
2013-03-19,26.53,26.9,26.21,26.55,25229042,FB
2013-03-20,26.68,26.69,25.78,25.86,43942514,FB
2013-03-21,25.66,26.11,25.56,25.74,24304408,FB
2013-03-22,25.796,26.01,25.63,25.73,18423908,FB
2013-03-25,25.75,25.8,25.078,25.131,39161218,FB
2013-03-26,25.08,25.48,25.03,25.205,26939599,FB
2013-03-27,25.0,26.28,24.72,26.09,52258253,FB
2013-03-28,26.09,26.17,25.52,25.58,28572419,FB
2013-04-01,25.63,25.89,25.28,25.53,22213171,FB
2013-04-02,25.77,26.12,25.3,25.42,35124893,FB
2013-04-03,25.83,26.39,25.7,26.25,48128075,FB
2013-04-04,26.62,27.2301,26.11,27.0725,81931310,FB
2013-04-05,26.86,27.8,26.61,27.39,64496186,FB
2013-04-08,27.19,27.2,26.63,26.849,27235677,FB
2013-04-09,26.58,26.89,26.42,26.59,21283261,FB
2013-04-10,27.0099,27.84,26.9,27.57,45896160,FB
2013-04-11,27.48,28.1,27.25,28.0175,33320952,FB
2013-04-12,28.0,28.0,27.24,27.4,28656896,FB
2013-04-15,27.16,27.48,26.36,26.52,30193964,FB
2013-04-16,26.81,27.11,26.4,26.92,27362116,FB
2013-04-17,26.65,27.2,26.39,26.625,26415310,FB
2013-04-18,26.82,26.82,25.15,25.69,39023033,FB
2013-04-19,25.62,25.96,25.33,25.73,20353547,FB
2013-04-22,25.81,26.36,25.7,25.97,25652721,FB
2013-04-23,26.215,26.33,25.77,25.98,25151001,FB
2013-04-24,25.93,26.4,25.8,26.11,19708346,FB
2013-04-25,26.07,26.4,26.0,26.14,17096750,FB
2013-04-26,26.6,27.62,26.6,26.85,32967841,FB
2013-04-29,27.16,27.41,26.86,26.98,28921364,FB
2013-04-30,27.13,27.85,27.005,27.769,36190778,FB
2013-05-01,27.85,27.915,27.31,27.43,63608087,FB
2013-05-02,28.0099,29.02,27.98,28.97,104167498,FB
2013-05-03,29.04,29.07,28.15,28.311,58243465,FB
2013-05-06,28.33,28.46,27.48,27.57,43862625,FB
2013-05-07,27.55,27.85,26.85,26.889,41196823,FB
2013-05-08,26.88,27.3,26.65,27.12,34607912,FB
2013-05-09,27.08,27.55,26.85,27.04,33386333,FB
2013-05-10,27.14,27.3,26.57,26.68,30805291,FB
2013-05-13,26.6,27.325,26.531,26.82,29009648,FB
2013-05-14,26.8854,27.28,26.82,27.07,24902009,FB
2013-05-15,26.92,26.99,26.4,26.6,30264929,FB
2013-05-16,26.48,26.55,25.9,26.13,35488576,FB
2013-05-17,26.4,26.6,26.2,26.25,29437107,FB
2013-05-20,26.18,26.19,25.69,25.759,42370906,FB
2013-05-21,25.87,26.075,25.59,25.66,26235841,FB
2013-05-22,25.65,25.85,24.92,25.159,45258811,FB
2013-05-23,24.8,25.53,24.77,25.06,37659380,FB
2013-05-24,24.97,24.97,24.08,24.3125,58675970,FB
2013-05-28,24.54,24.54,23.92,24.1,50054886,FB
2013-05-29,23.79,23.81,23.26,23.32,64160837,FB
2013-05-30,24.13,24.779,23.93,24.55,60617851,FB
2013-05-31,24.63,24.95,24.27,24.348,35897146,FB
2013-06-03,24.265,24.32,23.71,23.848,35701572,FB
2013-06-04,23.89,23.93,23.32,23.52,34758418,FB
2013-06-05,23.35,23.705,22.79,22.899,53783403,FB
2013-06-06,22.99,23.09,22.67,22.97,31227999,FB
2013-06-07,23.03,23.4,22.86,23.291,38685767,FB
2013-06-10,24.06,24.6,23.99,24.33,58321671,FB
2013-06-11,24.03,24.35,24.0,24.03,29855079,FB
2013-06-12,24.16,24.26,23.58,23.77,26407850,FB
2013-06-13,23.72,23.83,23.265,23.73,31101772,FB
2013-06-14,23.56,23.89,23.26,23.63,30626805,FB
2013-06-17,23.91,24.25,23.75,24.022,33603061,FB
2013-06-18,24.09,24.69,24.08,24.21,36672094,FB
2013-06-19,24.2,25.19,24.1,24.309,31741274,FB
2013-06-20,24.28,24.745,23.65,23.9,42737997,FB
2013-06-21,24.59,24.7,24.05,24.53,45807968,FB
2013-06-24,23.95,24.11,23.38,23.935,40593692,FB
2013-06-25,24.14,24.43,24.04,24.25,24711324,FB
2013-06-26,24.51,24.65,23.99,24.16,29869415,FB
2013-06-27,24.24,24.84,24.21,24.66,34654256,FB
2013-06-28,24.68,24.98,24.42,24.88,96755618,FB
2013-07-01,24.9694,25.0601,24.62,24.81,20569420,FB
2013-07-02,24.7,24.77,24.3,24.41,18355208,FB
2013-07-03,24.22,24.71,24.15,24.52,10404332,FB
2013-07-05,24.65,24.66,24.2,24.37,20209801,FB
2013-07-08,24.47,25.04,24.42,24.71,27060750,FB
2013-07-09,25.07,25.49,25.03,25.48,30350980,FB
2013-07-10,25.58,25.83,25.47,25.8,26761906,FB
2013-07-11,25.96,26.0,25.45,25.81,26760354,FB
2013-07-12,25.74,25.93,25.55,25.91,16509018,FB
2013-07-15,25.93,26.43,25.65,26.28,24221917,FB
2013-07-16,26.39,26.75,26.01,26.32,30788434,FB
2013-07-17,26.37,26.78,26.3,26.65,21496181,FB
2013-07-18,26.75,26.77,26.12,26.18,24721706,FB
2013-07-19,25.82,26.1077,25.6,25.881,46533765,FB
2013-07-22,25.99,26.13,25.72,26.045,27503120,FB
2013-07-23,26.1,26.3,25.97,26.13,28175456,FB
2013-07-24,26.32,26.53,26.05,26.51,78799081,FB
2013-07-25,33.545,34.88,32.75,34.359,365380568,FB
2013-07-26,33.77,34.73,33.56,34.01,135913708,FB
2013-07-29,34.07,35.63,34.01,35.43,124761328,FB
2013-07-30,35.65,37.96,35.32,37.627,173095430,FB
2013-07-31,37.96,38.31,36.33,36.8,154729632,FB
2013-08-01,37.3,38.29,36.92,37.489,105923556,FB
2013-08-02,37.66,38.49,37.5,38.05,72753482,FB
2013-08-05,38.43,39.32,38.25,39.189,79851445,FB
2013-08-06,39.11,39.25,37.94,38.55,63861878,FB
2013-08-07,38.61,38.94,37.7,38.87,68760036,FB
2013-08-08,39.13,39.19,38.43,38.54,41195029,FB
2013-08-09,38.59,38.74,38.01,38.5,43553093,FB
2013-08-12,38.2,38.5,38.1,38.22,31102475,FB
2013-08-13,38.24,38.32,36.77,37.019,65277931,FB
2013-08-14,36.83,37.55,36.62,36.65,48350658,FB
2013-08-15,36.36,37.07,36.0201,36.56,56439536,FB
2013-08-16,36.97,37.49,36.9,37.08,45761142,FB
2013-08-19,37.43,38.28,37.14,37.81,57511315,FB
2013-08-20,38.35,38.58,37.69,38.41,57918043,FB
2013-08-21,38.38,38.85,38.145,38.32,46012705,FB
2013-08-22,38.37,38.75,38.34,38.55,21864167,FB
2013-08-23,39.0,40.63,38.93,40.55,86294354,FB
2013-08-26,40.9,41.94,40.62,41.34,94003719,FB
2013-08-27,40.68,41.2,39.42,39.64,72591340,FB
2013-08-28,39.96,40.85,39.88,40.548,57633448,FB
2013-08-29,40.89,41.78,40.8,41.28,58200104,FB
2013-08-30,42.025,42.26,41.06,41.294,67614292,FB
2013-09-03,41.84,42.165,41.51,41.87,48680163,FB
2013-09-04,42.01,42.17,41.44,41.78,42514254,FB
2013-09-05,41.79,42.765,41.77,42.66,49959995,FB
2013-09-06,43.09,44.61,42.4,43.95,117404531,FB
2013-09-09,44.36,44.79,43.7,44.04,75694727,FB
2013-09-10,44.24,44.26,43.23,43.6,54484713,FB
2013-09-11,43.39,45.09,43.11,45.04,71987696,FB
2013-09-12,45.53,45.62,44.65,44.75,67984695,FB
2013-09-13,45.04,45.08,43.93,44.31,52722979,FB
2013-09-16,44.85,44.94,42.43,42.51,70643055,FB
2013-09-17,42.5,45.44,42.43,45.07,91791148,FB
2013-09-18,44.84,45.47,44.395,45.23,79195609,FB
2013-09-19,45.51,46.05,45.23,45.98,63900139,FB
2013-09-20,46.32,47.6,45.74,47.49,115383977,FB
2013-09-23,47.28,47.55,46.29,47.19,75184675,FB
2013-09-24,48.505,49.66,48.16,48.45,136424276,FB
2013-09-25,49.23,49.54,48.46,49.46,87648664,FB
2013-09-26,50.01,50.6,49.5,50.39,98022379,FB
2013-09-27,50.29,51.28,49.86,51.24,81198674,FB
2013-09-30,50.14,51.6,49.8,50.23,99731046,FB
2013-10-01,49.97,51.03,49.45,50.42,97982198,FB
2013-10-02,50.13,51.1,49.95,50.28,62697277,FB
2013-10-03,50.47,50.72,49.06,49.183,81766820,FB
2013-10-04,49.77,51.16,49.57,51.04,74331493,FB
2013-10-07,50.73,51.29,50.4,50.515,57111374,FB
2013-10-08,50.6,50.6,47.08,47.14,135793306,FB
2013-10-09,47.375,47.84,45.26,46.77,147101894,FB
2013-10-10,47.865,49.68,47.83,49.05,99773784,FB
2013-10-11,49.18,49.87,48.79,49.11,58428451,FB
2013-10-14,48.31,49.63,47.91,49.51,68780552,FB
2013-10-15,49.99,51.0,49.18,49.5,81166571,FB
2013-10-16,50.04,51.24,49.9,51.135,64678247,FB
2013-10-17,51.12,52.22,50.95,52.21,71521899,FB
2013-10-18,54.18,54.825,53.6,54.22,88260093,FB
2013-10-21,54.68,54.81,53.51,53.85,58235283,FB
2013-10-22,54.33,54.76,52.2,52.675,83203892,FB
2013-10-23,51.75,52.25,51.13,51.9,57207154,FB
2013-10-24,52.38,52.84,51.5928,52.445,46775185,FB
2013-10-25,53.18,53.24,51.88,51.95,45085348,FB
2013-10-28,51.54,51.7,49.61,50.229,73472347,FB
2013-10-29,50.73,50.79,49.25,49.395,102143469,FB
2013-10-30,50.0,50.21,48.75,49.01,127072652,FB
2013-10-31,47.155,52.0,46.5,50.205,248809006,FB
2013-11-01,50.85,52.09,49.72,49.75,95032876,FB
2013-11-04,49.365,49.75,48.02,48.22,80371218,FB
2013-11-05,47.79,50.18,47.51,50.105,76835006,FB
2013-11-06,50.26,50.45,48.71,49.12,67889337,FB
2013-11-07,49.24,49.87,47.3,47.56,97127618,FB
2013-11-08,47.81,48.65,47.25,47.53,70731178,FB
2013-11-11,47.04,47.53,45.73,46.2,80909626,FB
2013-11-12,46.0,47.37,45.83,46.605,68195832,FB
2013-11-13,46.23,48.74,46.06,48.71,79245346,FB
2013-11-14,48.7,49.57,48.03,48.99,75117049,FB
2013-11-15,49.11,49.48,48.71,49.01,42452937,FB
2013-11-18,48.47,48.84,45.8,45.83,85909884,FB
2013-11-19,46.26,47.0,45.72,46.36,75602413,FB
2013-11-20,46.61,47.55,46.31,46.43,53932698,FB
2013-11-21,46.99,47.46,46.685,46.7,34886170,FB
2013-11-22,47.04,47.27,45.96,46.23,40545375,FB
2013-11-25,46.36,46.65,44.04,44.82,82565324,FB
2013-11-26,44.66,46.17,43.55,45.89,82016490,FB
2013-11-27,45.97,46.67,45.53,46.49,44993195,FB
2013-11-29,46.75,47.21,46.5,47.01,22953916,FB
2013-12-02,46.9,47.54,46.26,47.06,50773647,FB
2013-12-03,46.75,47.2,46.29,46.73,32085905,FB
2013-12-04,46.46,48.77,46.26,48.62,60890176,FB
2013-12-05,48.15,48.7,47.87,48.34,43855036,FB
2013-12-06,48.98,49.39,47.71,47.94,42937659,FB
2013-12-09,48.09,48.97,47.74,48.84,36055891,FB
2013-12-10,48.64,50.77,48.54,50.245,68478561,FB
2013-12-11,50.55,50.77,49.01,49.38,65776366,FB
2013-12-12,51.045,52.07,50.66,51.83,92723034,FB
2013-12-13,51.66,53.5,51.34,53.32,82640992,FB
2013-12-16,53.25,54.5,52.91,53.81,85118518,FB
2013-12-17,54.76,55.18,54.24,54.86,78751463,FB
2013-12-18,54.86,55.89,53.75,55.57,76003479,FB
2013-12-19,54.33,55.19,53.95,55.05,89825393,FB
2013-12-20,54.93,55.15,54.23,55.12,239823912,FB
2013-12-23,55.5,58.32,55.45,57.77,98296983,FB
2013-12-24,58.27,58.58,56.91,57.96,46617754,FB
2013-12-26,58.32,58.38,57.37,57.73,55101367,FB
2013-12-27,57.48,57.68,55.25,55.44,60465751,FB
2013-12-30,54.93,55.18,53.43,53.71,68307317,FB
2013-12-31,54.12,54.86,53.91,54.649,43152127,FB
2014-01-02,54.83,55.22,54.19,54.71,43257622,FB
2014-01-03,55.02,55.65,54.53,54.557,38287706,FB
2014-01-06,54.42,57.26,54.05,57.2,68974359,FB
2014-01-07,57.7,58.55,57.22,57.92,77329009,FB
2014-01-08,57.6,58.41,57.23,58.23,56800776,FB
2014-01-09,58.65,58.96,56.65,57.22,92349222,FB
2014-01-10,57.13,58.3,57.06,57.94,42529258,FB
2014-01-13,57.91,58.25,55.38,55.91,63106519,FB
2014-01-14,56.46,57.78,56.1,57.74,37590987,FB
2014-01-15,57.98,58.57,57.27,57.6,33730619,FB
2014-01-16,57.26,58.02,56.83,57.19,34599775,FB
2014-01-17,57.3,57.82,56.07,56.3,40883205,FB
2014-01-21,56.6,58.58,56.5,58.51,48734147,FB
2014-01-22,58.85,59.31,57.1,57.51,61495880,FB
2014-01-23,56.37,56.68,55.6855,56.63,47996403,FB
2014-01-24,56.15,56.42,54.4,54.45,55545338,FB
2014-01-27,54.73,54.9401,51.85,53.55,74142331,FB
2014-01-28,54.02,55.28,54.0,55.14,48364998,FB
2014-01-29,54.61,54.95,53.19,53.53,98089932,FB
2014-01-30,62.12,62.5,60.46,61.08,150438699,FB
2014-01-31,60.47,63.37,60.17,62.57,87930298,FB
2014-02-03,63.03,63.77,60.7,61.48,75105994,FB
2014-02-04,62.05,63.14,61.82,62.75,46064897,FB
2014-02-05,62.74,63.16,61.27,62.19,53032420,FB
2014-02-06,61.46,62.78,61.46,62.16,42153754,FB
2014-02-07,62.27,64.57,62.22,64.32,60835746,FB
2014-02-10,64.3,64.49,63.473,63.548,43736562,FB
2014-02-11,63.75,65.0,63.35,64.851,45746832,FB
2014-02-12,64.92,65.06,64.05,64.45,47409857,FB
2014-02-13,64.18,67.33,64.05,67.33,62013396,FB
2014-02-14,67.5,67.58,66.72,67.09,36786427,FB
2014-02-18,66.94,67.5397,66.07,67.3,43862297,FB
2014-02-19,67.05,69.08,67.0,68.06,64258631,FB
2014-02-20,67.73,70.11,65.727,69.63,131043748,FB
2014-02-21,69.69,69.96,68.45,68.59,70991892,FB
2014-02-24,68.74,71.44,68.54,70.78,76951946,FB
2014-02-25,70.95,71.0,69.45,69.85,52189031,FB
2014-02-26,70.19,71.22,68.85,69.26,55400399,FB
2014-02-27,69.34,70.01,68.87,68.94,41695855,FB
2014-02-28,69.47,69.88,67.38,68.46,66900863,FB
2014-03-03,66.96,68.05,66.51,67.41,56811349,FB
2014-03-04,68.66,68.9,67.62,68.8,42164222,FB
2014-03-05,69.69,71.97,69.62,71.57,74649486,FB
2014-03-06,71.88,71.89,70.25,70.84,46126260,FB
2014-03-07,71.08,71.18,69.47,69.8,38985763,FB
2014-03-10,70.77,72.15,70.51,72.03,59949746,FB
2014-03-11,72.5,72.59,69.96,70.1,59615238,FB
2014-03-12,69.86,71.35,69.0,70.8799,46400431,FB
2014-03-13,71.29,71.35,68.15,68.83,57091157,FB
2014-03-14,68.49,69.43,67.46,67.72,48226824,FB
2014-03-17,68.18,68.95,66.62,68.7399,52196699,FB
2014-03-18,68.76,69.6,68.3,69.19,40827226,FB
2014-03-19,69.17,69.29,67.465,68.24,43980558,FB
2014-03-20,68.01,68.23,66.82,66.97,44438500,FB
2014-03-21,67.53,67.92,66.1786,67.24,60041228,FB
2014-03-24,67.19,67.36,63.36,64.1,85695872,FB
2014-03-25,64.89,66.19,63.78,64.89,68785500,FB
2014-03-26,64.74,64.95,60.37,60.385,97689774,FB
2014-03-27,60.51,61.9,57.98,60.97,112649694,FB
2014-03-28,61.34,61.95,59.335,60.01,67051528,FB
2014-03-31,60.78,61.52,59.87,60.24,53011205,FB
2014-04-01,60.46,62.66,60.24,62.62,59291210,FB
2014-04-02,63.21,63.91,62.21,62.72,66144812,FB
2014-04-03,62.55,63.17,59.13,59.49,83859330,FB
2014-04-04,59.94,60.2,56.32,56.749,125465774,FB
2014-04-07,55.9,58.0,55.44,56.95,108487569,FB
2014-04-08,57.68,58.71,57.17,58.1901,78835935,FB
2014-04-09,59.63,62.4558,59.1882,62.41,100215307,FB
2014-04-10,63.08,63.18,58.68,59.16,114987616,FB
2014-04-11,57.6,60.31,57.31,58.53,91451960,FB
2014-04-14,60.09,60.45,57.78,58.89,72324603,FB
2014-04-15,59.29,59.68,55.88,59.09,108622706,FB
2014-04-16,59.79,60.19,57.74,59.72,78773521,FB
2014-04-17,59.3,60.58,58.72,58.94,88040346,FB
2014-04-21,59.46,61.24,59.15,61.24,60363619,FB
2014-04-22,62.65,63.44,62.22,63.0301,60631312,FB
2014-04-23,63.45,63.48,61.26,61.36,96564750,FB
2014-04-24,63.6,63.65,59.77,60.87,138769345,FB
2014-04-25,59.97,60.01,57.57,57.71,92501529,FB
2014-04-28,58.05,58.31,54.66,56.14,107757756,FB
2014-04-29,56.09,58.28,55.84,58.15,75557202,FB
2014-04-30,57.58,59.85,57.16,59.78,76093004,FB
2014-05-01,60.43,62.28,60.21,61.15,82428606,FB
2014-05-02,61.3,61.89,60.18,60.46,54189197,FB
2014-05-05,59.67,61.35,59.18,61.22,46057411,FB
2014-05-06,60.98,61.15,58.49,58.53,55900809,FB
2014-05-07,58.77,59.3,56.26,57.39,78587247,FB
2014-05-08,57.23,58.82,56.5,56.76,61251053,FB
2014-05-09,56.85,57.65,56.38,57.24,52583858,FB
2014-05-12,57.98,59.9,57.98,59.83,48575487,FB
2014-05-13,59.66,60.89,59.51,59.83,48525476,FB
2014-05-14,59.53,60.45,58.95,59.23,47428583,FB
2014-05-15,59.26,59.38,57.52,57.919,56813940,FB
2014-05-16,58.31,58.45,57.31,58.0199,47933075,FB
2014-05-19,57.89,59.56,57.57,59.21,43033925,FB
2014-05-20,59.5,60.19,58.18,58.56,53931469,FB
2014-05-21,58.56,60.5,58.25,60.49,58991505,FB
2014-05-22,60.94,61.48,60.4,60.52,54200116,FB
2014-05-23,60.41,61.45,60.15,61.351,38293993,FB
2014-05-27,61.62,63.51,61.57,63.48,55681663,FB
2014-05-28,63.39,64.14,62.62,63.51,47795088,FB
2014-05-29,63.84,64.3,63.51,63.83,42699670,FB
2014-05-30,63.95,64.17,62.56,63.3,45283577,FB
2014-06-02,63.23,63.59,62.05,63.08,35995537,FB
2014-06-03,62.62,63.42,62.32,62.87,32216707,FB
2014-06-04,62.45,63.59,62.07,63.34,36513991,FB
2014-06-05,63.66,64.36,62.82,63.186,47352368,FB
2014-06-06,63.37,63.48,62.15,62.5,42442096,FB
2014-06-09,62.4,63.34,61.79,62.88,37617413,FB
2014-06-10,63.53,65.82,63.5,65.77,69338140,FB
2014-06-11,65.32,65.8,64.9,65.781,44241926,FB
2014-06-12,65.85,66.47,64.06,64.2901,55729828,FB
2014-06-13,64.7,64.97,63.83,64.5,29418910,FB
2014-06-16,64.16,64.88,63.75,64.19,31045811,FB
2014-06-17,64.1,64.88,63.93,64.4,27714816,FB
2014-06-18,64.49,65.75,64.05,65.6,35570154,FB
2014-06-19,65.46,65.5756,64.21,64.3415,34245182,FB
2014-06-20,64.46,64.81,63.35,64.5,46466073,FB
2014-06-23,64.32,65.66,64.22,65.37,34560121,FB
2014-06-24,65.36,67.17,65.27,65.72,57334867,FB
2014-06-25,65.58,67.48,65.57,67.44,44308249,FB
2014-06-26,68.0,68.0,66.9,67.13,47713944,FB
2014-06-27,67.31,67.7,66.84,67.6,46460627,FB
2014-06-30,67.46,67.92,67.13,67.29,27201749,FB
2014-07-01,67.58,68.44,67.39,68.06,33243166,FB
2014-07-02,68.04,68.3,65.79,66.45,41895220,FB
2014-07-03,66.855,67.0,65.76,66.29,25203215,FB
2014-07-07,66.3,66.57,65.12,65.29,28745099,FB
2014-07-08,65.06,65.56,62.21,62.76,68926036,FB
2014-07-09,63.41,65.12,63.15,64.97,51431582,FB
2014-07-10,63.31,65.34,63.05,64.8725,44421915,FB
2014-07-11,65.28,66.59,64.79,66.34,39212022,FB
2014-07-14,67.13,68.17,66.9,67.9,38536924,FB
2014-07-15,67.96,68.0899,66.26,67.165,44292944,FB
2014-07-16,67.54,67.94,67.07,67.66,29593589,FB
2014-07-17,67.03,67.85,66.04,66.4099,38188432,FB
2014-07-18,66.8,68.46,66.16,68.4199,42455649,FB
2014-07-21,68.81,69.96,68.5,69.4,49539121,FB
2014-07-22,69.76,69.77,68.61,69.27,40397693,FB
2014-07-23,69.74,71.33,69.61,71.29,78434716,FB
2014-07-24,75.96,76.74,74.51,74.98,124167936,FB
2014-07-25,74.99,75.67,74.662,75.19,45917435,FB
2014-07-28,75.17,75.5,73.85,74.92,41725249,FB
2014-07-29,74.72,74.92,73.4229,73.71,41324470,FB
2014-07-30,74.21,75.19,74.13,74.677,36853018,FB
2014-07-31,74.0,74.165,72.44,72.65,43991772,FB
2014-08-01,72.22,73.22,71.55,72.36,43535314,FB
2014-08-04,72.36,73.88,72.36,73.51,30776819,FB
2014-08-05,73.2,73.59,72.18,72.69,34986147,FB
2014-08-06,72.02,73.72,71.79,72.47,30985533,FB
2014-08-07,73.0,74.0,72.7,73.17,38140550,FB
2014-08-08,73.4,73.43,72.56,73.06,27202325,FB
2014-08-11,73.46,73.91,73.06,73.44,24591177,FB
2014-08-12,73.09,73.3301,72.22,72.83,27418983,FB
2014-08-13,73.12,74.25,73.05,73.77,29180515,FB
2014-08-14,73.97,74.38,73.69,74.296,22207019,FB
2014-08-15,74.32,74.65,73.0,73.63,38909161,FB
2014-08-18,74.0,74.72,73.96,74.59,23973658,FB
2014-08-19,74.81,75.58,74.77,75.29,26678640,FB
2014-08-20,74.97,75.18,74.62,74.81,22916678,FB
2014-08-21,74.92,75.19,74.4149,74.57,20101979,FB
2014-08-22,74.34,74.73,73.57,74.57,20897393,FB
2014-08-25,74.94,75.28,74.79,75.02,19734103,FB
2014-08-26,75.0,75.99,74.73,75.9601,23992668,FB
2014-08-27,75.27,75.49,74.46,74.63,36323060,FB
2014-08-28,74.0,74.43,73.73,73.855,21946738,FB
2014-08-29,74.3,74.82,74.01,74.82,26241162,FB
2014-09-02,75.01,76.7,74.82,76.68,34979438,FB
2014-09-03,77.14,77.48,75.6,75.83,32389102,FB
2014-09-04,75.89,76.93,75.53,75.95,26676444,FB
2014-09-05,76.1,77.38,75.598,77.26,29475854,FB
2014-09-08,77.26,78.17,77.01,77.89,28183156,FB
2014-09-09,77.59,78.17,76.2,76.67,28881803,FB
2014-09-10,76.52,77.95,76.51,77.43,29908606,FB
2014-09-11,77.13,78.36,77.05,77.92,32247724,FB
2014-09-12,78.02,78.3,77.1,77.48,26744356,FB
2014-09-15,77.15,77.25,73.43,74.58,49679130,FB
2014-09-16,73.52,76.23,73.07,76.08,37742482,FB
2014-09-17,75.96,77.25,75.57,76.43,28693348,FB
2014-09-18,76.77,77.33,76.52,77.0,23030936,FB
2014-09-19,77.4,78.3,76.44,77.91,76671330,FB
2014-09-22,77.0,77.53,75.95,76.8,31961015,FB
2014-09-23,76.33,78.63,76.04,78.29,36814111,FB
2014-09-24,78.1,78.62,77.51,78.535,30679642,FB
2014-09-25,78.6,78.94,77.13,77.22,37532580,FB
2014-09-26,77.59,78.8416,77.33,78.79,28872012,FB
2014-09-29,78.12,79.199,77.91,79.0,34030635,FB
2014-09-30,79.35,79.7067,78.6,79.04,35899444,FB
2014-10-01,78.78,78.82,75.9,76.55,55090157,FB
2014-10-02,76.57,77.48,75.64,77.08,36487612,FB
2014-10-03,77.76,78.06,77.26,77.44,23340173,FB
2014-10-06,77.19,77.89,76.85,77.555,25729191,FB
2014-10-07,77.05,77.95,76.24,76.29,25317488,FB
2014-10-08,76.18,77.71,75.1,77.52,32975514,FB
2014-10-09,77.28,77.7601,75.85,75.91,32487174,FB
2014-10-10,75.59,76.5,72.76,72.91,52146162,FB
2014-10-13,73.23,74.78,72.52,72.99,43937638,FB
2014-10-14,74.0,74.18,72.05,73.59,50299288,FB
2014-10-15,71.69,73.8,70.32,73.21,61528317,FB
2014-10-16,70.79,73.35,70.58,72.63,53529459,FB
2014-10-17,74.23,76.0,73.75,75.95,76341638,FB
2014-10-20,75.6,77.09,75.38,76.95,34701260,FB
2014-10-21,77.56,78.74,77.15,78.69,32252403,FB
2014-10-22,78.815,79.85,78.01,78.37,41862393,FB
2014-10-23,79.38,80.63,79.01,80.04,35055800,FB
2014-10-24,80.2,80.8183,79.32,80.67,32247520,FB
2014-10-27,80.74,80.8,79.76,80.28,30168921,FB
2014-10-28,80.18,81.16,79.57,80.77,74211768,FB
2014-10-29,75.45,76.88,74.78,75.86,106119520,FB
2014-10-30,75.05,75.35,72.9,74.11,83269554,FB
2014-10-31,74.93,75.7,74.45,74.99,44544325,FB
2014-11-03,75.47,75.52,73.7,73.88,40727330,FB
2014-11-04,74.23,75.77,73.65,75.76,39326471,FB
2014-11-05,76.51,76.8,74.42,74.83,35912588,FB
2014-11-06,74.89,75.6,74.31,75.26,21383194,FB
2014-11-07,75.39,75.855,75.02,75.6,20774381,FB
2014-11-10,75.36,75.4799,74.61,75.0,21575126,FB
2014-11-11,74.95,74.98,74.03,74.61,18735123,FB
2014-11-12,74.28,75.14,73.54,74.72,26536609,FB
2014-11-13,74.74,75.24,73.64,74.25,26448451,FB
2014-11-14,74.27,74.93,74.04,74.88,19476878,FB
2014-11-17,74.88,75.655,73.88,74.24,28701191,FB
2014-11-18,74.45,74.8,73.9,74.34,20696643,FB
2014-11-19,74.01,74.54,73.11,73.33,25441163,FB
2014-11-20,72.8,73.99,72.51,73.6,19154862,FB
2014-11-21,74.5,74.5,73.5,73.75,23060382,FB
2014-11-24,73.54,74.35,73.35,74.01,22103831,FB
2014-11-25,74.21,75.74,74.13,75.63,32250205,FB
2014-11-26,75.53,77.78,75.51,77.62,32721585,FB
2014-11-28,77.67,78.27,77.23,77.7,15992035,FB
2014-12-01,77.26,77.31,74.8,75.1,31789866,FB
2014-12-02,75.33,75.91,75.04,75.46,16773884,FB
2014-12-03,75.38,75.73,74.4,74.88,16689857,FB
2014-12-04,74.83,75.55,74.66,75.24,14390520,FB
2014-12-05,75.8,76.76,75.36,76.36,24306446,FB
2014-12-08,76.18,77.25,75.4,76.52,25733853,FB
2014-12-09,75.2,76.93,74.78,76.84,25358584,FB
2014-12-10,76.65,77.55,76.07,76.18,32210532,FB
2014-12-11,76.52,78.52,76.48,77.73,33492661,FB
2014-12-12,77.16,78.88,77.02,77.83,28091617,FB
2014-12-15,78.46,78.58,76.56,76.99,29396532,FB
2014-12-16,76.19,77.39,74.59,74.69,31554593,FB
2014-12-17,75.01,76.41,74.9,76.11,29203904,FB
2014-12-18,76.89,78.4,76.51,78.4,34222081,FB
2014-12-19,78.75,80.0,78.33,79.88,43334992,FB
2014-12-22,80.08,81.89,80.0,81.45,31395770,FB
2014-12-23,82.02,82.17,80.4,80.61,19865820,FB
2014-12-24,81.03,81.43,80.75,80.77,7685481,FB
2014-12-26,81.02,81.28,80.51,80.775,10647388,FB
2014-12-29,80.49,80.96,79.71,80.02,14134666,FB
2014-12-30,79.85,80.59,79.1,79.22,14370763,FB
2014-12-31,79.54,79.8,77.86,78.02,20040439,FB
2015-01-02,78.58,78.93,77.7,78.45,18177475,FB
2015-01-05,77.98,79.2455,76.86,77.19,26452191,FB
2015-01-06,77.23,77.59,75.365,76.15,27399288,FB
2015-01-07,76.76,77.36,75.82,76.15,22045333,FB
2015-01-08,76.74,78.23,76.08,78.175,23960953,FB
2015-01-09,78.2,78.62,77.2,77.74,21157007,FB
2015-01-12,77.84,78.0,76.21,76.72,19190194,FB
2015-01-13,77.23,78.08,75.85,76.45,25179561,FB
2015-01-14,76.42,77.2,76.0291,76.28,25918564,FB
2015-01-15,76.4,76.57,73.54,74.05,34133974,FB
2015-01-16,74.04,75.32,73.84,75.18,21791529,FB
2015-01-20,75.72,76.31,74.82,76.24,22821614,FB
2015-01-21,76.16,77.3,75.85,76.74,25096737,FB
2015-01-22,77.17,77.75,76.68,77.65,19519458,FB
2015-01-23,77.65,78.19,77.04,77.83,16746503,FB
2015-01-26,77.98,78.47,77.29,77.495,19260820,FB
2015-01-27,76.71,76.88,75.63,75.78,20109977,FB
2015-01-28,76.9,77.638,76.0,76.24,53306422,FB
2015-01-29,76.85,78.02,74.21,78.0,61293468,FB
2015-01-30,78.0,78.16,75.75,75.91,42649491,FB
2015-02-02,76.11,76.14,73.75,74.99,41955258,FB
2015-02-03,75.19,75.58,73.86,75.4,26957714,FB
2015-02-04,75.09,76.35,75.01,75.63,20277368,FB
2015-02-05,75.71,75.98,75.21,75.615,15062573,FB
2015-02-06,75.68,75.7,74.25,74.47,21210994,FB
2015-02-09,74.05,74.83,73.45,74.44,16194322,FB
2015-02-10,74.85,75.34,74.5,75.19,15811344,FB
2015-02-11,75.09,76.75,75.03,76.51,20877427,FB
2015-02-12,76.86,76.87,75.89,76.23,17234976,FB
2015-02-13,76.46,76.48,75.5,75.74,18621860,FB
2015-02-17,75.3,76.91,75.08,75.6,25254400,FB
2015-02-18,75.94,76.9,75.45,76.71,22426421,FB
2015-02-19,76.986,79.84,76.95,79.42,45851177,FB
2015-02-20,79.55,80.34,79.2,79.895,36931698,FB
2015-02-23,79.96,80.19,78.38,78.84,24139056,FB
2015-02-24,78.5,79.48,78.1,78.45,18897133,FB
2015-02-25,78.5,80.2,78.5,79.56,25593800,FB
2015-02-26,79.88,81.37,79.72,80.41,31111891,FB
2015-02-27,80.68,81.23,78.62,78.97,30739197,FB
2015-03-02,79.0,79.855,78.52,79.75,21662537,FB
2015-03-03,79.61,79.7,78.52,79.6,18634973,FB
2015-03-04,79.3,81.15,78.85,80.895,28126686,FB
2015-03-05,81.23,81.99,81.05,81.21,27825733,FB
2015-03-06,80.9,81.33,79.83,80.005,24488581,FB
2015-03-09,79.68,79.91,78.63,79.44,18925097,FB
2015-03-10,78.5,79.26,77.55,77.55,23067057,FB
2015-03-11,77.8,78.43,77.26,77.57,20215704,FB
2015-03-12,78.1,79.05,77.91,78.93,16093319,FB
2015-03-13,78.6,79.38,77.68,78.05,18557296,FB
2015-03-16,77.96,78.12,77.36,78.07,19305406,FB
2015-03-17,78.36,79.78,78.34,79.365,22169969,FB
2015-03-18,79.25,81.24,79.17,80.91,36912446,FB
2015-03-19,81.12,83.0,81.0,82.75,42099523,FB
2015-03-20,83.39,84.6,83.07,83.8,44466323,FB
2015-03-23,83.92,84.96,83.3,84.43,27357333,FB
2015-03-24,84.71,86.0699,84.52,85.31,32576522,FB
2015-03-25,85.5,85.52,82.92,82.92,37436147,FB
2015-03-26,82.72,83.77,82.14,83.01,32794800,FB
2015-03-27,83.38,83.95,82.88,83.3,18372582,FB
2015-03-30,83.81,84.34,82.41,83.195,24527686,FB
2015-03-31,82.9,83.5,82.21,82.215,19734277,FB
2015-04-01,82.5,82.72,80.87,81.665,22058167,FB
2015-04-02,82.25,82.56,81.44,81.555,19664053,FB
2015-04-06,80.8,82.81,80.8,82.44,19062934,FB
2015-04-07,82.65,83.42,82.22,82.32,17467042,FB
2015-04-08,82.63,83.1,81.84,82.275,18966732,FB
2015-04-09,82.5,82.8,81.71,82.17,15927281,FB
2015-04-10,82.21,82.61,81.91,82.04,12529738,FB
2015-04-13,81.93,83.94,81.92,83.01,26883094,FB
2015-04-14,83.17,83.69,82.44,83.515,19634173,FB
2015-04-15,83.55,83.66,82.27,82.705,22390943,FB
2015-04-16,82.47,83.07,82.15,82.31,13769687,FB
2015-04-17,81.48,82.11,80.37,80.775,24214983,FB
2015-04-20,81.54,83.15,81.24,83.09,28796761,FB
2015-04-21,84.0,84.49,83.54,83.62,27171852,FB
2015-04-22,84.32,84.74,83.65,84.63,45547963,FB
2015-04-23,84.1,85.59,82.41,82.41,73728080,FB
2015-04-24,82.77,82.94,81.48,81.53,29660356,FB
2015-04-27,81.87,82.93,81.63,81.91,25446032,FB
2015-04-28,81.83,81.9,80.23,80.68,23775344,FB
2015-04-29,80.01,81.39,79.52,80.465,26430258,FB
2015-04-30,80.01,80.96,78.32,78.77,28999005,FB
2015-05-01,79.24,79.76,78.11,78.99,24136358,FB
2015-05-04,79.33,79.69,78.6301,78.81,14691991,FB
2015-05-05,78.55,78.8,77.22,77.56,22311318,FB
2015-05-06,77.97,78.81,77.05,78.1,28663026,FB
2015-05-07,78.0,78.94,77.56,78.425,19749428,FB
2015-05-08,79.1,79.23,78.03,78.51,19943595,FB
2015-05-11,78.48,79.03,77.93,78.01,18874054,FB
2015-05-12,77.87,77.89,76.79,77.46,21285310,FB
2015-05-13,77.72,78.53,77.65,78.44,21512309,FB
2015-05-14,78.94,81.845,78.67,81.37,49437996,FB
2015-05-15,81.41,81.52,80.18,80.42,27069884,FB
2015-05-18,80.33,81.38,80.23,80.88,21613674,FB
2015-05-19,81.25,81.69,80.55,80.63,17955389,FB
2015-05-20,80.47,81.1,79.46,80.55,23056899,FB
2015-05-21,80.19,80.92,80.08,80.48,13402749,FB
2015-05-22,80.35,81.31,80.25,80.54,19567937,FB
2015-05-26,80.43,80.6,79.08,79.335,16321339,FB
2015-05-27,79.6,80.66,79.43,80.55,14160865,FB
2015-05-28,80.25,81.0745,80.0,80.145,11982008,FB
2015-05-29,79.95,80.07,78.88,79.19,16134580,FB
2015-06-01,79.3,80.38,78.66,80.29,18119012,FB
2015-06-02,79.76,81.35,79.56,80.445,18923300,FB
2015-06-03,81.35,82.53,81.25,82.44,31774993,FB
2015-06-04,82.14,82.95,81.51,82.05,20863877,FB
2015-06-05,81.87,82.46,81.51,82.14,16143093,FB
2015-06-08,81.82,82.0,80.13,80.67,16915471,FB
2015-06-09,80.6,81.19,79.32,80.67,16497538,FB
2015-06-10,80.83,82.6,80.81,82.16,21531208,FB
2015-06-11,82.31,82.9,81.36,81.83,18656811,FB
2015-06-12,81.37,82.09,81.2,81.53,11417882,FB
2015-06-15,80.55,80.93,80.07,80.71,18805087,FB
2015-06-16,80.82,81.51,80.45,81.06,13693666,FB
2015-06-17,81.76,82.22,81.34,81.79,18350287,FB
2015-06-18,81.64,83.19,81.57,82.905,26782573,FB
2015-06-19,82.83,82.98,82.12,82.51,23353194,FB
2015-06-22,83.41,84.97,83.31,84.74,29383079,FB
2015-06-23,84.96,87.97,84.76,87.88,50667853,FB
2015-06-24,87.66,89.25,87.45,88.86,41370227,FB
2015-06-25,89.26,89.4,87.835,87.98,27301967,FB
2015-06-26,88.12,88.34,86.8283,88.01,38214647,FB
2015-06-29,86.61,87.5,85.73,85.8,35957872,FB
2015-06-30,86.6,86.7,85.57,85.765,23233183,FB
2015-07-01,86.77,87.95,86.49,86.91,25260045,FB
2015-07-02,87.4,87.44,86.3401,87.285,16908781,FB
2015-07-06,86.49,88.1846,86.39,87.55,24635915,FB
2015-07-07,87.8,87.85,85.231,87.22,33059921,FB
2015-07-08,86.29,86.75,85.445,85.65,24399340,FB
2015-07-09,86.73,87.6,85.6499,85.88,23307402,FB
2015-07-10,87.35,88.22,86.77,87.95,23245873,FB
2015-07-13,88.66,90.22,88.42,90.1,29976670,FB
2015-07-14,90.46,90.8,89.65,89.68,26627849,FB
2015-07-15,90.0,90.99,89.42,89.76,30886601,FB
2015-07-16,90.28,90.86,89.77,90.85,21804086,FB
2015-07-17,92.55,95.39,92.54,94.97,54001635,FB
2015-07-20,95.85,98.6,95.36,97.91,54860541,FB
2015-07-21,98.95,99.24,97.1427,98.39,39453332,FB
2015-07-22,96.74,97.58,95.92,97.04,28299518,FB
2015-07-23,96.96,97.45,94.81,95.44,29418833,FB
2015-07-24,97.35,97.76,95.88,96.95,33444930,FB
2015-07-27,96.58,96.61,93.8301,94.17,38585381,FB
2015-07-28,94.84,95.56,93.31,95.29,35235993,FB
2015-07-29,96.32,97.28,94.74,96.99,64648320,FB
2015-07-30,94.91,95.81,91.8,95.21,86211323,FB
2015-07-31,94.95,96.33,93.95,94.01,46509045,FB
2015-08-03,93.53,95.08,92.8,94.14,29343117,FB
2015-08-04,93.79,94.73,93.33,94.06,20136036,FB
2015-08-05,95.25,97.09,95.18,96.44,29813174,FB
2015-08-06,97.18,98.74,94.42,95.12,42271318,FB
2015-08-07,95.38,95.4,93.61,94.3,23199145,FB
2015-08-10,95.68,95.9,93.63,94.15,21624153,FB
2015-08-11,93.73,94.76,92.9006,93.62,22491031,FB
2015-08-12,92.7,94.44,91.19,94.19,27120375,FB
2015-08-13,94.05,94.73,93.35,93.43,17451768,FB
2015-08-14,93.54,94.72,93.21,94.42,15929656,FB
2015-08-17,94.42,94.46,93.39,93.93,18313531,FB
2015-08-18,94.08,95.85,94.04,95.17,22278848,FB
2015-08-19,94.63,96.1,94.161,95.31,23251271,FB
2015-08-20,93.54,94.77,90.46,90.56,44598224,FB
2015-08-21,87.52,89.18,85.61,86.06,62778680,FB
2015-08-24,77.03,87.14,72.0,82.09,83710727,FB
2015-08-25,86.95,87.67,83.0,83.0,52021230,FB
2015-08-26,85.95,87.46,83.26,87.19,45124302,FB
2015-08-27,89.19,90.06,87.19,89.73,42431375,FB
2015-08-28,89.94,91.48,89.792,91.01,33215885,FB
2015-08-31,90.59,91.05,88.89,89.43,32850666,FB
2015-09-01,86.99,89.39,86.5,87.23,36097370,FB
2015-09-02,88.82,89.89,87.63,89.89,27190527,FB
2015-09-03,89.76,89.82,87.73,88.15,27048198,FB
2015-09-04,87.2,88.39,86.7,88.26,27328667,FB
2015-09-08,89.69,90.24,88.83,89.53,27012543,FB
2015-09-09,90.78,91.98,90.17,90.44,32551123,FB
2015-09-10,90.07,92.06,89.63,91.98,26437398,FB
2015-09-11,91.68,92.08,91.13,92.05,21185049,FB
2015-09-14,92.31,92.62,91.6,92.31,20127871,FB
2015-09-15,92.37,93.25,91.79,92.9,18859351,FB
2015-09-16,92.9,93.6,92.63,93.45,16321193,FB
2015-09-17,93.37,95.51,92.9,94.34,27841803,FB
2015-09-18,93.2,95.19,93.05,94.4,62299984,FB
2015-09-21,94.62,96.49,94.52,95.55,28789973,FB
2015-09-22,93.77,94.68,91.92,92.96,36888893,FB
2015-09-23,93.4,94.32,92.8,93.97,21701427,FB
2015-09-24,93.06,94.765,92.24,94.41,29105964,FB
2015-09-25,95.79,95.85,92.06,92.77,28961622,FB
2015-09-28,92.08,92.29,88.18,89.21,41199870,FB
2015-09-29,89.1,90.06,85.72,86.67,42281838,FB
2015-09-30,88.44,90.02,88.01,89.9,36169146,FB
2015-10-01,90.05,90.95,88.36,90.95,29283652,FB
2015-10-02,88.9,92.2,88.37,92.07,37881652,FB
2015-10-05,92.94,94.27,92.66,94.01,27292517,FB
2015-10-06,94.08,94.17,92.34,92.8,22488275,FB
2015-10-07,93.11,93.66,91.37,92.4,24129277,FB
2015-10-08,91.89,93.22,90.47,92.47,27290523,FB
2015-10-09,92.9,93.74,92.239,93.24,20012911,FB
2015-10-12,93.32,94.6,92.67,94.26,18449562,FB
2015-10-13,93.66,95.37,93.55,94.12,19480347,FB
2015-10-14,94.08,95.2,93.61,94.07,19253351,FB
2015-10-15,94.99,96.3,94.9,95.96,27557516,FB
2015-10-16,96.18,97.59,95.35,97.54,25412856,FB
2015-10-19,97.18,98.57,96.92,98.47,23729924,FB
2015-10-20,98.73,99.59,96.56,97.0,30881777,FB
2015-10-21,97.37,98.18,96.47,97.11,22003730,FB
2015-10-22,97.79,99.73,97.55,99.67,26392075,FB
2015-10-23,101.91,102.85,100.16,102.19,42809661,FB
2015-10-26,102.2,103.81,101.55,103.77,25961212,FB
2015-10-27,102.94,104.1,102.4,103.7,23795472,FB
2015-10-28,103.9,104.48,102.92,104.2,24081515,FB
2015-10-29,103.96,105.12,103.52,104.88,20316691,FB
2015-10-30,104.51,104.72,101.65,101.97,33487104,FB
2015-11-02,102.46,103.47,101.18,103.31,24003944,FB
2015-11-03,103.22,103.65,102.4,102.58,21242341,FB
2015-11-04,103.19,104.14,102.48,103.94,43469308,FB
2015-11-05,108.8,110.65,107.95,108.76,63232861,FB
2015-11-06,108.04,108.74,105.91,107.095,35084342,FB
2015-11-09,107.0,108.25,105.86,106.49,26383540,FB
2015-11-10,105.96,108.15,105.24,107.91,25031681,FB
2015-11-11,108.27,109.87,107.11,109.01,25057099,FB
2015-11-12,108.48,109.39,108.0,108.02,20924674,FB
2015-11-13,107.71,108.25,103.83,103.95,30278403,FB
2015-11-16,103.32,104.17,100.47,104.04,49309167,FB
2015-11-17,104.62,106.2,104.14,105.13,26807230,FB
2015-11-18,105.8,107.88,105.39,107.77,23836526,FB
2015-11-19,107.36,107.73,105.95,106.26,25520599,FB
2015-11-20,106.84,107.87,106.62,107.32,22129648,FB
2015-11-23,107.19,107.468,106.08,106.95,19897220,FB
2015-11-24,106.0,106.49,104.39,105.74,23577293,FB
2015-11-25,106.33,106.6,105.1,105.41,15150785,FB
2015-11-27,105.78,105.96,104.86,105.45,5913066,FB
2015-11-30,105.84,106.0999,103.75,104.24,20383179,FB
2015-12-01,104.83,107.15,104.5,107.12,22781868,FB
2015-12-02,107.0,107.92,105.79,106.07,24429063,FB
2015-12-03,106.27,106.85,103.35,104.38,23236485,FB
2015-12-04,104.81,107.73,104.11,106.18,21224721,FB
2015-12-07,106.48,106.83,104.66,105.61,15474890,FB
2015-12-08,104.0,106.91,103.95,106.49,20401791,FB
2015-12-09,106.18,106.44,103.55,104.6,23517268,FB
2015-12-10,105.05,106.4,104.41,105.42,17454312,FB
2015-12-11,104.15,104.34,101.91,102.12,26427727,FB
2015-12-14,102.285,104.74,101.46,104.66,24813496,FB
2015-12-15,105.3,105.8,104.28,104.55,21764331,FB
2015-12-16,105.37,107.09,104.19,106.79,22680547,FB
2015-12-17,107.49,107.75,106.13,106.22,21675686,FB
2015-12-18,106.08,106.59,103.97,104.04,35994199,FB
2015-12-21,104.91,105.15,103.6,104.77,16138786,FB
2015-12-22,105.22,105.6601,104.81,105.51,14597122,FB
2015-12-23,105.89,106.11,103.86,104.63,19599673,FB
2015-12-24,104.74,105.32,104.5,105.02,6512134,FB
2015-12-28,105.02,105.98,104.53,105.93,13069733,FB
2015-12-29,106.42,107.74,106.25,107.26,17179901,FB
2015-12-30,107.0,107.25,106.06,106.22,13115007,FB
2015-12-31,106.0,106.17,104.62,104.66,18391064,FB
2016-01-04,101.95,102.24,99.75,102.22,37912403,FB
2016-01-05,102.89,103.7099,101.665,102.73,23258238,FB
2016-01-06,101.13,103.77,100.9,102.97,25096183,FB
2016-01-07,100.5,101.43,97.3,97.92,45172906,FB
2016-01-08,99.88,100.5,97.0311,97.33,35402298,FB
2016-01-11,97.91,98.6,95.39,97.51,29932385,FB
2016-01-12,99.0,99.96,97.55,99.37,28395390,FB
2016-01-13,100.58,100.58,95.21,95.44,33410553,FB
2016-01-14,95.85,98.87,92.45,98.37,48658623,FB
2016-01-15,93.98,96.38,93.54,94.97,46132781,FB
2016-01-19,96.53,97.42,93.92,95.26,30998256,FB
2016-01-20,92.83,95.0,89.37,94.35,59051429,FB
2016-01-21,94.91,95.99,92.62,94.16,30518939,FB
2016-01-22,96.41,98.07,95.49,97.94,30495387,FB
2016-01-25,98.72,99.48,96.93,97.01,32482015,FB
2016-01-26,97.76,97.88,95.66,97.34,26877080,FB
2016-01-27,97.79,97.85,94.23,94.45,58699359,FB
2016-01-28,107.2,110.34,104.81,109.11,107475327,FB
2016-01-29,108.99,112.84,108.84,112.21,62739548,FB
2016-02-01,112.27,115.72,112.01,115.09,46132726,FB
2016-02-02,114.8,117.59,113.2,114.61,59778571,FB
2016-02-03,115.27,115.3407,109.75,112.69,56919324,FB
2016-02-04,111.8,111.94,109.25,110.49,38890199,FB
2016-02-05,109.51,109.58,103.18,104.07,76894741,FB
2016-02-08,100.41,102.68,97.46,99.75,71229746,FB
2016-02-09,97.14,102.4,96.82,99.54,62709018,FB
2016-02-10,101.55,103.25,100.24,101.0,45179370,FB
2016-02-11,99.6,105.11,98.88,101.91,43670634,FB
2016-02-12,103.74,104.24,101.09,102.01,36176760,FB
2016-02-16,103.8,103.93,100.24,101.61,45687224,FB
2016-02-17,101.94,105.72,100.4,105.2,44073369,FB
2016-02-18,105.8,106.0,103.03,103.47,29593508,FB
2016-02-19,102.55,105.02,102.06,104.57,32404516,FB
2016-02-22,105.49,108.25,105.34,107.16,35709714,FB
2016-02-23,106.85,107.47,105.12,105.46,25319315,FB
2016-02-24,104.21,106.95,102.74,106.88,34412437,FB
2016-02-25,107.11,108.07,105.61,108.07,29906278,FB
2016-02-26,108.7,109.45,107.16,107.92,26686193,FB
2016-02-29,107.6,108.9101,106.75,106.92,32778992,FB
2016-03-01,107.83,109.82,107.6,109.82,26817309,FB
2016-03-02,109.68,110.55,108.77,109.95,25670170,FB
2016-03-03,110.25,110.3,108.54,109.58,21353092,FB
2016-03-04,110.05,110.05,107.93,108.39,24938858,FB
2016-03-07,108.07,108.07,104.72,105.73,31534055,FB
2016-03-08,104.78,107.37,104.4,105.93,25616963,FB
2016-03-09,106.7,107.51,105.49,107.51,20493305,FB
2016-03-10,107.91,108.66,105.7699,107.32,24854284,FB
2016-03-11,108.48,109.42,107.92,109.41,20697553,FB
2016-03-14,109.28,110.33,108.77,109.89,17249365,FB
2016-03-15,109.11,110.83,108.84,110.67,17618460,FB
2016-03-16,110.49,112.5,110.1,112.18,24744778,FB
2016-03-17,112.15,112.69,110.73,111.02,24241247,FB
2016-03-18,111.56,112.42,110.27,111.45,36256877,FB
2016-03-21,111.66,112.37,111.03,111.85,18447974,FB
2016-03-22,111.36,112.88,111.17,112.25,19001076,FB
2016-03-23,112.01,113.19,112.0,112.54,18561974,FB
2016-03-24,112.13,113.09,111.68,113.05,17839119,FB
2016-03-28,113.32,114.5889,112.95,113.69,21351751,FB
2016-03-29,113.83,116.32,113.64,116.14,29825340,FB
2016-03-30,116.73,116.99,114.355,114.7,33235184,FB
2016-03-31,114.7,115.01,113.7682,114.1,21207526,FB
2016-04-01,113.75,116.17,113.35,116.06,24760504,FB
2016-04-04,114.07,114.55,111.61,112.55,48487913,FB
2016-04-05,112.11,113.32,111.9,112.22,22962365,FB
2016-04-06,112.47,113.81,112.42,113.71,20814640,FB
2016-04-07,113.79,114.89,113.0663,113.64,20714537,FB
2016-04-08,114.25,114.33,109.9,110.63,48497808,FB
2016-04-11,110.7,110.91,108.77,108.99,39762304,FB
2016-04-12,109.34,111.1645,108.99,110.61,26248081,FB
2016-04-13,112.23,112.65,106.52,110.51,88227393,FB
2016-04-14,110.62,112.04,110.26,110.84,28473322,FB
2016-04-15,110.79,110.97,109.2,109.64,20922803,FB
2016-04-18,109.74,110.81,109.2,110.45,21167199,FB
2016-04-19,111.1,112.45,109.16,112.29,30210455,FB
2016-04-20,112.43,113.27,111.56,112.42,21027901,FB
2016-04-21,112.55,114.04,112.31,113.44,20875230,FB
2016-04-22,111.21,111.75,109.01,110.56,38458201,FB
2016-04-25,109.87,110.67,109.07,110.1,21017895,FB
2016-04-26,110.49,110.5,108.15,108.76,22521534,FB
2016-04-27,107.94,108.94,106.31,108.89,52213107,FB
2016-04-28,119.575,120.79,116.23,116.73,87110080,FB
2016-04-29,116.82,117.84,115.84,117.58,37140594,FB
2016-05-02,117.83,118.73,116.57,118.57,28095168,FB
2016-05-03,117.52,118.16,117.02,117.43,24117463,FB
2016-05-04,116.61,118.3,116.57,118.06,23448440,FB
2016-05-05,118.04,118.98,117.25,117.81,22056749,FB
2016-05-06,117.16,119.637,117.1127,119.49,26395568,FB
2016-05-09,119.54,120.28,118.9,119.24,21138059,FB
2016-05-10,119.62,120.5,114.8,120.5,23220046,FB
2016-05-11,120.41,121.08,119.42,119.52,22038396,FB
2016-05-12,119.98,120.84,118.9,120.28,22035465,FB
2016-05-13,120.38,120.64,119.68,119.81,18124286,FB
2016-05-16,119.38,119.61,117.35,118.67,31247834,FB
2016-05-17,118.82,119.01,117.2,117.35,21328648,FB
2016-05-18,116.8,118.27,116.73,117.65,21642299,FB
2016-05-19,117.05,117.49,115.88,116.81,20544109,FB
2016-05-20,116.96,117.99,116.95,117.35,18944831,FB
2016-05-23,117.42,117.6,115.94,115.97,20441004,FB
2016-05-24,116.24,117.73,116.12,117.7,20183627,FB
2016-05-25,118.13,118.665,117.38,117.89,20035494,FB
2016-05-26,118.24,119.7601,117.92,119.47,18481340,FB
2016-05-27,119.56,119.85,119.01,119.38,13493563,FB
2016-05-31,119.46,120.1,118.121,118.81,23547597,FB
2016-06-01,118.5,119.08,117.82,118.78,15029494,FB
2016-06-02,118.69,119.44,118.22,118.93,13228310,FB
2016-06-03,118.975,118.98,117.86,118.47,14135114,FB
2016-06-06,118.62,119.43,118.36,118.79,12744676,FB
2016-06-07,119.24,119.3,117.67,117.76,17103023,FB
2016-06-08,117.76,118.6,117.27,118.39,14505596,FB
2016-06-09,118.13,118.68,117.71,118.56,13859240,FB
2016-06-10,117.54,118.11,116.26,116.62,18510826,FB
2016-06-13,115.0,115.48,113.31,113.95,31718239,FB
2016-06-14,114.07,114.95,113.58,114.94,17618479,FB
2016-06-15,115.3,115.44,114.07,114.6,19819432,FB
2016-06-16,113.87,114.5,112.94,114.39,19236255,FB
2016-06-17,114.42,114.43,112.56,113.02,24644308,FB
2016-06-20,113.77,114.72,112.75,113.37,20785390,FB
2016-06-21,114.12,115.2142,113.97,114.38,19166269,FB
2016-06-22,114.65,114.74,113.61,113.91,14846329,FB
2016-06-23,114.37,115.09,113.54,115.08,16176895,FB
2016-06-24,111.01,113.68,111.0,112.08,40643130,FB
2016-06-27,111.57,111.57,108.23,108.97,36409606,FB
2016-06-28,110.63,112.75,110.55,112.7,26813842,FB
2016-06-29,113.37,114.25,113.04,114.16,20968273,FB
2016-06-30,114.67,115.18,113.67,114.28,23192716,FB
2016-07-01,114.2,115.13,113.81,114.19,14980023,FB
2016-07-05,113.94,114.11,112.97,114.0,14207037,FB
2016-07-06,113.36,116.79,112.97,116.7,24337586,FB
2016-07-07,116.63,116.97,115.36,115.85,16630201,FB
2016-07-08,116.43,117.5,115.85,117.24,18142597,FB
2016-07-11,117.71,118.7,117.5,117.87,17711570,FB
2016-07-12,118.63,118.72,117.57,117.93,15217700,FB
2016-07-13,118.39,118.4,116.68,116.78,16207662,FB
2016-07-14,117.5,117.64,116.7,117.29,14579736,FB
2016-07-15,117.74,118.28,116.58,116.86,16645964,FB
2016-07-18,117.32,119.61,116.89,119.37,20868367,FB
2016-07-19,118.99,120.85,118.66,120.61,21541292,FB
2016-07-20,121.25,122.2,120.56,121.92,20046452,FB
2016-07-21,121.92,122.1,120.25,120.61,17801663,FB
2016-07-22,119.9,121.01,119.31,121.0,18422410,FB
2016-07-25,121.39,121.85,117.78,121.63,18487449,FB
2016-07-26,122.0,122.07,120.75,121.22,17611964,FB
2016-07-27,122.42,125.0,121.51,123.34,52654239,FB
2016-07-28,127.52,128.33,123.63,125.0,78955758,FB
2016-07-29,124.65,125.84,123.71,123.94,35058803,FB
2016-08-01,123.85,124.58,122.86,124.31,25006850,FB
2016-08-02,124.06,124.8,122.07,123.09,23968414,FB
2016-08-03,123.09,123.92,122.31,122.51,18525332,FB
2016-08-04,122.94,124.79,122.51,124.36,21065974,FB
2016-08-05,124.98,125.835,124.6184,125.15,20184035,FB
2016-08-08,125.25,125.45,124.55,125.26,15233929,FB
2016-08-09,125.34,126.09,124.53,125.06,19620967,FB
2016-08-10,125.07,125.48,124.54,124.88,10670148,FB
2016-08-11,125.2,125.38,124.75,124.9,11729519,FB
2016-08-12,124.7,125.0,124.18,124.88,12158955,FB
2016-08-15,124.91,124.92,123.7,123.9,19295130,FB
2016-08-16,123.5,123.92,122.78,123.3,14222410,FB
2016-08-17,123.66,124.38,122.85,124.37,13794179,FB
2016-08-18,124.01,124.26,123.64,123.91,12400816,FB
2016-08-19,123.6,124.157,123.28,123.56,11688265,FB
2016-08-22,123.33,124.83,123.11,124.15,14386361,FB
2016-08-23,124.51,125.09,124.25,124.37,13309452,FB
2016-08-24,124.47,124.69,123.09,123.48,12243719,FB
2016-08-25,123.12,124.37,123.1,123.89,10730811,FB
2016-08-26,124.05,125.19,123.91,124.96,17504825,FB
2016-08-29,124.35,126.73,124.35,126.54,15925900,FB
2016-08-30,126.6,126.6,125.15,125.84,17804286,FB
2016-08-31,125.6,126.22,125.1,126.12,14200636,FB
2016-09-01,126.38,126.63,125.6,126.17,13536125,FB
2016-09-02,126.85,126.86,126.0,126.51,12118773,FB
2016-09-06,126.67,129.94,126.47,129.73,26278407,FB
2016-09-07,130.04,131.98,129.95,131.05,27990796,FB
2016-09-08,130.92,131.08,129.81,130.27,15676595,FB
2016-09-09,129.71,129.949,127.1,127.1,27100679,FB
2016-09-12,125.96,128.76,125.75,128.69,21252752,FB
2016-09-13,128.03,128.35,126.66,127.21,18016152,FB
2016-09-14,126.89,128.8,126.89,127.77,15720388,FB
2016-09-15,127.98,129.1,127.67,128.35,15111838,FB
2016-09-16,128.2,129.18,128.2,129.07,24119174,FB
2016-09-19,129.91,129.94,128.26,128.65,14958794,FB
2016-09-20,128.65,129.17,128.0307,128.64,11083808,FB
2016-09-21,129.13,130.005,128.39,129.94,14068336,FB
2016-09-22,130.5,130.73,129.56,130.08,15538307,FB
2016-09-23,127.56,128.6,127.3,127.96,28326266,FB
2016-09-26,127.37,128.16,126.8,127.31,15064940,FB
2016-09-27,127.61,129.01,127.43,128.69,15637111,FB
2016-09-28,129.21,129.47,128.4,129.23,12047636,FB
2016-09-29,129.18,129.29,127.55,128.09,14532241,FB
2016-09-30,128.03,128.59,127.45,128.27,18402945,FB
2016-10-03,128.38,129.09,127.8,128.77,13156943,FB
2016-10-04,129.17,129.2765,127.5499,128.19,14307548,FB
2016-10-05,128.25,128.8,127.83,128.47,12386753,FB
2016-10-06,128.43,129.06,128.08,128.74,11682729,FB
2016-10-07,129.04,129.25,128.33,128.99,12804420,FB
2016-10-10,129.68,130.7,129.2,130.24,15138720,FB
2016-10-11,130.23,130.64,128.23,128.88,17537928,FB
2016-10-12,129.01,129.66,128.46,129.05,11072991,FB
2016-10-13,128.21,128.25,126.75,127.82,17139306,FB
2016-10-14,128.49,128.95,127.58,127.88,13345292,FB
2016-10-17,128.2,128.47,127.32,127.54,11351681,FB
2016-10-18,128.68,129.39,128.01,128.57,13503967,FB
2016-10-19,128.74,130.47,128.6,130.11,16752321,FB
2016-10-20,130.07,130.66,129.5,130.0,13167503,FB
2016-10-21,129.78,132.13,129.7,132.07,19088794,FB
2016-10-24,132.72,133.405,132.15,133.28,17470227,FB
2016-10-25,133.5,133.5,132.22,132.29,13336787,FB
2016-10-26,131.64,132.26,130.935,131.04,13084731,FB
2016-10-27,131.74,131.8,129.27,129.69,16741393,FB
2016-10-28,130.5,132.97,129.93,131.29,24545547,FB
2016-10-31,132.01,132.12,130.8835,130.99,15668982,FB
2016-11-01,131.41,131.94,128.65,129.5,22077779,FB
2016-11-02,130.23,130.23,126.28,127.17,50190225,FB
2016-11-03,122.0,123.28,119.5,120.0,63766259,FB
2016-11-04,119.59,121.93,119.25,120.75,30545466,FB
2016-11-07,122.83,123.2089,121.35,122.15,23008880,FB
2016-11-08,122.03,124.61,121.54,124.22,19460768,FB
2016-11-09,121.5,123.81,120.51,123.18,31916020,FB
2016-11-10,123.93,124.18,115.27,120.8,67846704,FB
2016-11-11,119.53,120.7,118.15,119.02,32840137,FB
2016-11-14,119.1256,119.1256,113.5535,115.08,51377040,FB
2016-11-15,116.73,118.49,115.83,117.2,34681369,FB
2016-11-16,114.48,117.88,114.21,116.34,32397947,FB
2016-11-17,116.81,117.79,116.01,117.79,18597766,FB
2016-11-18,118.39,119.13,116.84,117.02,22879303,FB
2016-11-21,118.2,121.95,117.8,121.77,35415366,FB
2016-11-22,122.4,122.98,120.9,121.47,26089163,FB
2016-11-23,121.23,121.31,119.94,120.84,15672136,FB
2016-11-25,121.01,121.14,120.07,120.38,8658605,FB
2016-11-28,120.12,121.69,119.82,120.41,18101314,FB
2016-11-29,120.57,122.1,120.4,120.87,18890956,FB
2016-11-30,120.32,121.79,117.95,118.42,30188922,FB
2016-12-01,118.38,118.45,114.0,115.1,43276994,FB
2016-12-02,115.11,116.48,114.3,115.4,25070364,FB
2016-12-05,115.95,117.57,115.07,117.43,20201528,FB
2016-12-06,117.69,117.795,116.33,117.31,19131202,FB
2016-12-07,117.0,117.95,116.57,117.95,21913658,FB
2016-12-08,117.98,119.5,117.64,118.91,22442756,FB
2016-12-09,119.22,119.94,118.95,119.68,17464736,FB
2016-12-12,119.22,119.24,117.65,117.77,17805527,FB
2016-12-13,117.86,121.52,117.61,120.31,29768028,FB
2016-12-14,120.0,121.69,118.85,120.21,25913095,FB
2016-12-15,120.08,122.5,119.63,120.57,20139568,FB
2016-12-16,120.9,121.5,119.27,119.87,25324299,FB
2016-12-19,119.85,120.36,118.51,119.24,15918146,FB
2016-12-20,119.5,119.77,118.8,119.09,13684402,FB
2016-12-21,118.92,119.2,118.48,119.04,10767646,FB
2016-12-22,118.86,118.99,116.93,117.4,16258587,FB
2016-12-23,117.0,117.56,116.3,117.27,10889985,FB
2016-12-27,116.96,118.68,116.864,118.01,12051481,FB
2016-12-28,118.19,118.25,116.65,116.92,12087377,FB
2016-12-29,117.0,117.531,116.06,116.35,9934873,FB
2016-12-30,116.595,116.83,114.7739,115.05,18684106,FB
2017-01-03,116.03,117.84,115.51,116.86,20663912,FB
2017-01-04,117.55,119.66,117.29,118.69,19630932,FB
2017-01-05,118.86,120.95,118.3209,120.67,19492150,FB
2017-01-06,120.98,123.88,120.03,123.41,28545263,FB
2017-01-09,123.55,125.43,123.04,124.9,22880360,FB
2017-01-10,124.82,125.5,124.28,124.35,17324590,FB
2017-01-11,124.35,126.12,124.06,126.09,18356523,FB
2017-01-12,125.61,126.73,124.8,126.62,18653914,FB
2017-01-13,127.49,129.27,127.37,128.34,24884325,FB
2017-01-17,128.04,128.34,127.4,127.87,15294460,FB
2017-01-18,128.41,128.43,126.84,127.92,13145852,FB
2017-01-19,128.23,128.35,127.45,127.55,12195465,FB
2017-01-20,128.1,128.48,126.78,127.04,19097223,FB
2017-01-23,127.31,129.25,126.95,128.93,16593563,FB
2017-01-24,129.38,129.9,128.38,129.37,15162724,FB
2017-01-25,130.0,131.74,129.77,131.48,18777314,FB
2017-01-26,131.63,133.14,131.4401,132.78,20020141,FB
2017-01-27,132.68,132.95,131.08,132.18,19539514,FB
2017-01-30,131.58,131.58,129.6,130.98,18956095,FB
2017-01-31,130.17,130.66,129.5157,130.32,19790484,FB
2017-02-01,132.25,133.49,130.68,133.23,50139775,FB
2017-02-02,133.22,135.49,130.4,130.84,54366447,FB
2017-02-03,131.24,132.85,130.76,130.98,24804890,FB
2017-02-06,130.98,132.06,130.3,132.06,17058494,FB
2017-02-07,132.24,133.0,131.661,131.84,14596449,FB
2017-02-08,132.6,134.44,132.44,134.2,22390556,FB
2017-02-09,134.49,134.5,133.31,134.14,16470609,FB
2017-02-10,134.1,134.94,133.68,134.19,15061939,FB
2017-02-13,134.6975,134.6975,133.7,134.05,13526221,FB
2017-02-14,134.1,134.23,132.55,133.85,14364877,FB
2017-02-15,133.45,133.7,132.66,133.44,13226534,FB
2017-02-16,133.07,133.87,133.022,133.84,12831092,FB
2017-02-17,133.5,134.0912,133.17,133.53,12276490,FB
2017-02-21,133.5,133.91,132.9,133.72,14759109,FB
2017-02-22,133.6,136.79,133.46,136.12,27360092,FB
2017-02-23,135.89,136.12,134.33,135.36,18422549,FB
2017-02-24,134.16,135.62,134.16,135.44,12625742,FB
2017-02-27,135.26,137.1846,135.02,136.41,14306668,FB
2017-02-28,136.79,136.805,134.75,135.54,16112092,FB
2017-03-01,136.47,137.48,136.3,137.42,16257010,FB
2017-03-02,137.09,137.82,136.31,136.76,12294804,FB
2017-03-03,136.63,137.33,136.08,137.17,11160563,FB
2017-03-06,136.88,137.83,136.51,137.42,12748179,FB
2017-03-07,137.03,138.37,136.99,137.3,13527132,FB
2017-03-08,137.15,137.99,137.0516,137.72,10184514,FB
2017-03-09,137.72,138.57,137.4,138.24,15535259,FB
2017-03-10,138.91,139.49,138.22,138.79,16314113,FB
2017-03-13,138.71,139.68,138.6729,139.6,10955450,FB
2017-03-14,139.46,139.46,138.52,139.32,12944018,FB
2017-03-15,139.29,140.1,138.49,139.72,19344826,FB
2017-03-16,140.2,140.25,139.73,139.99,13612942,FB
2017-03-17,140.34,140.34,139.7,139.84,20592818,FB
2017-03-20,139.71,140.19,139.25,139.94,12099471,FB
2017-03-21,141.15,142.3082,138.4,138.51,29894784,FB
2017-03-22,137.93,139.79,137.6,139.59,17055449,FB
2017-03-23,139.48,140.39,139.09,139.53,13022801,FB
2017-03-24,140.08,141.0244,139.76,140.34,16664683,FB
2017-03-27,139.05,140.65,138.77,140.32,12800544,FB
2017-03-28,140.36,141.95,140.01,141.76,14679436,FB
2017-03-29,141.99,142.86,141.43,142.65,16527574,FB
2017-03-30,142.4,142.95,141.85,142.41,12403997,FB
2017-03-31,142.31,142.63,141.89,142.05,11478265,FB
2017-04-03,141.93,142.47,140.82,142.28,13563960,FB
2017-04-04,141.86,142.09,141.27,141.73,12948599,FB
2017-04-05,142.26,143.44,141.29,141.85,17158059,FB
2017-04-06,142.11,142.22,140.91,141.17,15103426,FB
2017-04-07,141.2,141.55,140.24,140.78,11811439,FB
2017-04-10,141.0,141.43,140.63,141.04,9039366,FB
2017-04-11,140.8,141.0299,138.81,139.92,16638087,FB
2017-04-12,139.72,140.4,139.44,139.58,11612456,FB
2017-04-13,139.62,140.58,139.33,139.39,10965614,FB
2017-04-17,139.76,141.55,139.75,141.42,11519663,FB
2017-04-18,141.27,141.905,140.61,140.96,14807472,FB
2017-04-19,141.35,143.04,141.27,142.27,15563945,FB
2017-04-20,142.95,144.25,142.689,143.8,15968164,FB
2017-04-21,143.9,144.17,142.27,143.68,12382002,FB
2017-04-24,144.96,145.6738,144.34,145.47,14407175,FB
2017-04-25,145.79,147.15,145.7898,146.49,17767523,FB
2017-04-26,147.09,147.59,146.09,146.56,12394959,FB
2017-04-27,146.67,147.75,146.14,147.7,11275112,FB
2017-04-28,149.5,151.53,149.07,150.25,30652248,FB
2017-05-01,151.74,152.57,151.42,152.46,25218300,FB
2017-05-02,153.34,153.44,151.66,152.78,21870380,FB
2017-05-03,153.6,153.6,151.34,151.8,29782492,FB
2017-05-04,150.17,151.52,148.72,150.85,36225452,FB
2017-05-05,151.45,151.63,149.79,150.24,17148543,FB
2017-05-08,150.71,151.08,149.74,151.06,15827488,FB
2017-05-09,151.49,152.59,150.21,150.48,17453859,FB
2017-05-10,150.23,150.52,148.86,150.29,12080650,FB
2017-05-11,150.31,150.65,149.41,150.04,11841864,FB
2017-05-12,150.4,150.46,149.63,150.33,9598229,FB
2017-05-15,150.17,151.48,149.77,150.19,15064664,FB
2017-05-16,150.11,150.21,149.03,149.78,14550830,FB
2017-05-17,148.0,148.67,144.4216,144.85,28300050,FB
2017-05-18,144.72,148.15,144.51,147.66,23031566,FB
2017-05-19,148.445,149.39,147.96,148.06,16187892,FB
2017-05-22,148.08,148.59,147.69,148.24,12586712,FB
2017-05-23,148.52,148.81,147.25,148.07,12817837,FB
2017-05-24,148.51,150.23,148.42,150.04,17940668,FB
2017-05-25,150.3,152.59,149.95,151.96,19891352,FB
2017-05-26,152.23,152.25,151.15,152.13,14996185,FB
2017-05-30,151.97,152.9,151.64,152.38,13226007,FB
2017-05-31,152.7,153.35,151.09,151.46,18023917,FB
2017-06-01,151.75,152.29,150.3,151.53,14530600,FB
2017-06-02,151.85,153.63,151.3,153.61,16854365,FB
2017-06-05,153.64,154.7088,153.41,153.63,12520387,FB
2017-06-06,153.41,154.52,152.48,152.81,13457119,FB
2017-06-07,153.27,153.75,152.34,153.12,12066657,FB
2017-06-08,154.08,154.73,153.1,154.71,17799449,FB
2017-06-09,154.77,155.59,146.61,149.6,35577676,FB
2017-06-12,148.17,149.195,144.56,148.44,33170180,FB
2017-06-13,150.15,151.18,148.9,150.68,20483350,FB
2017-06-14,151.26,152.4,149.05,150.25,20808759,FB
2017-06-15,147.67,150.0366,146.3747,149.8,18994152,FB
2017-06-16,149.59,150.83,148.6,150.64,22882417,FB
2017-06-19,151.71,153.57,151.71,152.87,19026462,FB
2017-06-20,152.88,153.84,152.21,152.25,14743853,FB
2017-06-21,152.36,154.08,151.88,153.91,15039834,FB
2017-06-22,153.01,154.55,152.91,153.4,13005535,FB
2017-06-23,152.72,155.2,152.65,155.07,18026977,FB
2017-06-26,156.25,156.5,153.1954,153.59,18049651,FB
2017-06-27,152.84,153.31,150.39,150.58,19360766,FB
2017-06-28,150.92,153.47,149.86,153.24,16719104,FB
2017-06-29,152.28,152.5,148.9175,151.04,23973482,FB
2017-06-30,151.9,151.92,150.06,150.98,17666022,FB
2017-07-03,151.72,152.15,147.8,148.43,13862735,FB
2017-07-05,149.0,150.85,148.13,150.34,14334290,FB
2017-07-06,149.03,150.04,148.0,148.82,14951802,FB
2017-07-07,149.25,151.99,149.19,151.44,13615931,FB
2017-07-10,151.69,153.98,151.51,153.5,13378672,FB
2017-07-11,153.37,155.4225,152.91,155.27,13667744,FB
2017-07-12,156.49,159.16,156.2,158.9,22739388,FB
2017-07-13,158.74,159.78,158.4227,159.26,13929236,FB
2017-07-14,160.13,160.32,159.3254,159.97,16371207,FB
2017-07-17,160.25,160.78,158.81,159.73,12858836,FB
2017-07-18,159.66,163.73,159.42,162.86,23722910,FB
2017-07-19,163.59,165.7,163.17,164.14,26273642,FB
2017-07-20,164.8,165.0,162.81,164.53,18523107,FB
2017-07-21,164.16,165.05,163.75,164.43,14744002,FB
2017-07-24,164.64,166.17,164.31,166.0,17366971,FB
2017-07-25,165.01,165.54,163.8619,165.28,15383241,FB
2017-07-26,166.01,166.01,164.1,165.61,35236867,FB
2017-07-27,174.7,175.49,167.5,170.44,68910708,FB
2017-07-28,169.07,173.43,169.05,172.45,24557553,FB
2017-07-31,172.0,172.72,168.55,169.25,25478945,FB
2017-08-01,169.82,170.47,169.05,169.86,14384957,FB
2017-08-02,170.3,170.55,166.91,169.3,17433774,FB
2017-08-03,169.3,169.7,168.25,168.59,10793841,FB
2017-08-04,168.97,170.06,168.69,169.62,10777727,FB
2017-08-07,169.95,172.06,169.66,171.98,12787844,FB
2017-08-08,171.88,173.05,170.62,171.23,14393524,FB
2017-08-09,169.98,171.45,169.56,171.18,10814984,FB
2017-08-10,170.06,170.59,166.85,167.4,20832746,FB
2017-08-11,167.95,168.82,166.85,168.08,13791153,FB
2017-08-14,170.09,171.08,169.29,170.75,12954231,FB
2017-08-15,171.49,171.5,170.01,171.0,8729172,FB
2017-08-16,171.25,171.38,169.24,170.0,15779924,FB
2017-08-17,169.34,169.86,166.85,166.91,17216030,FB
2017-08-18,166.84,168.67,166.21,167.41,15093638,FB
2017-08-21,167.16,168.0,165.82,167.78,11907488,FB
2017-08-22,168.28,169.87,167.15,169.64,11390975,FB
2017-08-23,168.84,169.36,168.2,168.71,9856473,FB
2017-08-24,168.88,169.29,166.41,167.74,14030420,FB
2017-08-25,167.86,168.38,166.18,166.32,12614477,FB
2017-08-28,166.91,167.7,166.33,167.24,8553741,FB
2017-08-29,165.25,168.425,165.0,168.05,11120986,FB
2017-08-30,168.17,170.18,167.63,169.92,11138293,FB
2017-08-31,170.4,172.145,170.06,171.97,17226465,FB
2017-09-01,172.4,172.915,171.31,172.02,11677589,FB
2017-09-05,171.27,172.3875,169.55,170.72,13221127,FB
2017-09-06,170.91,172.48,169.57,172.09,13906342,FB
2017-09-07,171.94,173.3067,170.27,173.21,18049527,FB
2017-09-08,173.09,173.49,170.8,170.95,10998459,FB
2017-09-11,172.4,173.89,172.2,173.51,12372040,FB
2017-09-12,173.76,174.0,171.75,172.96,11186328,FB
2017-09-13,173.01,173.17,172.06,173.05,9119295,FB
2017-09-14,172.26,172.28,170.5,170.96,15615654,FB
2017-09-15,170.88,172.34,170.26,171.64,15660539,FB
2017-09-18,171.99,172.07,169.34,170.01,12954013,FB
2017-09-19,170.62,172.56,170.36,172.52,13168595,FB
2017-09-20,172.5,173.05,170.7,172.17,12264125,FB
2017-09-21,171.69,172.27,170.01,171.11,11161412,FB
2017-09-22,170.21,171.73,169.22,170.54,12097138,FB
2017-09-25,169.24,169.3,161.56,162.87,41251583,FB
2017-09-26,164.5,165.5,162.78,164.21,23363335,FB
2017-09-27,165.9,168.34,165.57,167.68,19242548,FB
2017-09-28,167.94,169.0696,167.16,168.73,12178747,FB
2017-09-29,168.83,171.66,168.81,170.87,15340366,FB
2017-10-02,171.39,171.87,168.75,169.47,13392280,FB
2017-10-03,169.3,170.73,169.2,169.96,8190273,FB
2017-10-04,169.83,170.67,168.29,168.42,12127887,FB
2017-10-05,169.18,171.31,168.6,171.24,14580628,FB
2017-10-06,170.25,172.37,169.75,172.23,13124473,FB
2017-10-09,172.7,174.88,172.0,172.5,14570413,FB
2017-10-10,173.0,173.2,170.8,171.59,11341081,FB
2017-10-11,171.95,172.78,171.4,172.74,11283663,FB
2017-10-12,172.61,173.85,172.29,172.55,10351044,FB
2017-10-13,173.45,174.65,173.2,173.74,13658307,FB
2017-10-16,174.49,175.0,174.06,174.52,11498752,FB
2017-10-17,174.71,176.13,174.36,176.11,15990079,FB
2017-10-18,176.65,176.74,175.75,176.03,12752351,FB
2017-10-19,174.93,176.03,172.63,174.56,14048350,FB
2017-10-20,175.5,175.88,174.63,174.98,12602238,FB
2017-10-23,175.2,175.34,171.25,171.27,13852658,FB
2017-10-24,172.3,173.24,171.5,171.8,12267913,FB
2017-10-25,171.9,172.25,168.89,170.6,15868197,FB
2017-10-26,171.38,172.285,170.39,170.63,11833141,FB
2017-10-27,174.15,178.21,173.9,177.88,30285281,FB
2017-10-30,179.26,180.69,177.61,179.87,24353160,FB
2017-10-31,180.57,180.8,178.94,180.06,20174231,FB
2017-11-01,182.36,182.9,180.57,182.66,40918341,FB
2017-11-02,180.63,181.94,177.34,178.92,35529893,FB
2017-11-03,179.29,179.86,176.71,178.92,17822131,FB
2017-11-06,178.56,180.45,178.31,180.17,13312741,FB
2017-11-07,180.5,180.7478,178.96,180.25,12928182,FB
2017-11-08,179.79,180.35,179.11,179.56,10494149,FB
2017-11-09,178.31,179.4,177.09,179.3,12557573,FB
2017-11-10,178.35,179.0999,177.96,178.46,11070189,FB
2017-11-13,177.5,179.04,177.3,178.77,9523447,FB
2017-11-14,178.13,178.97,177.18,178.07,9585868,FB
2017-11-15,176.66,178.57,176.4,177.95,10253667,FB
2017-11-16,178.76,179.83,178.5,179.59,15607582,FB
2017-11-17,179.3,179.98,178.9,179.0,13017980,FB
2017-11-20,178.87,179.5,178.1,178.74,10052391,FB
2017-11-21,179.15,181.89,178.99,181.86,14503990,FB
2017-11-22,181.3,181.73,180.44,180.87,10376329,FB
2017-11-24,180.4,183.15,180.29,182.78,9426283,FB
2017-11-27,182.56,183.73,181.99,183.03,12344516,FB
2017-11-28,183.51,184.25,182.09,182.42,14379674,FB
2017-11-29,181.89,181.97,174.0,175.13,41933484,FB
2017-11-30,176.85,178.275,175.2,177.18,25307601,FB
2017-12-01,176.03,177.48,172.34,175.1,20182523,FB
2017-12-04,176.29,176.57,170.79,171.47,24459422,FB
2017-12-05,170.45,175.38,169.01,172.83,20184908,FB
2017-12-06,172.5,176.77,171.9,176.06,20255846,FB
2017-12-07,175.8,180.39,175.8,180.14,20404533,FB
2017-12-08,181.53,182.28,178.7401,179.0,19883764,FB
2017-12-11,179.3,180.22,178.8,179.04,13168575,FB
2017-12-12,178.6,179.18,176.6,176.96,16854098,FB
2017-12-13,177.3,179.16,177.25,178.3,14615718,FB
2017-12-14,178.29,180.3601,177.68,178.39,13590999,FB
2017-12-15,179.02,180.4934,178.36,180.18,28463101,FB
2017-12-18,181.01,181.3,179.75,180.82,17265376,FB
2017-12-19,179.95,180.08,178.22,179.51,14920582,FB
2017-12-20,179.81,179.81,177.36,177.89,11860497,FB
2017-12-21,177.94,178.68,177.05,177.45,11600700,FB
2017-12-22,177.14,177.53,176.23,177.2,8509451,FB
2017-12-26,176.63,177.0,174.67,175.99,8897286,FB
2017-12-27,176.55,178.44,176.26,177.62,9496071,FB
2017-12-28,177.95,178.9367,177.68,177.92,12220760,FB
2017-12-29,178.0,178.85,176.46,176.46,10261456,FB
2018-01-02,177.68,181.58,177.55,181.42,18151903,FB
2018-01-03,181.88,184.78,181.33,184.67,16886563,FB
2018-01-04,184.9,186.21,184.0996,184.33,13880896,FB
2018-01-05,185.59,186.9,184.93,186.85,13574535,FB
2018-01-08,187.2,188.9,186.33,188.28,17994726,FB
2018-01-09,188.7,188.8,187.1,187.87,12393057,FB
2018-01-10,186.94,187.89,185.63,187.84,10529894,FB
2018-01-11,188.4,188.4,187.38,187.77,9588587,FB
2018-01-12,178.06,181.48,177.4,179.37,77551299,FB
2018-01-16,181.5,181.75,178.04,178.39,36183842,FB
2018-01-17,179.26,179.32,175.8,177.6,27992376,FB
2018-01-18,178.13,180.98,177.08,179.8,23304901,FB
2018-01-19,180.85,182.37,180.1702,181.29,26826540,FB
2018-01-22,180.8,185.39,180.41,185.37,21059464,FB
2018-01-23,186.05,189.55,185.55,189.35,25678781,FB
2018-01-24,189.89,190.66,186.52,186.55,24334548,FB
2018-01-25,187.95,188.62,186.6,187.48,17377740,FB
2018-01-26,187.75,190.0,186.81,190.0,17759212,FB
2018-01-29,188.75,188.84,185.6301,185.98,20453172,FB
2018-01-30,183.01,188.18,181.84,187.12,20858556,FB
2018-01-31,188.37,189.83,185.22,186.89,43275144,FB
2018-02-01,188.22,195.32,187.89,193.09,54211293,FB
2018-02-02,192.04,194.21,189.98,190.28,26677484,FB
2018-02-05,186.93,190.61,180.61,181.26,33128206,FB
2018-02-06,178.57,185.77,177.74,185.31,37758505,FB
2018-02-07,184.15,185.0817,179.95,180.18,27601886,FB
2013-02-08,390.4551,393.7283,390.1698,393.0777,6031199,GOOGL
2013-02-11,389.5892,391.8915,387.2619,391.6012,4330781,GOOGL
2013-02-12,391.2659,394.344,390.0747,390.7403,3714176,GOOGL
2013-02-13,390.4551,393.0677,390.375,391.8214,2393946,GOOGL
2013-02-14,390.2549,394.7644,389.2739,394.3039,3466971,GOOGL
2013-02-15,394.0937,397.0266,393.9285,396.8414,5453980,GOOGL
2013-02-19,398.393,403.9035,398.0376,403.8284,5857528,GOOGL
2013-02-20,403.0527,404.8895,396.2929,396.6262,5522500,GOOGL
2013-02-21,399.399,403.1277,396.0056,398.1628,7008464,GOOGL
2013-02-22,400.0296,401.0256,397.2969,400.2549,4103315,GOOGL
2013-02-25,401.5512,404.6092,395.6402,395.7804,4602925,GOOGL
2013-02-26,397.8975,398.3729,392.5922,395.4601,4399988,GOOGL
2013-02-27,397.7974,402.7774,395.9506,400.2899,4047784,GOOGL
2013-02-28,400.9506,403.8985,400.9155,401.0006,4526218,GOOGL
2013-03-01,399.2989,403.9736,398.4731,403.4981,4346304,GOOGL
2013-03-04,403.0527,411.8314,402.9025,411.1628,5545624,GOOGL
2013-03-05,414.8795,420.495,414.8644,419.7213,8079065,GOOGL
2013-03-06,420.933,422.422,414.8194,416.1057,5739956,GOOGL
2013-03-07,417.447,418.7283,415.2048,416.7143,4101301,GOOGL
2013-03-08,417.6673,417.8774,412.9375,416.1758,5817848,GOOGL
2013-03-11,416.2608,420.2699,416.1658,417.8274,3186118,GOOGL
2013-03-12,415.7704,416.3609,412.2468,414.2188,4012146,GOOGL
2013-03-13,414.3639,415.7603,411.5662,413.0677,3279147,GOOGL
2013-03-14,413.9085,413.9085,409.1037,411.1808,3298723,GOOGL
2013-03-15,409.6592,410.5602,407.0767,407.5582,6191734,GOOGL
2013-03-18,402.9025,406.7864,401.1357,404.2989,3672831,GOOGL
2013-03-19,406.0256,410.0346,403.6282,406.0657,4191219,GOOGL
2013-03-20,408.8234,409.1638,406.1257,407.7614,2924120,GOOGL
2013-03-21,406.0506,408.8671,405.3299,406.0356,2930649,GOOGL
2013-03-22,407.7774,408.0276,405.2248,405.5602,2973343,GOOGL
2013-03-25,406.6112,410.0246,403.8134,405.2248,3410398,GOOGL
2013-03-26,407.1567,407.4069,404.2989,406.6162,2381243,GOOGL
2013-03-27,403.7433,403.9035,401.0657,401.7313,4322068,GOOGL
2013-03-28,402.397,403.0877,397.0466,397.4911,4570853,GOOGL
2013-04-01,397.9025,401.5261,397.0216,400.9956,3610549,GOOGL
2013-04-02,402.6723,407.8224,402.402,406.9265,4078671,GOOGL
2013-04-03,407.1367,407.5071,400.7343,403.5041,3473233,GOOGL
2013-04-04,402.5271,403.2779,396.0457,397.9325,4889914,GOOGL
2013-04-05,393.423,393.8885,388.5882,391.9165,6860927,GOOGL
2013-04-08,389.7644,390.1648,384.5842,387.8124,5658378,GOOGL
2013-04-09,388.1377,392.2669,386.9416,389.2138,4310166,GOOGL
2013-04-10,391.8515,396.5712,388.388,395.4851,3953171,GOOGL
2013-04-11,396.8364,396.9466,392.422,395.5902,4053279,GOOGL
2013-04-12,396.391,396.4471,391.8565,395.42,3269389,GOOGL
2013-04-15,393.368,398.8985,388.8985,391.356,4900346,GOOGL
2013-04-16,393.6883,398.398,392.352,397.0817,3480468,GOOGL
2013-04-17,393.7684,395.8179,389.4391,391.6713,4069487,GOOGL
2013-04-18,393.0677,393.2929,381.0107,383.34,6601455,GOOGL
2013-04-19,384.9646,402.1217,383.5131,400.3349,11593628,GOOGL
2013-04-22,400.7003,402.381,387.8875,400.4571,5760454,GOOGL
2013-04-23,400.9005,408.1578,400.5802,404.3539,4579994,GOOGL
2013-04-24,404.4591,409.409,404.404,407.1337,3654448,GOOGL
2013-04-25,408.5331,408.6432,404.2188,404.9545,3980422,GOOGL
2013-04-26,404.2038,404.2739,398.6883,401.1107,4970304,GOOGL
2013-04-29,402.0266,411.7613,401.9015,409.9395,4595912,GOOGL
2013-04-30,409.9095,414.2338,409.2488,412.6973,4608663,GOOGL
2013-05-01,412.0416,412.7724,408.5882,410.6252,2906961,GOOGL
2013-05-02,410.4601,417.6923,409.9345,415.2198,4032460,GOOGL
2013-05-03,418.8985,423.8234,418.418,423.2829,5019702,GOOGL
2013-05-06,424.5541,431.3559,424.5541,431.2058,4278140,GOOGL
2013-05-07,431.9365,432.3669,425.7603,429.0436,3914058,GOOGL
2013-05-08,428.9285,437.3769,426.8815,437.2518,4930476,GOOGL
2013-05-09,435.8554,440.2698,434.5491,436.1757,4396519,GOOGL
2013-05-10,438.0927,440.7103,436.5161,440.5551,3791566,GOOGL
2013-05-13,439.8844,441.6762,437.1272,439.2038,2893167,GOOGL
2013-05-14,439.1888,444.7893,439.0086,443.9936,3154697,GOOGL
2013-05-15,448.1978,458.6482,447.457,458.4029,7962426,GOOGL
2013-05-16,459.9595,460.4499,451.456,452.3869,6410573,GOOGL
2013-05-17,455.465,457.2012,450.7103,455.0446,5578028,GOOGL
2013-05-20,452.9525,460.7603,452.9525,454.7193,4540849,GOOGL
2013-05-21,454.464,456.2858,449.2538,453.9385,3961409,GOOGL
2013-05-22,451.7313,455.1097,443.8834,445.1547,5116072,GOOGL
2013-05-23,438.9385,445.425,437.437,441.8364,4545347,GOOGL
2013-05-24,438.0676,439.8494,435.9405,437.0967,4588931,GOOGL
2013-05-28,442.1918,446.5161,440.6402,441.0756,4510310,GOOGL
2013-05-29,438.2929,439.434,432.5771,434.5892,4022272,GOOGL
2013-05-30,435.395,439.8895,433.6382,435.8154,4237137,GOOGL
2013-05-31,434.4941,438.9385,434.1938,436.0446,3934779,GOOGL
2013-06-03,436.9365,437.4219,427.9375,434.2488,4946046,GOOGL
2013-06-04,434.3589,435.7303,427.462,429.9796,3733157,GOOGL
2013-06-05,431.6863,435.1597,428.9936,430.2799,4208973,GOOGL
2013-06-06,432.5822,433.5982,424.0336,432.7523,5152857,GOOGL
2013-06-07,435.6452,440.44,433.0927,440.3049,5342795,GOOGL
2013-06-10,441.491,445.9455,440.4851,445.5551,4670835,GOOGL
2013-06-11,442.427,443.9435,440.1998,440.3449,3511453,GOOGL
2013-06-12,443.1727,443.443,435.2598,436.426,4405093,GOOGL
2013-06-13,434.9245,440.2698,433.1827,438.9385,4135093,GOOGL
2013-06-14,440.49,442.7923,437.5021,437.9575,4485457,GOOGL
2013-06-17,440.0546,445.1597,439.5791,443.5681,4287768,GOOGL
2013-06-18,444.7693,450.9505,444.6192,450.7603,4329191,GOOGL
2013-06-19,451.1357,455.8754,449.1988,450.7903,5825958,GOOGL
2013-06-20,447.442,450.9505,442.0967,442.8124,6737253,GOOGL
2013-06-21,444.6142,445.3849,436.9715,440.9055,7956472,GOOGL
2013-06-24,436.3759,438.5982,432.0566,435.3299,6027497,GOOGL
2013-06-25,439.0686,440.2798,432.6873,433.5331,5101271,GOOGL
2013-06-26,437.3119,439.439,435.7203,437.2618,3658997,GOOGL
2013-06-27,439.8394,442.7873,438.7633,438.9735,3849059,GOOGL
2013-06-28,437.8875,441.3609,437.5326,440.6252,4693361,GOOGL
2013-07-01,443.6682,446.486,442.9425,444.3839,3443061,GOOGL
2013-07-02,445.5451,445.9455,439.0736,441.5962,3779117,GOOGL
2013-07-03,440.45,445.0296,439.6893,443.6582,2095161,GOOGL
2013-07-05,445.45,448.1527,444.1137,447.1917,3400260,GOOGL
2013-07-08,450.0546,453.5881,448.9905,452.9975,3934965,GOOGL
2013-07-09,455.9555,456.9315,449.439,453.0726,3923293,GOOGL
2013-07-10,452.1767,456.0231,450.6402,453.448,3411271,GOOGL
2013-07-11,456.9565,460.8654,454.7143,460.5801,5162480,GOOGL
2013-07-12,460.46,461.9615,458.0776,461.9615,5131083,GOOGL
2013-07-15,462.6121,464.464,458.6382,462.8073,3916715,GOOGL
2013-07-16,464.0286,464.449,457.4069,460.2638,3961942,GOOGL
2013-07-17,460.9605,463.8934,458.6082,459.7343,3008727,GOOGL
2013-07-18,459.9545,460.46,452.0466,455.7953,7211592,GOOGL
2013-07-19,443.7483,451.9265,438.2428,448.7473,14703570,GOOGL
2013-07-22,451.451,456.7913,448.9485,455.8053,5800599,GOOGL
2013-07-23,455.8053,456.9565,450.2348,452.3519,4086567,GOOGL
2013-07-24,454.0836,455.6051,450.8003,451.9015,4151405,GOOGL
2013-07-25,447.3819,448.8734,443.483,444.2939,5995870,GOOGL
2013-07-26,443.9385,445.44,441.441,443.1177,3551790,GOOGL
2013-07-29,442.8924,447.8574,440.8854,441.5761,3780304,GOOGL
2013-07-30,443.1727,448.2528,440.8754,445.9055,3508124,GOOGL
2013-07-31,446.9415,448.7028,443.5331,444.3189,4341642,GOOGL
2013-08-01,447.9475,452.7273,447.9475,452.5621,4267479,GOOGL
2013-08-02,452.1717,453.9535,450.8604,453.7383,3424306,GOOGL
2013-08-05,453.1477,453.2153,450.0496,452.9525,2616825,GOOGL
2013-08-06,452.7973,455.3094,448.3129,448.7333,3009141,GOOGL
2013-08-07,447.9675,449.6742,444.9895,445.7703,2756731,GOOGL
2013-08-08,448.1927,448.3679,443.0901,446.7763,2973117,GOOGL
2013-08-09,445.7253,448.2078,445.445,445.6502,2644677,GOOGL
2013-08-12,443.8934,443.9435,441.2658,443.1978,2751317,GOOGL
2013-08-13,443.8584,444.6943,438.5381,441.0656,2837087,GOOGL
2013-08-14,439.6242,440.5551,434.0136,435.3399,4160234,GOOGL
2013-08-15,432.6522,432.8925,429.429,430.2598,3737686,GOOGL
2013-08-16,431.0706,431.6512,428.6983,428.8825,3346827,GOOGL
2013-08-19,429.2839,436.436,429.1537,433.2578,3618232,GOOGL
2013-08-20,434.6092,436.4911,432.2018,433.1427,2470048,GOOGL
2013-08-21,435.7603,438.893,433.6832,435.0997,3511155,GOOGL
2013-08-22,436.7864,437.8124,435.5601,437.2919,1738084,GOOGL
2013-08-23,439.3539,439.439,435.3099,435.5401,2151834,GOOGL
2013-08-26,435.435,437.8875,433.458,433.6282,2110258,GOOGL
2013-08-27,430.2398,432.2969,424.3739,425.5001,3460148,GOOGL
2013-08-28,425.5501,428.1327,424.3089,424.6993,2657159,GOOGL
2013-08-29,424.9595,430.6202,424.7193,428.1427,2739876,GOOGL
2013-08-30,428.3079,429.449,423.2028,423.8734,3719495,GOOGL
2013-09-03,427.6072,433.5281,427.402,430.6202,4091181,GOOGL
2013-09-04,430.6052,437.1868,428.0126,436.2528,4078388,GOOGL
2013-09-05,437.1868,440.3799,436.2408,440.2198,2582619,GOOGL
2013-09-06,441.6612,442.3319,437.3069,440.2298,3120390,GOOGL
2013-09-09,442.3069,445.3199,441.6512,444.471,2466701,GOOGL
2013-09-10,445.455,446.446,442.4421,444.7793,2572899,GOOGL
2013-09-11,444.7143,448.9335,443.483,448.5431,3218136,GOOGL
2013-09-12,449.1487,449.399,445.45,446.9785,2188741,GOOGL
2013-09-13,447.6972,448.2878,442.8624,444.9785,2649123,GOOGL
2013-09-16,448.5481,448.9485,442.8774,444.3239,2679542,GOOGL
2013-09-17,444.1487,444.6417,440.9405,443.4981,2516547,GOOGL
2013-09-18,443.6182,452.437,441.9766,452.1117,3866699,GOOGL
2013-09-19,453.448,453.448,448.1477,449.6442,3192527,GOOGL
2013-09-20,449.6442,452.5171,448.2578,452.0066,8683934,GOOGL
2013-09-23,448.5231,451.2458,443.0426,443.6932,3551333,GOOGL
2013-09-24,443.6932,445.495,441.1407,443.8634,2937129,GOOGL
2013-09-25,443.7183,443.7183,438.2378,439.0536,3299275,GOOGL
2013-09-26,439.5892,441.8164,437.9375,439.5241,2517297,GOOGL
2013-09-27,437.8474,439.1988,436.0907,438.6332,2515129,GOOGL
2013-09-30,434.9745,440.8604,434.5892,438.393,3443163,GOOGL
2013-10-01,440.5651,444.2788,440.465,443.9455,3366200,GOOGL
2013-10-02,441.8064,445.1222,439.3489,444.439,2987680,GOOGL
2013-10-03,444.444,447.4971,436.486,438.483,4232991,GOOGL
2013-10-04,437.9375,439.1937,435.435,436.6112,2713297,GOOGL
2013-10-07,434.1587,437.432,432.4871,433.3029,2585249,GOOGL
2013-10-08,433.0927,433.423,426.2408,427.2618,3894014,GOOGL
2013-10-09,428.5681,431.7563,421.9115,428.3579,5297349,GOOGL
2013-10-10,432.3519,434.8494,430.5351,434.5541,4513349,GOOGL
2013-10-11,433.448,437.1767,433.0827,436.431,2815009,GOOGL
2013-10-14,433.7633,438.5631,433.1277,438.4931,2484861,GOOGL
2013-10-15,438.3179,443.2578,437.437,441.446,3186368,GOOGL
2013-10-16,443.3779,449.6142,442.447,449.4635,4019552,GOOGL
2013-10-17,446.9415,448.8985,443.3079,444.8414,8504739,GOOGL
2013-10-18,488.7783,508.2378,487.487,506.2097,23145371,GOOGL
2013-10-21,506.2357,510.0095,500.2748,502.1517,7259073,GOOGL
2013-10-22,503.0025,507.0065,498.3934,504.0035,4418539,GOOGL
2013-10-23,501.0005,517.8923,500.8153,516.2192,5329842,GOOGL
2013-10-24,516.4509,520.8053,512.9124,513.2878,4182126,GOOGL
2013-10-25,514.9244,514.9244,505.8754,508.1076,4057618,GOOGL
2013-10-28,508.1076,512.2267,506.999,508.0075,2330470,GOOGL
2013-10-29,510.0596,518.9885,507.2568,518.6381,3213379,GOOGL
2013-10-30,519.2337,519.2738,513.513,515.7252,2651548,GOOGL
2013-10-31,514.9795,521.2827,512.497,515.8053,3276793,GOOGL
2013-11-01,516.4109,518.5179,513.0625,514.0335,2565311,GOOGL
2013-11-04,516.2658,516.7012,511.526,513.5661,2276094,GOOGL
2013-11-05,510.6852,516.3408,509.2187,511.2708,2360615,GOOGL
2013-11-06,513.3128,514.0135,508.1927,511.8864,1827421,GOOGL
2013-11-07,511.8163,512.477,504.3238,504.479,3356785,GOOGL
2013-11-08,504.8794,509.7593,504.7543,508.523,2586430,GOOGL
2013-11-11,505.2598,508.473,504.504,505.8003,2223333,GOOGL
2013-11-12,504.3539,509.2888,503.0025,506.3959,2435485,GOOGL
2013-11-13,503.8784,516.9414,503.7532,516.7512,3164843,GOOGL
2013-11-14,517.477,520.3949,515.6902,518.1326,2334603,GOOGL
2013-11-15,517.9524,519.519,515.6707,517.2968,2552991,GOOGL
2013-11-18,518.3929,524.8944,515.1358,516.2908,3516981,GOOGL
2013-11-19,516.3759,517.8924,512.0365,513.1146,2260977,GOOGL
2013-11-20,515.49,517.1967,510.6902,511.6662,1929141,GOOGL
2013-11-21,514.0135,519.6742,513.513,517.552,2182811,GOOGL
2013-11-22,517.2267,518.6031,515.1259,516.4609,2506114,GOOGL
2013-11-25,519.0986,527.1216,518.0288,523.488,3222795,GOOGL
2013-11-26,524.8243,531.2808,521.989,529.7342,4569794,GOOGL
2013-11-27,531.546,534.534,530.53,532.0866,2244873,GOOGL
2013-11-29,531.6111,533.8433,530.2547,530.3248,2383163,GOOGL
2013-12-02,532.2868,533.7082,525.9054,527.7672,2747720,GOOGL
2013-12-03,526.0005,532.2517,525.0345,527.1566,3352755,GOOGL
2013-12-04,526.2107,532.522,525.525,529.6191,2381896,GOOGL
2013-12-05,529.1286,530.3598,526.0705,529.1987,2267570,GOOGL
2013-12-06,535.4299,535.535,530.57,535.4699,2859610,GOOGL
2013-12-09,536.0305,541.6962,534.544,539.6091,2965241,GOOGL
2013-12-10,538.6131,546.7012,538.3628,542.8723,3708515,GOOGL
2013-12-11,544.2437,546.2057,538.1226,539.1836,3420250,GOOGL
2013-12-12,540.3248,542.0115,535.0345,535.515,3189806,GOOGL
2013-12-13,538.2377,538.6831,529.4714,530.9254,4325193,GOOGL
2013-12-16,532.532,537.8823,531.536,537.0265,3209141,GOOGL
2013-12-17,536.9464,540.9204,534.7242,535.4649,3076757,GOOGL
2013-12-18,536.4609,543.0175,530.0495,542.9174,4420671,GOOGL
2013-12-19,540.9241,546.541,540.0795,543.6531,3328683,GOOGL
2013-12-20,544.6942,551.1356,544.544,550.8603,6528306,GOOGL
2013-12-23,554.4739,558.4578,553.1126,558.1075,3443417,GOOGL
2013-12-24,558.0425,558.1776,554.6041,556.4759,1466873,GOOGL
2013-12-26,557.562,560.0595,554.8993,559.2887,2674340,GOOGL
2013-12-27,560.56,560.7001,557.0265,559.7592,3137143,GOOGL
2013-12-30,560.7302,560.8102,555.0645,555.2847,2470947,GOOGL
2013-12-31,556.6761,561.0605,553.6831,560.9154,2713886,GOOGL
2014-01-02,558.2877,559.4339,554.6842,557.1166,3641796,GOOGL
2014-01-03,558.0575,559.0235,553.0175,553.0525,3335123,GOOGL
2014-01-06,557.0615,559.9894,553.7732,559.2187,3538026,GOOGL
2014-01-07,563.0625,570.4148,561.1406,569.9982,5102895,GOOGL
2014-01-08,573.573,574.2337,567.2116,571.1856,4482406,GOOGL
2014-01-09,572.2917,572.6821,563.3428,565.6851,4166963,GOOGL
2014-01-10,570.1095,570.1095,561.6861,565.6551,4286833,GOOGL
2014-01-13,563.7982,574.0284,559.1436,562.0515,4846384,GOOGL
2014-01-14,569.544,576.0755,564.609,575.2747,4964064,GOOGL
2014-01-15,577.0715,578.0775,572.4669,574.8843,3898126,GOOGL
2014-01-16,575.1245,579.5435,574.574,578.6881,3368030,GOOGL
2014-01-17,579.0034,580.8953,572.6721,575.8403,5526753,GOOGL
2014-01-21,581.0455,582.582,576.2256,582.4319,3958240,GOOGL
2014-01-22,583.8883,584.5289,580.0094,583.0925,3144547,GOOGL
2014-01-23,580.58,581.8262,577.7622,580.63,3899387,GOOGL
2014-01-24,576.0805,577.3493,562.0615,562.4769,7844849,GOOGL
2014-01-27,563.6131,563.8133,541.6761,551.1656,8717239,GOOGL
2014-01-28,555.7152,563.4374,555.525,562.0665,4431015,GOOGL
2014-01-29,560.1196,561.4359,550.2597,554.0135,4818464,GOOGL
2014-01-30,573.0725,576.8212,564.1886,568.2647,10271942,GOOGL
2014-01-31,586.2607,593.8633,576.1406,591.0755,11128460,GOOGL
2014-02-03,590.1896,591.4519,566.5685,567.2817,9142062,GOOGL
2014-02-04,569.564,578.0775,569.0735,569.6491,5625848,GOOGL
2014-02-05,572.2617,575.9604,564.574,572.1716,4796442,GOOGL
2014-02-06,576.1406,580.6601,574.3488,580.56,3892615,GOOGL
2014-02-07,584.3988,589.5389,580.8608,589.3087,5369247,GOOGL
2014-02-10,586.4859,591.7912,585.0945,587.0515,3887391,GOOGL
2014-02-11,590.6751,596.529,586.6911,595.6851,4101524,GOOGL
2014-02-12,595.0945,595.595,591.2807,593.9383,3447898,GOOGL
2014-02-13,590.9654,600.5499,590.4198,600.5499,3670172,GOOGL
2014-02-14,598.4028,602.7972,596.9964,602.0014,4384276,GOOGL
2014-02-18,601.3057,607.0414,600.6,606.0454,4217243,GOOGL
2014-02-19,603.2527,605.2146,599.3498,601.7712,4207187,GOOGL
2014-02-20,602.1716,604.0459,600.7101,602.6571,3400388,GOOGL
2014-02-21,604.5089,605.5399,602.0189,602.4969,3722587,GOOGL
2014-02-24,603.2827,610.6901,603.1526,606.8613,3347574,GOOGL
2014-02-25,608.578,612.8623,605.8169,610.61,2885475,GOOGL
2014-02-26,612.612,615.0544,607.4869,610.6951,3963644,GOOGL
2014-02-27,609.8042,612.7296,609.114,610.2146,2519069,GOOGL
2014-02-28,610.7802,612.7071,603.7131,608.4328,4624567,GOOGL
2014-03-03,603.9784,604.5239,596.6661,601.9463,4204777,GOOGL
2014-03-04,608.1075,608.608,605.3547,608.0625,2939123,GOOGL
2014-03-05,608.1325,612.1515,606.3087,609.7391,2469910,GOOGL
2014-03-06,611.7511,613.6856,609.9093,610.4148,2536645,GOOGL
2014-03-07,614.0134,614.1061,606.3247,608.0024,3027992,GOOGL
2014-03-10,608.4528,609.4263,602.6471,606.3908,2428458,GOOGL
2014-03-11,607.4919,607.7671,598.9183,600.595,3427419,GOOGL
2014-03-12,598.7982,604.5289,592.6871,604.2536,3929924,GOOGL
2014-03-13,604.579,605.8552,592.9724,595.1245,4686593,GOOGL
2014-03-14,591.586,596.0304,586.8513,586.9864,4598973,GOOGL
2014-03-17,590.2146,599.1335,589.6441,596.646,4328765,GOOGL
2014-03-18,597.9323,606.3708,597.1265,606.2356,3639572,GOOGL
2014-03-19,606.5059,606.601,597.8022,600.2246,3222579,GOOGL
2014-03-20,600.575,605.4098,598.2777,599.1786,3366583,GOOGL
2014-03-21,603.7582,605.4198,591.8162,592.1115,6414897,GOOGL
2014-03-24,592.6871,593.0425,573.548,579.544,6072230,GOOGL
2014-03-25,583.583,585.5049,574.0735,579.9394,4821269,GOOGL
2014-03-26,581.586,586.3708,566.3157,566.551,5154891,GOOGL
2014-03-27,565.9904,566.536,551.601,557.6971,7645706,GOOGL
2014-03-28,560.0595,567.1616,559.4439,560.6351,4513323,GOOGL
2014-03-31,565.7652,568.0675,556.9814,557.8123,3880673,GOOGL
2014-04-01,560.6951,569.3188,559.559,568.0124,4360891,GOOGL
2014-04-02,571.5209,572.9724,562.5621,568.1176,4167353,GOOGL
2014-04-03,573.39,588.3,566.01,571.5,4019626,GOOGL
2014-04-04,578.55,579.7173,544.494,545.25,5366972,GOOGL
2014-04-07,544.79,549.85,530.53,540.63,3961552,GOOGL
2014-04-08,545.05,559.88,544.7,557.51,3488768,GOOGL
2014-04-09,565.84,567.8,555.38,567.04,3033589,GOOGL
2014-04-10,568.0,568.21,545.5,546.69,3296996,GOOGL
2014-04-11,537.94,547.59,533.4,537.76,3175460,GOOGL
2014-04-14,543.66,553.02,540.52,545.2,2541398,GOOGL
2014-04-15,551.0,552.89,530.64,548.7,3999843,GOOGL
2014-04-16,557.7,564.0,553.1,563.9,4588541,GOOGL
2014-04-17,556.32,557.0,539.4,543.34,5616862,GOOGL
2014-04-21,544.0,544.0,534.0,539.37,2425207,GOOGL
2014-04-22,536.0,547.995,536.0,545.5,2331121,GOOGL
2014-04-23,543.67,544.8,528.1277,537.51,1959330,GOOGL
2014-04-24,541.69,542.5,531.0,534.44,2069559,GOOGL
2014-04-25,532.26,533.86,522.5,523.1,2372604,GOOGL
2014-04-28,525.8,525.9,511.0,522.98,3752779,GOOGL
2014-04-29,523.89,537.76,523.0,536.33,2535967,GOOGL
2014-04-30,535.12,536.34,529.09,534.88,2038658,GOOGL
2014-05-01,534.25,539.91,532.86,538.53,2004375,GOOGL
2014-05-02,541.44,542.4,533.27,533.87,1781595,GOOGL
2014-05-05,530.24,535.72,527.58,535.33,1228797,GOOGL
2014-05-06,533.41,534.548,522.2601,522.57,1835318,GOOGL
2014-05-07,523.25,524.43,511.09,518.0,3074346,GOOGL
2014-05-08,515.72,527.35,514.46,520.17,2452197,GOOGL
2014-05-09,518.65,527.35,514.28,526.62,2261447,GOOGL
2014-05-12,531.84,538.75,527.51,538.43,1949291,GOOGL
2014-05-13,539.58,543.99,537.9,541.54,2011963,GOOGL
2014-05-14,541.82,541.82,533.11,534.41,1281148,GOOGL
2014-05-15,533.14,533.9999,525.31,529.12,1833044,GOOGL
2014-05-16,529.6,530.84,523.57,528.3,1907733,GOOGL
2014-05-19,528.88,539.35,525.66,538.83,1977885,GOOGL
2014-05-20,540.0,546.35,536.57,540.39,2425292,GOOGL
2014-05-21,542.9,549.75,542.11,549.7,1564854,GOOGL
2014-05-22,552.2,557.96,551.0,555.45,2149757,GOOGL
2014-05-23,558.13,565.0,554.17,563.8,2672674,GOOGL
2014-05-27,567.78,574.87,564.15,574.87,2191828,GOOGL
2014-05-28,574.57,577.66,569.952,570.45,1581576,GOOGL
2014-05-29,573.39,573.48,568.4525,570.56,1411296,GOOGL
2014-05-30,571.64,572.58,565.79,571.65,1871737,GOOGL
2014-06-02,569.75,570.41,556.7,564.34,1663640,GOOGL
2014-06-03,560.9,562.4,552.5275,554.51,2031647,GOOGL
2014-06-04,551.52,558.58,548.56,553.76,1729192,GOOGL
2014-06-05,557.11,565.0,555.05,564.93,1796370,GOOGL
2014-06-06,568.16,568.7999,559.58,566.03,1740934,GOOGL
2014-06-09,566.75,572.0,565.22,570.73,1529959,GOOGL
2014-06-10,568.78,572.0,566.13,568.3,1485115,GOOGL
2014-06-11,565.92,568.97,563.68,567.5,1129173,GOOGL
2014-06-12,567.0,567.0,557.15,559.5,1549487,GOOGL
2014-06-13,560.08,560.65,553.72,560.35,1353343,GOOGL
2014-06-16,557.25,557.99,550.0,552.3,1971842,GOOGL
2014-06-17,552.36,553.74,547.47,550.615,1481669,GOOGL
2014-06-18,552.8,561.4,551.58,560.66,2060681,GOOGL
2014-06-19,561.15,565.0,556.6679,564.99,2630539,GOOGL
2014-06-20,566.45,566.77,559.37,566.52,3162147,GOOGL
2014-06-23,564.35,574.44,563.5,574.29,1724098,GOOGL
2014-06-24,574.22,582.25,569.16,572.54,2844325,GOOGL
2014-06-25,573.55,587.3,573.26,585.93,2114743,GOOGL
2014-06-26,589.3,589.6,579.6,584.77,2012360,GOOGL
2014-06-27,585.45,587.88,582.62,585.69,2022118,GOOGL
2014-06-30,586.76,587.71,583.29,584.67,1479411,GOOGL
2014-07-01,587.65,593.66,586.29,591.49,1644628,GOOGL
2014-07-02,592.26,594.15,589.11,590.78,1197005,GOOGL
2014-07-03,591.7,594.25,589.0,593.08,898852,GOOGL
2014-07-07,593.51,595.645,587.94,590.76,1337088,GOOGL
2014-07-08,586.365,587.97,574.0,578.4,2129924,GOOGL
2014-07-09,578.95,584.1,577.0,583.36,1373056,GOOGL
2014-07-10,573.0,585.25,572.1001,580.04,1436326,GOOGL
2014-07-11,581.0,588.23,580.575,586.65,1514265,GOOGL
2014-07-14,590.6,594.86,586.693,594.26,1954612,GOOGL
2014-07-15,595.15,595.2999,585.31,593.06,1673979,GOOGL
2014-07-16,596.89,597.0,590.25,590.62,1442211,GOOGL
2014-07-17,588.97,589.5,576.85,580.82,2941648,GOOGL
2014-07-18,603.01,606.7,590.92,605.11,4874260,GOOGL
2014-07-21,601.35,604.16,594.45,598.44,2240111,GOOGL
2014-07-22,599.7,608.89,599.2576,603.57,1881665,GOOGL
2014-07-23,602.05,607.05,601.35,605.19,1106136,GOOGL
2014-07-24,605.53,608.91,601.0,603.01,1355974,GOOGL
2014-07-25,599.25,601.0,595.75,598.08,1361911,GOOGL
2014-07-28,597.75,601.098,592.59,599.02,1358071,GOOGL
2014-07-29,597.7,598.49,592.17,593.95,1366729,GOOGL
2014-07-30,595.81,598.45,592.7,595.44,1215576,GOOGL
2014-07-31,588.96,591.9899,577.68,579.55,2310471,GOOGL
2014-08-01,578.555,583.43,570.3,573.6,2213790,GOOGL
2014-08-04,576.51,583.82,572.26,582.27,1524818,GOOGL
2014-08-05,579.38,580.2,570.31,573.14,1651342,GOOGL
2014-08-06,569.5,578.644,567.45,574.49,1322878,GOOGL
2014-08-07,576.05,578.31,569.43,571.81,1163027,GOOGL
2014-08-08,572.02,579.5639,569.02,577.94,1495022,GOOGL
2014-08-11,579.0,579.69,575.298,577.25,1203357,GOOGL
2014-08-12,575.0,575.9,569.91,572.12,1394939,GOOGL
2014-08-13,576.45,586.125,575.2,584.56,1898206,GOOGL
2014-08-14,586.69,587.8,580.92,584.65,1272879,GOOGL
2014-08-15,587.5,589.47,580.76,583.71,1725358,GOOGL
2014-08-18,587.1,595.05,586.55,592.7,1470756,GOOGL
2014-08-19,595.59,597.81,594.44,597.11,1045258,GOOGL
2014-08-20,596.95,596.99,593.001,595.41,968617,GOOGL
2014-08-21,594.9,595.25,591.101,592.42,1133593,GOOGL
2014-08-22,593.27,594.99,589.8,592.54,877464,GOOGL
2014-08-25,594.77,595.58,589.26,590.57,1298049,GOOGL
2014-08-26,592.0,592.05,587.45,588.12,1471953,GOOGL
2014-08-27,587.81,589.37,580.9,583.0,1368766,GOOGL
2014-08-28,580.02,584.71,577.88,580.32,1405950,GOOGL
2014-08-29,582.35,582.8999,578.24,582.36,1206884,GOOGL
2014-09-02,582.95,589.3,582.4,588.63,1585277,GOOGL
2014-09-03,591.73,594.49,586.5,589.52,1579779,GOOGL
2014-09-04,592.13,598.0,590.6,593.14,1634585,GOOGL
2014-09-05,595.13,598.5,593.55,597.78,1799855,GOOGL
2014-09-08,599.14,603.52,598.0231,601.63,1601244,GOOGL
2014-09-09,600.27,600.6,590.48,591.97,1574573,GOOGL
2014-09-10,591.74,593.72,587.14,593.42,1160291,GOOGL
2014-09-11,590.0,591.945,586.04,591.11,1501451,GOOGL
2014-09-12,590.39,591.48,583.28,584.9,1852271,GOOGL
2014-09-15,582.24,583.92,577.01,581.64,1550110,GOOGL
2014-09-16,580.95,590.15,580.95,588.78,1581589,GOOGL
2014-09-17,589.51,596.07,587.12,593.29,1720921,GOOGL
2014-09-18,595.05,597.56,593.02,597.27,1494467,GOOGL
2014-09-19,599.49,605.4,597.76,605.4,4194630,GOOGL
2014-09-22,602.5,603.8,593.12,597.27,1785101,GOOGL
2014-09-23,595.0,596.65,590.24,591.18,1405078,GOOGL
2014-09-24,591.57,600.11,590.3,598.42,1760953,GOOGL
2014-09-25,596.99,598.07,584.74,585.25,1676485,GOOGL
2014-09-26,585.93,589.5739,585.0,587.9,1289090,GOOGL
2014-09-29,581.83,589.31,581.57,587.81,1144982,GOOGL
2014-09-30,587.49,591.0,584.5,588.41,1571688,GOOGL
2014-10-01,586.8,588.72,578.02,579.63,1449686,GOOGL
2014-10-02,578.0,583.24,574.05,580.88,1536935,GOOGL
2014-10-03,584.1,588.29,583.5,586.25,1214593,GOOGL
2014-10-06,589.95,592.4,585.4,587.78,1286130,GOOGL
2014-10-07,584.9,585.85,574.1,574.1,1546228,GOOGL
2014-10-08,574.79,584.69,567.64,583.74,2210360,GOOGL
2014-10-09,581.61,582.53,569.03,570.81,2413453,GOOGL
2014-10-10,567.47,575.23,555.01,555.19,2979673,GOOGL
2014-10-13,555.13,560.875,544.43,544.75,2756508,GOOGL
2014-10-14,550.14,558.63,544.5,548.69,2610033,GOOGL
2014-10-15,542.08,543.915,528.422,540.73,3836222,GOOGL
2014-10-16,527.0,540.99,524.95,536.92,3805046,GOOGL
2014-10-17,540.45,543.45,518.41,522.97,5998740,GOOGL
2014-10-20,520.45,533.16,519.14,532.38,2749830,GOOGL
2014-10-21,537.27,538.77,530.2,538.03,2460140,GOOGL
2014-10-22,541.05,550.76,540.23,542.69,2974550,GOOGL
2014-10-23,548.28,557.4,545.5,553.65,2153678,GOOGL
2014-10-24,554.98,555.0,545.16,548.9,2175767,GOOGL
2014-10-27,547.76,554.0,547.2,549.88,1598409,GOOGL
2014-10-28,551.71,559.2,550.43,558.94,1739666,GOOGL
2014-10-29,560.85,564.97,555.98,558.45,2053355,GOOGL
2014-10-30,558.25,562.5,552.13,560.27,1612469,GOOGL
2014-10-31,568.3,568.73,564.81,567.87,2341539,GOOGL
2014-11-03,563.53,567.15,561.63,563.77,1544338,GOOGL
2014-11-04,561.16,564.79,558.3,564.19,1386509,GOOGL
2014-11-05,566.79,566.9,554.15,555.95,1645264,GOOGL
2014-11-06,555.5,556.799,550.58,551.69,1650721,GOOGL
2014-11-07,555.6,555.6,549.35,551.82,1589131,GOOGL
2014-11-10,552.4,560.63,551.62,558.23,1304481,GOOGL
2014-11-11,558.52,562.5,556.2419,561.29,1100179,GOOGL
2014-11-12,561.15,561.25,555.5,558.25,1094114,GOOGL
2014-11-13,560.81,560.8199,554.09,556.44,1510989,GOOGL
2014-11-14,558.0,558.0,552.51,555.19,1425060,GOOGL
2014-11-17,555.19,555.19,544.44,546.64,1680621,GOOGL
2014-11-18,547.93,552.79,543.8,544.51,1822166,GOOGL
2014-11-19,544.75,548.22,539.19,547.2,1517286,GOOGL
2014-11-20,542.09,545.38,541.5,543.76,1750758,GOOGL
2014-11-21,551.04,551.04,545.0,545.89,2505988,GOOGL
2014-11-24,546.57,551.19,544.15,547.48,1653773,GOOGL
2014-11-25,547.21,552.5,546.91,549.23,1903589,GOOGL
2014-11-26,549.23,549.88,545.23,547.73,1480294,GOOGL
2014-11-28,547.0,549.6,544.4801,549.08,1210061,GOOGL
2014-12-01,545.09,548.79,538.62,539.65,1994399,GOOGL
2014-12-02,539.45,541.85,534.657,538.59,2073974,GOOGL
2014-12-03,537.5,541.405,535.21,536.97,1623977,GOOGL
2014-12-04,537.64,542.69,534.89,542.58,1633688,GOOGL
2014-12-05,536.7,538.2,527.26,528.08,3070118,GOOGL
2014-12-08,529.22,533.815,527.0,530.73,3231818,GOOGL
2014-12-09,525.875,536.65,523.41,536.11,2168813,GOOGL
2014-12-10,535.9,539.36,527.49,528.04,2316204,GOOGL
2014-12-11,530.01,537.04,529.16,532.11,2073290,GOOGL
2014-12-12,527.44,532.24,521.46,521.51,2371543,GOOGL
2014-12-15,523.76,525.37,515.397,515.84,2621977,GOOGL
2014-12-16,513.6,515.58,497.19,498.16,4349882,GOOGL
2014-12-17,499.86,509.07,499.11,506.45,3639437,GOOGL
2014-12-18,515.99,516.25,506.56,514.62,3876732,GOOGL
2014-12-19,516.99,520.81,508.86,520.04,4872059,GOOGL
2014-12-22,520.61,532.97,520.59,532.3,3319461,GOOGL
2014-12-23,534.51,542.3,533.72,538.77,2877222,GOOGL
2014-12-24,538.82,540.29,535.1,536.93,737848,GOOGL
2014-12-26,536.93,543.25,535.49,541.52,1113464,GOOGL
2014-12-29,540.5,543.93,537.16,537.31,2218632,GOOGL
2014-12-30,534.96,537.84,533.61,535.28,1048631,GOOGL
2014-12-31,537.74,538.4,530.2,530.66,1236445,GOOGL
2015-01-02,532.6,535.8,527.88,529.55,1327870,GOOGL
2015-01-05,527.15,527.9899,517.75,519.46,2059119,GOOGL
2015-01-06,520.5,521.21,505.55,506.64,2731813,GOOGL
2015-01-07,510.95,511.49,503.65,505.15,2345875,GOOGL
2015-01-08,501.51,507.5,495.02,506.91,3662224,GOOGL
2015-01-09,508.18,508.6,498.65,500.72,2100024,GOOGL
2015-01-12,499.24,500.28,490.91,497.06,2856938,GOOGL
2015-01-13,502.57,508.6,497.26,501.8,3050295,GOOGL
2015-01-14,500.42,508.26,498.16,505.93,2639959,GOOGL
2015-01-15,508.89,509.75,502.01,504.01,2556682,GOOGL
2015-01-16,503.15,510.85,503.09,510.455,2482858,GOOGL
2015-01-20,512.77,515.61,509.37,509.94,2343612,GOOGL
2015-01-21,510.84,521.851,509.59,520.39,2317789,GOOGL
2015-01-22,523.0,538.84,521.91,537.3,2803401,GOOGL
2015-01-23,538.03,545.41,535.7508,541.95,2298290,GOOGL
2015-01-26,541.5,541.5,532.07,536.72,1546563,GOOGL
2015-01-27,531.4,532.78,520.8612,521.19,1957440,GOOGL
2015-01-28,525.0,525.69,512.35,512.43,1791077,GOOGL
2015-01-29,512.9,515.19,503.48,513.23,3950857,GOOGL
2015-01-30,519.0,543.1,518.18,537.55,6055445,GOOGL
2015-02-02,534.32,536.5,521.72,532.2,3768861,GOOGL
2015-02-03,529.94,537.45,526.81,533.3,2353096,GOOGL
2015-02-04,533.14,536.746,525.03,526.1,1694832,GOOGL
2015-02-05,527.93,530.69,525.64,529.83,1658751,GOOGL
2015-02-06,531.01,540.215,528.65,533.875,2146922,GOOGL
2015-02-09,531.06,533.88,527.55,529.28,1515687,GOOGL
2015-02-10,532.15,541.0,529.1725,540.16,2371468,GOOGL
2015-02-11,539.73,541.95,536.0,538.0,1915336,GOOGL
2015-02-12,539.66,548.34,537.0,546.01,2429520,GOOGL
2015-02-13,547.51,552.54,546.6,551.16,2369115,GOOGL
2015-02-17,551.16,553.0,543.26,545.01,1958679,GOOGL
2015-02-18,543.82,547.55,539.55,542.65,1558153,GOOGL
2015-02-19,542.47,546.86,540.75,546.45,1541669,GOOGL
2015-02-20,547.58,547.58,538.1,541.8,1911732,GOOGL
2015-02-23,539.0,539.3,532.0,535.0,1645276,GOOGL
2015-02-24,531.55,539.4,531.0,538.65,1421373,GOOGL
2015-02-25,538.44,549.57,538.01,547.33,2041827,GOOGL
2015-02-26,545.74,560.1299,545.09,559.29,2701584,GOOGL
2015-02-27,558.15,569.42,557.03,562.63,3416445,GOOGL
2015-03-02,567.0,575.99,563.15,575.02,2520304,GOOGL
2015-03-03,576.35,580.85,570.5,578.795,2526280,GOOGL
2015-03-04,576.97,581.63,572.52,578.33,1898150,GOOGL
2015-03-05,579.62,583.2,578.23,581.435,1795889,GOOGL
2015-03-06,582.0,582.78,572.06,572.9,1879619,GOOGL
2015-03-09,570.92,575.45,569.05,574.1,1174244,GOOGL
2015-03-10,568.475,569.762,559.82,559.85,2004024,GOOGL
2015-03-11,559.8,564.18,555.41,555.69,2026158,GOOGL
2015-03-12,558.48,561.84,555.53,561.17,1780057,GOOGL
2015-03-13,559.23,564.36,550.33,553.0,1771354,GOOGL
2015-03-16,556.93,563.75,551.32,561.64,1842754,GOOGL
2015-03-17,558.29,560.64,554.41,557.61,1444560,GOOGL
2015-03-18,557.73,566.51,553.5,566.16,1766221,GOOGL
2015-03-19,564.52,566.96,562.12,563.67,1232969,GOOGL
2015-03-20,566.71,567.1,564.48,564.95,2216038,GOOGL
2015-03-23,566.0,569.6399,563.06,565.37,1511686,GOOGL
2015-03-24,568.54,581.88,568.09,577.54,3957844,GOOGL
2015-03-25,577.57,580.07,567.0,567.0,2653451,GOOGL
2015-03-26,564.65,567.19,558.31,563.64,2492141,GOOGL
2015-03-27,561.83,564.066,556.93,557.55,1727629,GOOGL
2015-03-30,560.25,562.16,556.79,561.135,1239350,GOOGL
2015-03-31,557.94,562.45,554.67,554.7,1746622,GOOGL
2015-04-01,554.83,558.5,546.03,549.49,1945090,GOOGL
2015-04-02,547.41,548.0,540.44,541.31,2388019,GOOGL
2015-04-06,538.84,545.54,535.7,543.95,1685894,GOOGL
2015-04-07,544.99,550.16,543.585,544.86,1365916,GOOGL
2015-04-08,546.0,551.5,546.0,548.84,1419316,GOOGL
2015-04-09,549.21,549.37,541.951,548.02,1618299,GOOGL
2015-04-10,549.57,549.85,544.98,548.54,1305219,GOOGL
2015-04-13,547.05,553.27,546.3,548.64,1466277,GOOGL
2015-04-14,546.57,546.57,535.74,539.78,2360329,GOOGL
2015-04-15,537.96,543.19,532.37,541.04,2348087,GOOGL
2015-04-16,538.35,545.229,538.1,543.52,1586088,GOOGL
2015-04-17,537.31,539.8,529.0,532.74,2461698,GOOGL
2015-04-20,533.75,545.8,533.35,544.53,1926064,GOOGL
2015-04-21,546.31,547.7745,542.21,542.925,1456387,GOOGL
2015-04-22,543.06,551.0,541.32,549.18,1590320,GOOGL
2015-04-23,550.41,561.17,550.08,557.46,3909155,GOOGL
2015-04-24,580.05,584.7,568.35,573.66,4608403,GOOGL
2015-04-27,572.77,575.52,562.3,566.12,2403105,GOOGL
2015-04-28,564.32,567.83,560.96,564.37,1859787,GOOGL
2015-04-29,560.51,565.84,559.0,561.39,1681064,GOOGL
2015-04-30,558.56,561.11,546.72,548.77,2362024,GOOGL
2015-05-01,550.51,551.22,543.85,551.16,1828566,GOOGL
2015-05-04,550.99,556.69,547.39,552.84,1762952,GOOGL
2015-05-05,550.16,552.61,542.37,543.045,1426417,GOOGL
2015-05-06,542.64,543.93,532.235,535.08,1951728,GOOGL
2015-05-07,535.9,545.2,533.45,542.04,1592220,GOOGL
2015-05-08,548.87,552.8,548.03,548.95,1411264,GOOGL
2015-05-11,548.49,553.3699,545.6,545.78,1092923,GOOGL
2015-05-12,542.81,542.961,535.0,538.73,1764123,GOOGL
2015-05-13,540.47,543.84,538.98,539.49,1211920,GOOGL
2015-05-14,543.97,549.69,542.5,549.2,1586833,GOOGL
2015-05-15,550.39,550.6,542.5,546.49,1671977,GOOGL
2015-05-18,543.82,548.34,542.25,546.67,1335256,GOOGL
2015-05-19,548.0,553.4,547.12,549.28,2356274,GOOGL
2015-05-20,550.92,556.065,545.1,552.51,1541962,GOOGL
2015-05-21,550.2,557.61,549.301,556.81,1708512,GOOGL
2015-05-22,554.46,558.24,553.62,554.52,1213288,GOOGL
2015-05-26,552.58,553.3305,542.97,547.19,1873709,GOOGL
2015-05-27,548.68,555.29,546.5813,554.25,1742237,GOOGL
2015-05-28,553.79,555.76,550.8,554.18,1177318,GOOGL
2015-05-29,553.2,553.94,545.04,545.32,2172282,GOOGL
2015-06-01,548.73,550.57,543.58,549.21,1660500,GOOGL
2015-06-02,547.43,558.79,546.55,553.95,1592828,GOOGL
2015-06-03,555.1,557.99,552.15,555.29,1335479,GOOGL
2015-06-04,552.18,555.96,549.12,551.69,1343317,GOOGL
2015-06-05,552.0,553.33,547.384,549.53,1219841,GOOGL
2015-06-08,549.61,549.87,542.95,543.48,1366816,GOOGL
2015-06-09,543.42,544.84,538.8506,542.16,1500846,GOOGL
2015-06-10,545.7,554.78,545.11,552.6,1515805,GOOGL
2015-06-11,554.49,554.83,549.17,550.04,1293560,GOOGL
2015-06-12,547.15,548.85,545.63,547.47,1273383,GOOGL
2015-06-15,542.73,544.05,539.21,543.0,1357481,GOOGL
2015-06-16,544.48,546.69,541.5724,544.87,1626349,GOOGL
2015-06-17,545.42,548.36,541.81,546.6,1222049,GOOGL
2015-06-18,548.0,557.25,548.0,556.18,2059603,GOOGL
2015-06-19,556.52,557.91,552.258,557.52,2964489,GOOGL
2015-06-22,559.41,565.61,558.91,559.68,1737569,GOOGL
2015-06-23,559.79,564.9,557.15,563.39,1569808,GOOGL
2015-06-24,562.48,562.64,556.81,558.57,1446156,GOOGL
2015-06-25,560.3,563.14,557.455,557.95,1335270,GOOGL
2015-06-26,559.71,560.0,551.85,553.06,2183753,GOOGL
2015-06-29,546.75,550.9,540.24,541.25,1887816,GOOGL
2015-06-30,545.09,545.9,539.54,540.04,1725464,GOOGL
2015-07-01,543.66,545.81,539.76,543.3,1537973,GOOGL
2015-07-02,544.74,548.0,543.57,547.34,1406213,GOOGL
2015-07-06,542.25,548.58,542.095,545.62,1280687,GOOGL
2015-07-07,547.43,551.0,539.85,550.03,1679759,GOOGL
2015-07-08,545.6,548.28,541.2,541.7,1383065,GOOGL
2015-07-09,548.65,548.88,544.62,544.65,1488324,GOOGL
2015-07-10,553.71,559.29,552.0,556.11,2171750,GOOGL
2015-07-13,559.51,572.85,558.7,571.73,2089641,GOOGL
2015-07-14,574.5,589.7087,574.17,584.18,3741583,GOOGL
2015-07-15,583.74,588.69,580.21,583.96,2073330,GOOGL
2015-07-16,589.5,604.5,587.92,601.78,5632054,GOOGL
2015-07-17,680.0,703.0,678.0,699.62,12858136,GOOGL
2015-07-20,688.98,697.8,681.77,692.84,5121752,GOOGL
2015-07-21,684.88,705.6,684.15,695.35,3780230,GOOGL
2015-07-22,694.02,713.33,691.62,695.1,4154987,GOOGL
2015-07-23,691.85,696.07,671.59,674.73,3811598,GOOGL
2015-07-24,676.77,677.79,653.18,654.77,4131137,GOOGL
2015-07-27,651.57,667.07,651.55,658.27,2919110,GOOGL
2015-07-28,661.76,664.1,653.41,659.66,1718193,GOOGL
2015-07-29,662.26,663.33,652.84,661.43,1837805,GOOGL
2015-07-30,657.44,668.05,651.69,664.56,1980345,GOOGL
2015-07-31,664.7,664.9999,657.2,657.5,1746094,GOOGL
2015-08-03,657.66,666.67,657.66,664.72,1567407,GOOGL
2015-08-04,664.34,668.0,660.51,661.28,1309410,GOOGL
2015-08-05,665.75,679.91,665.5827,673.29,1822387,GOOGL
2015-08-06,673.99,674.75,660.73,670.15,2032984,GOOGL
2015-08-07,667.78,668.795,658.87,664.39,1377152,GOOGL
2015-08-10,667.09,671.62,660.23,663.14,1722915,GOOGL
2015-08-11,699.58,704.0,684.32,690.3,5494011,GOOGL
2015-08-12,694.49,696.0,680.51,691.47,2932328,GOOGL
2015-08-13,689.2,694.03,682.18,686.51,1817748,GOOGL
2015-08-14,684.04,692.26,682.9,689.37,1379855,GOOGL
2015-08-17,688.04,694.74,683.06,694.11,1233951,GOOGL
2015-08-18,691.07,695.7568,685.32,688.73,1385544,GOOGL
2015-08-19,690.11,700.2,686.8,694.04,2509697,GOOGL
2015-08-20,689.1,696.16,675.2801,679.48,2889877,GOOGL
2015-08-21,671.04,672.89,643.104,644.03,4593970,GOOGL
2015-08-24,600.6,644.33,593.09,618.11,6489430,GOOGL
2015-08-25,646.4675,647.0,611.67,612.47,3571469,GOOGL
2015-08-26,643.1,662.48,630.37,659.74,4386985,GOOGL
2015-08-27,672.0,673.9799,651.1,667.96,2948736,GOOGL
2015-08-28,665.11,667.0,653.75,659.69,1941833,GOOGL
2015-08-31,656.26,664.41,646.35,647.82,1946844,GOOGL
2015-09-01,633.66,644.44,625.06,629.56,2572884,GOOGL
2015-09-02,638.64,645.057,630.64,644.91,1881489,GOOGL
2015-09-03,647.93,651.25,633.8073,637.05,1728562,GOOGL
2015-09-04,629.7,634.5,626.5,628.96,2024990,GOOGL
2015-09-08,641.0,645.04,632.9,643.88,1954648,GOOGL
2015-09-09,651.88,657.36,640.9,643.41,2048908,GOOGL
2015-09-10,643.9,654.9,641.7,651.08,1392481,GOOGL
2015-09-11,650.21,655.31,647.41,655.3,1744615,GOOGL
2015-09-14,655.63,655.92,649.501,652.47,1497627,GOOGL
2015-09-15,656.71,668.85,653.34,665.07,1777320,GOOGL
2015-09-16,665.55,668.0699,662.2,665.52,1312598,GOOGL
2015-09-17,667.49,681.99,665.0,671.67,2387605,GOOGL
2015-09-18,665.06,669.84,660.03,660.92,3627210,GOOGL
2015-09-21,665.51,669.0,658.0,666.98,1954667,GOOGL
2015-09-22,657.47,658.82,645.03,653.2,2718081,GOOGL
2015-09-23,652.9,660.28,650.7301,653.29,1457995,GOOGL
2015-09-24,648.97,656.7699,642.165,654.91,1934639,GOOGL
2015-09-25,658.58,658.58,639.655,640.15,2423992,GOOGL
2015-09-28,639.05,642.85,617.84,624.25,2382300,GOOGL
2015-09-29,625.5,634.68,618.03,622.61,2106466,GOOGL
2015-09-30,631.83,639.31,629.15,638.37,2647655,GOOGL
2015-10-01,637.94,643.84,631.115,642.0,2125315,GOOGL
2015-10-02,638.01,658.2555,633.5,656.99,2439435,GOOGL
2015-10-05,661.6,673.0275,655.87,671.68,1898012,GOOGL
2015-10-06,669.35,678.8,663.0823,671.64,2157409,GOOGL
2015-10-07,677.4,678.74,658.11,670.0,2217672,GOOGL
2015-10-08,669.45,671.89,654.49,667.0,1965397,GOOGL
2015-10-09,667.49,674.085,662.36,671.24,1606178,GOOGL
2015-10-12,669.19,677.98,667.24,676.43,1334225,GOOGL
2015-10-13,674.26,688.46,673.108,683.17,2122338,GOOGL
2015-10-14,683.73,690.04,678.9,680.41,1564582,GOOGL
2015-10-15,685.25,694.16,684.39,693.02,2357829,GOOGL
2015-10-16,695.4,696.22,689.1,695.32,1815759,GOOGL
2015-10-19,694.0,700.2397,692.21,699.95,1508585,GOOGL
2015-10-20,697.89,698.0,673.68,680.0,2621719,GOOGL
2015-10-21,683.21,684.9,670.7,671.8,1608436,GOOGL
2015-10-22,675.44,688.0499,671.7,681.14,4431595,GOOGL
2015-10-23,750.06,752.5,717.94,719.33,6336319,GOOGL
2015-10-26,720.02,734.95,720.02,731.12,2438847,GOOGL
2015-10-27,726.57,735.9642,724.135,732.82,1938916,GOOGL
2015-10-28,733.0,737.37,727.27,736.92,1980154,GOOGL
2015-10-29,736.63,746.79,735.16,744.85,1825957,GOOGL
2015-10-30,745.56,746.31,736.53,737.39,1999161,GOOGL
2015-11-02,737.88,748.18,731.45,747.74,1995708,GOOGL
2015-11-03,745.43,751.698,741.16,748.82,1815300,GOOGL
2015-11-04,749.9,759.9,749.2,755.31,2091999,GOOGL
2015-11-05,758.81,766.35,757.47,760.67,2274314,GOOGL
2015-11-06,759.39,763.022,755.03,761.6,1677199,GOOGL
2015-11-09,758.52,763.3,749.11,754.77,1776861,GOOGL
2015-11-10,753.48,760.6,748.41,758.26,1489929,GOOGL
2015-11-11,762.38,769.08,759.75,765.25,2095922,GOOGL
2015-11-12,760.18,765.799,755.86,756.53,1772555,GOOGL
2015-11-13,754.04,755.33,739.47,740.07,2409363,GOOGL
2015-11-16,740.21,751.71,734.33,750.42,2535198,GOOGL
2015-11-17,752.47,754.95,744.05,745.98,1943156,GOOGL
2015-11-18,749.57,761.1,747.39,760.01,1813336,GOOGL
2015-11-19,759.78,763.23,757.23,759.94,1403913,GOOGL
2015-11-20,769.3,779.318,764.1,777.0,2773944,GOOGL
2015-11-23,777.47,782.9,773.51,776.7,1732400,GOOGL
2015-11-24,772.96,775.99,758.11,769.63,2394010,GOOGL
2015-11-25,771.69,773.0,766.53,769.26,1180643,GOOGL
2015-11-27,769.16,774.0,767.0001,771.97,722320,GOOGL
2015-11-30,771.87,775.03,761.12,762.85,1679349,GOOGL
2015-12-01,766.94,785.0,765.95,783.79,2019864,GOOGL
2015-12-02,785.25,793.0475,776.43,777.85,2343841,GOOGL
2015-12-03,780.56,784.48,762.45,768.2,2097494,GOOGL
2015-12-04,769.71,782.42,765.51,779.21,2489998,GOOGL
2015-12-07,780.06,781.0,766.72,772.99,1831287,GOOGL
2015-12-08,764.5,778.65,762.52,775.14,1554121,GOOGL
2015-12-09,771.1,776.0926,752.0066,762.55,2327471,GOOGL
2015-12-10,763.59,766.0655,755.0,760.04,1622940,GOOGL
2015-12-11,749.0,757.44,748.65,750.42,2159164,GOOGL
2015-12-14,751.26,764.15,736.26,762.54,2708520,GOOGL
2015-12-15,767.79,774.75,758.0,760.09,2469319,GOOGL
2015-12-16,766.57,781.5,757.045,776.59,2656010,GOOGL
2015-12-17,781.16,781.59,769.3,769.83,1825538,GOOGL
2015-12-18,767.23,774.14,756.59,756.85,3389702,GOOGL
2015-12-21,763.05,766.35,754.15,760.8,1742368,GOOGL
2015-12-22,764.27,770.34,761.2,767.13,1816935,GOOGL
2015-12-23,770.69,771.9,757.65,768.51,1529742,GOOGL
2015-12-24,768.52,769.2,764.39,765.84,521141,GOOGL
2015-12-28,770.0,782.815,767.73,782.24,1557755,GOOGL
2015-12-29,786.99,798.69,786.202,793.96,1921480,GOOGL
2015-12-30,793.96,796.455,787.2,790.3,1428280,GOOGL
2015-12-31,787.82,788.33,777.32,778.01,1637561,GOOGL
2016-01-04,762.2,762.2,747.54,759.44,3369068,GOOGL
2016-01-05,764.1,769.2,755.65,761.53,2260795,GOOGL
2016-01-06,750.37,765.73,748.0,759.33,2410301,GOOGL
2016-01-07,746.49,755.31,735.28,741.0,3156563,GOOGL
2016-01-08,747.8,750.12,728.9201,730.91,2375348,GOOGL
2016-01-11,731.95,735.08,719.56,733.07,2544806,GOOGL
2016-01-12,740.75,748.34,736.43,745.34,2340753,GOOGL
2016-01-13,749.34,753.0,716.78,719.57,2586395,GOOGL
2016-01-14,724.44,739.89,705.0,731.39,2777868,GOOGL
2016-01-15,709.99,724.158,701.51,710.49,3833751,GOOGL
2016-01-19,720.15,725.35,709.85,719.08,2436220,GOOGL
2016-01-20,705.9,726.95,687.78,718.56,4122010,GOOGL
2016-01-21,720.17,737.67,711.11,726.67,2596916,GOOGL
2016-01-22,742.0,748.56,740.5,745.46,2357315,GOOGL
2016-01-25,743.84,752.46,732.501,733.62,2267031,GOOGL
2016-01-26,735.21,739.46,726.97,733.79,1547049,GOOGL
2016-01-27,735.89,735.89,713.45,717.58,2121434,GOOGL
2016-01-28,738.19,751.16,730.6,748.3,3105222,GOOGL
2016-01-29,748.96,765.105,744.2,761.35,3790395,GOOGL
2016-02-01,771.26,777.59,761.38,770.77,5576089,GOOGL
2016-02-02,800.5,810.35,780.6,780.91,6792331,GOOGL
2016-02-03,786.28,791.43,736.26,749.38,6555731,GOOGL
2016-02-04,744.59,745.24,722.6001,730.03,5246123,GOOGL
2016-02-05,725.5,726.72,700.14,703.76,5477821,GOOGL
2016-02-08,687.68,704.52,682.01,704.16,4470514,GOOGL
2016-02-09,692.95,720.96,688.5,701.02,4214950,GOOGL
2016-02-10,711.79,723.22,705.39,706.85,3015733,GOOGL
2016-02-11,696.34,712.315,691.19,706.36,3250206,GOOGL
2016-02-12,712.21,716.0,701.58,706.89,2326889,GOOGL
2016-02-16,718.65,722.8789,710.18,717.64,2172213,GOOGL
2016-02-17,727.0,733.76,716.61,731.97,2457715,GOOGL
2016-02-18,733.96,736.0,715.55,717.51,2363846,GOOGL
2016-02-19,715.9,724.03,713.12,722.11,1745940,GOOGL
2016-02-22,729.51,734.845,723.45,729.05,1875824,GOOGL
2016-02-23,726.1,730.9,715.67,717.29,2066566,GOOGL
2016-02-24,710.61,721.22,702.02,720.9,1854612,GOOGL
2016-02-25,722.93,729.51,713.23,729.12,1807258,GOOGL
2016-02-26,733.6,736.16,721.9392,724.86,2123690,GOOGL
2016-02-29,721.0,730.6,716.84,717.22,2253426,GOOGL
2016-03-01,721.3,742.33,718.64,742.17,3005553,GOOGL
2016-03-02,742.87,743.121,733.25,739.48,1814643,GOOGL
2016-03-03,739.48,741.0,729.63,731.59,2026700,GOOGL
2016-03-04,734.8,735.0,725.62,730.22,2425750,GOOGL
2016-03-07,725.15,727.21,705.14,712.8,3088278,GOOGL
2016-03-08,708.39,722.25,704.0,713.53,2626495,GOOGL
2016-03-09,715.165,726.24,712.66,725.41,1977169,GOOGL
2016-03-10,727.79,736.54,723.29,732.17,2230811,GOOGL
2016-03-11,739.95,744.9,736.7,744.87,1768995,GOOGL
2016-03-14,744.97,754.26,743.6625,750.24,1641189,GOOGL
2016-03-15,746.02,753.01,742.84,750.57,1491578,GOOGL
2016-03-16,749.05,759.0,746.5,757.36,1465285,GOOGL
2016-03-17,757.65,765.34,757.36,758.48,2228244,GOOGL
2016-03-18,761.63,762.14,751.82,755.41,2811518,GOOGL
2016-03-21,753.91,763.34,751.27,762.16,1438658,GOOGL
2016-03-22,758.44,765.0,757.875,760.05,1104784,GOOGL
2016-03-23,763.35,765.39,756.03,757.56,1233854,GOOGL
2016-03-24,751.2,757.555,750.5,754.84,1555844,GOOGL
2016-03-28,756.17,758.3,752.04,753.28,1083823,GOOGL
2016-03-29,753.68,767.18,748.29,765.89,2003061,GOOGL
2016-03-30,768.21,777.31,767.58,768.34,2019755,GOOGL
2016-03-31,768.34,769.0842,758.25,762.9,1627669,GOOGL
2016-04-01,757.16,770.04,755.2,769.67,1583698,GOOGL
2016-04-04,769.51,772.44,761.785,765.12,1346424,GOOGL
2016-04-05,758.13,762.87,755.6,758.57,1223905,GOOGL
2016-04-06,757.84,768.42,756.3,768.07,1265577,GOOGL
2016-04-07,765.32,769.36,757.5,760.12,1274852,GOOGL
2016-04-08,765.87,767.13,755.77,759.47,1171867,GOOGL
2016-04-11,765.45,767.22,757.34,757.54,1588692,GOOGL
2016-04-12,758.43,764.92,751.565,764.32,1369358,GOOGL
2016-04-13,770.31,775.75,764.5908,771.91,1771308,GOOGL
2016-04-14,775.36,779.61,773.22,775.39,1349610,GOOGL
2016-04-15,775.5,780.93,774.9301,780.0,1585584,GOOGL
2016-04-18,780.19,788.55,777.61,787.68,1677015,GOOGL
2016-04-19,790.5,790.95,770.27,776.25,2197615,GOOGL
2016-04-20,779.16,779.66,771.27,774.92,1713088,GOOGL
2016-04-21,777.31,781.6799,771.55,780.0,3881420,GOOGL
2016-04-22,743.91,753.92,730.37,737.77,7039948,GOOGL
2016-04-25,735.35,744.88,735.1,742.21,2472061,GOOGL
2016-04-26,744.42,745.59,720.32,725.37,2793210,GOOGL
2016-04-27,725.32,727.15,709.08,721.46,3313137,GOOGL
2016-04-28,723.29,729.26,703.2,705.06,3129502,GOOGL
2016-04-29,704.12,712.11,703.78,707.88,2913898,GOOGL
2016-05-02,711.92,715.41,706.36,714.41,1673820,GOOGL
2016-05-03,712.5,713.37,707.33,708.44,1931040,GOOGL
2016-05-04,706.77,715.05,704.05,711.37,1708609,GOOGL
2016-05-05,715.0,717.55,709.4501,714.71,1483357,GOOGL
2016-05-06,712.2,725.99,711.95,725.18,1997628,GOOGL
2016-05-09,726.7,734.29,723.5,729.13,1903689,GOOGL
2016-05-10,734.96,740.0,731.61,739.38,1631714,GOOGL
2016-05-11,740.52,740.8,727.9025,730.55,1491746,GOOGL
2016-05-12,732.0,735.37,724.27,728.07,1354717,GOOGL
2016-05-13,726.62,731.29,723.51,724.83,1262161,GOOGL
2016-05-16,724.32,732.68,720.0,730.3,1126862,GOOGL
2016-05-17,731.06,735.85,718.0,720.19,1670176,GOOGL
2016-05-18,718.5,725.57,715.02,721.78,1626800,GOOGL
2016-05-19,718.3,720.5,710.305,715.31,1529910,GOOGL
2016-05-20,716.46,727.7,715.01,721.71,1739895,GOOGL
2016-05-23,719.98,723.4999,716.94,717.25,1240826,GOOGL
2016-05-24,719.85,734.2,719.645,733.03,1894161,GOOGL
2016-05-25,735.0,739.89,732.6,738.1,1616624,GOOGL
2016-05-26,736.0,741.1,733.0,736.93,1360119,GOOGL
2016-05-27,737.51,747.91,737.01,747.6,1740130,GOOGL
2016-05-31,748.76,753.48,745.57,748.85,2124248,GOOGL
2016-06-01,748.47,751.37,744.34,748.46,1039847,GOOGL
2016-06-02,746.1,747.3,737.0,744.27,1695824,GOOGL
2016-06-03,741.49,741.49,733.91,735.86,1230376,GOOGL
2016-06-06,738.5,738.5,728.29,730.06,1499648,GOOGL
2016-06-07,733.27,736.71,730.8,731.09,1215741,GOOGL
2016-06-08,739.5,743.81,735.765,742.93,1615727,GOOGL
2016-06-09,737.07,743.93,736.5,742.52,958963,GOOGL
2016-06-10,735.95,739.64,730.51,733.19,1452456,GOOGL
2016-06-13,729.82,739.0,729.82,731.88,1167736,GOOGL
2016-06-14,729.31,736.0,726.5,733.25,1329176,GOOGL
2016-06-15,734.92,737.15,731.31,732.19,1161701,GOOGL
2016-06-16,727.96,730.39,715.54,724.25,2250083,GOOGL
2016-06-17,721.39,721.39,701.12,704.25,4113085,GOOGL
2016-06-20,710.31,715.87,705.41,706.13,2282725,GOOGL
2016-06-21,710.05,715.38,704.66,708.88,1515918,GOOGL
2016-06-22,714.05,714.21,705.88,710.47,1452884,GOOGL
2016-06-23,710.55,714.88,700.25,714.87,2125028,GOOGL
2016-06-24,690.17,705.0,684.91,685.2,4771780,GOOGL
2016-06-27,682.49,683.325,672.66,681.14,2919486,GOOGL
2016-06-28,691.37,692.7399,684.85,691.26,1912280,GOOGL
2016-06-29,694.26,699.5,692.6834,695.19,2156218,GOOGL
2016-06-30,697.65,703.77,694.9015,703.53,2112513,GOOGL
2016-07-01,705.1,712.53,703.73,710.25,1549160,GOOGL
2016-07-05,705.01,708.12,699.13,704.89,1422028,GOOGL
2016-07-06,699.84,713.0,699.0,708.97,1445126,GOOGL
2016-07-07,710.11,710.17,700.67,707.26,1058698,GOOGL
2016-07-08,710.56,717.9,708.11,717.78,1497323,GOOGL
2016-07-11,719.42,728.9289,718.865,727.2,1441113,GOOGL
2016-07-12,731.92,735.6,727.5,732.51,1328680,GOOGL
2016-07-13,735.52,735.52,729.02,729.48,1021827,GOOGL
2016-07-14,733.94,736.14,730.59,735.8,1070351,GOOGL
2016-07-15,741.0,741.0,734.64,735.63,1617087,GOOGL
2016-07-18,737.91,755.1369,736.51,753.2,1934900,GOOGL
2016-07-19,749.87,756.59,748.489,753.41,1521795,GOOGL
2016-07-20,754.05,760.64,754.05,757.08,1125117,GOOGL
2016-07-21,757.0,758.15,751.52,754.41,953053,GOOGL
2016-07-22,757.32,759.45,752.655,759.28,1046024,GOOGL
2016-07-25,757.68,759.8249,754.07,757.52,1073310,GOOGL
2016-07-26,757.52,759.26,752.7503,757.65,1189573,GOOGL
2016-07-27,758.97,764.45,755.93,761.97,1608589,GOOGL
2016-07-28,768.84,768.97,759.09,765.84,3673221,GOOGL
2016-07-29,797.71,803.94,790.0,791.34,5090527,GOOGL
2016-08-01,786.67,807.49,785.04,800.94,3029658,GOOGL
2016-08-02,797.33,802.32,794.53,800.12,1996354,GOOGL
2016-08-03,796.47,799.54,793.02,798.92,1461025,GOOGL
2016-08-04,798.24,800.2,793.92,797.25,1076031,GOOGL
2016-08-05,800.11,807.22,797.81,806.93,1807271,GOOGL
2016-08-08,806.0,807.6,801.69,805.23,1221609,GOOGL
2016-08-09,804.49,813.33,804.06,807.48,1607685,GOOGL
2016-08-10,807.05,810.879,806.49,808.49,918514,GOOGL
2016-08-11,810.47,813.879,806.0,808.2,1282274,GOOGL
2016-08-12,805.09,807.19,803.64,807.05,897283,GOOGL
2016-08-15,807.21,811.36,804.03,805.96,930074,GOOGL
2016-08-16,803.5,804.26,797.0,801.19,1057897,GOOGL
2016-08-17,800.0,805.63,796.3,805.42,1066070,GOOGL
2016-08-18,805.36,808.0,801.63,802.75,865160,GOOGL
2016-08-19,799.79,801.23,796.88,799.65,1120763,GOOGL
2016-08-22,798.51,799.3,794.33,796.95,853365,GOOGL
2016-08-23,800.48,801.0,795.99,796.59,917513,GOOGL
2016-08-24,796.86,798.46,790.76,793.6,1284437,GOOGL
2016-08-25,792.0,794.72,787.23,791.3,1202680,GOOGL
2016-08-26,792.49,799.4,789.4069,793.22,1248881,GOOGL
2016-08-29,793.05,798.52,790.32,795.82,773698,GOOGL
2016-08-30,792.88,798.0,789.47,791.92,1167413,GOOGL
2016-08-31,789.6,791.57,787.2,789.85,1071420,GOOGL
2016-09-01,791.98,792.89,786.33,791.4,1303460,GOOGL
2016-09-02,795.27,797.1,793.26,796.87,1349896,GOOGL
2016-09-06,798.39,810.89,795.43,808.02,1989537,GOOGL
2016-09-07,807.93,810.6,803.72,807.99,1145724,GOOGL
2016-09-08,805.22,808.42,801.0101,802.84,1177660,GOOGL
2016-09-09,798.77,801.75,788.05,788.48,1887633,GOOGL
2016-09-12,784.52,800.17,783.5,798.82,1863737,GOOGL
2016-09-13,794.01,795.79,784.33,788.72,1809044,GOOGL
2016-09-14,787.53,796.33,787.53,790.46,1313912,GOOGL
2016-09-15,790.01,803.645,788.66,801.23,1566360,GOOGL
2016-09-16,799.02,799.02,793.62,797.97,2130571,GOOGL
2016-09-19,801.11,803.99,793.56,795.39,1149522,GOOGL
2016-09-20,800.0,802.75,798.26,799.78,1050041,GOOGL
2016-09-21,801.26,805.91,796.03,805.03,1348476,GOOGL
2016-09-22,810.0,819.06,807.71,815.95,1759290,GOOGL
2016-09-23,815.14,817.0,812.73,814.96,1411673,GOOGL
2016-09-26,809.82,810.08,800.45,802.65,1472732,GOOGL
2016-09-27,801.83,813.49,801.83,810.73,1367271,GOOGL
2016-09-28,804.08,810.25,802.7803,810.06,1470280,GOOGL
2016-09-29,807.23,813.91,800.855,802.64,1349974,GOOGL
2016-09-30,803.6,808.09,801.5,804.06,1660201,GOOGL
2016-10-03,802.55,803.54,796.23,800.38,1489212,GOOGL
2016-10-04,805.0,806.5,799.67,802.79,1258706,GOOGL
2016-10-05,806.0,808.5,800.71,801.23,1213820,GOOGL
2016-10-06,804.08,806.945,800.51,803.08,1099909,GOOGL
2016-10-07,805.93,805.94,796.82,800.71,1163899,GOOGL
2016-10-10,803.93,817.38,802.24,814.17,1496115,GOOGL
2016-10-11,814.17,819.86,807.37,809.57,1721575,GOOGL
2016-10-12,811.96,814.5,808.5545,811.77,907876,GOOGL
2016-10-13,806.07,806.56,798.62,804.08,1368981,GOOGL
2016-10-14,807.45,810.09,802.32,804.6,1111934,GOOGL
2016-10-17,805.99,813.49,803.83,806.84,1056367,GOOGL
2016-10-18,814.21,828.81,813.33,821.49,2289265,GOOGL
2016-10-19,824.52,829.81,823.205,827.09,1500142,GOOGL
2016-10-20,827.56,828.465,820.55,821.63,1393870,GOOGL
2016-10-21,820.0,824.29,818.31,824.06,1615814,GOOGL
2016-10-24,830.09,837.94,829.04,835.74,1447616,GOOGL
2016-10-25,838.5,838.5,825.3005,828.55,1890712,GOOGL
2016-10-26,827.12,827.71,816.35,822.1,1794868,GOOGL
2016-10-27,823.01,826.58,814.61,817.35,2973486,GOOGL
2016-10-28,829.94,839.0,817.0,819.56,4354884,GOOGL
2016-10-31,822.43,822.63,808.0,809.9,2242679,GOOGL
2016-11-01,810.87,813.96,798.26,805.48,2355890,GOOGL
2016-11-02,806.76,806.76,785.0,788.42,2350736,GOOGL
2016-11-03,784.5,790.0,778.63,782.19,2175216,GOOGL
2016-11-04,771.3,788.48,771.0043,781.1,1970603,GOOGL
2016-11-07,794.95,805.0,792.9,802.03,1992570,GOOGL
2016-11-08,802.03,816.04,799.62,811.98,1769069,GOOGL
2016-11-09,801.83,811.71,792.035,805.59,3098510,GOOGL
2016-11-10,810.0,810.06,768.23,780.29,5909609,GOOGL
2016-11-11,776.81,777.29,765.54,771.75,3592641,GOOGL
2016-11-14,771.76,771.78,743.59,753.22,3688274,GOOGL
2016-11-15,765.47,780.2376,765.22,775.16,2943889,GOOGL
2016-11-16,770.42,783.5,766.33,779.98,1798360,GOOGL
2016-11-17,782.5,788.9,779.85,786.16,1533679,GOOGL
2016-11-18,787.17,791.29,775.35,775.97,1806264,GOOGL
2016-11-21,778.1,786.55,776.3,784.8,1630835,GOOGL
2016-11-22,788.99,793.77,783.74,785.0,1394174,GOOGL
2016-11-23,789.52,789.52,772.65,779.0,1312981,GOOGL
2016-11-25,782.61,782.9,778.19,780.23,613549,GOOGL
2016-11-28,778.35,799.74,778.1,785.79,2575432,GOOGL
2016-11-29,788.38,796.44,785.34,789.44,1561981,GOOGL
2016-11-30,789.1,791.51,773.145,775.88,2279054,GOOGL
2016-12-01,778.55,778.6,753.36,764.33,2867074,GOOGL
2016-12-02,761.9,770.5,759.0,764.46,1718846,GOOGL
2016-12-05,770.0,780.0,766.9686,778.22,1688473,GOOGL
2016-12-06,780.19,785.28,773.32,776.18,1734099,GOOGL
2016-12-07,779.95,792.0,773.53,791.47,2029415,GOOGL
2016-12-08,792.95,799.0,787.905,795.17,1612531,GOOGL
2016-12-09,799.3,809.95,798.05,809.45,1904463,GOOGL
2016-12-12,804.82,811.35,804.5311,807.9,1628602,GOOGL
2016-12-13,812.39,824.3,811.94,815.34,2128210,GOOGL
2016-12-14,815.92,824.26,812.78,817.89,1799654,GOOGL
2016-12-15,817.36,823.0,812.0,815.65,1769719,GOOGL
2016-12-16,818.31,819.2,808.12,809.84,2598866,GOOGL
2016-12-19,809.28,816.22,804.5,812.5,1263581,GOOGL
2016-12-20,813.37,816.49,811.0,815.2,1271883,GOOGL
2016-12-21,815.72,815.72,805.1,812.2,1459628,GOOGL
2016-12-22,809.1,811.07,806.03,809.68,1132119,GOOGL
2016-12-23,808.01,810.9696,805.11,807.8,765537,GOOGL
2016-12-27,808.68,816.0,805.8,809.93,975962,GOOGL
2016-12-28,813.33,813.33,802.44,804.57,1214756,GOOGL
2016-12-29,802.33,805.75,798.144,802.88,1057392,GOOGL
2016-12-30,803.21,803.285,789.62,792.45,1735879,GOOGL
2017-01-03,800.62,811.435,796.89,808.01,1959033,GOOGL
2017-01-04,809.89,813.43,804.11,807.77,1515339,GOOGL
2017-01-05,807.5,813.74,805.92,813.02,1340535,GOOGL
2017-01-06,814.99,828.96,811.5,825.21,2017097,GOOGL
2017-01-09,826.37,830.43,821.62,827.18,1408924,GOOGL
2017-01-10,827.07,829.41,823.14,826.01,1197442,GOOGL
2017-01-11,826.62,829.9,821.47,829.86,1325394,GOOGL
2017-01-12,828.38,830.38,821.01,829.53,1350308,GOOGL
2017-01-13,831.0,834.65,829.52,830.94,1290182,GOOGL
2017-01-17,830.0,830.18,823.2001,827.46,1440905,GOOGL
2017-01-18,829.8,829.81,824.08,829.02,1027698,GOOGL
2017-01-19,829.0,832.9999,823.96,824.37,1070454,GOOGL
2017-01-20,829.09,829.24,824.6,828.17,1306183,GOOGL
2017-01-23,831.61,845.5428,828.7,844.43,2457377,GOOGL
2017-01-24,846.98,851.52,842.28,849.53,1688375,GOOGL
2017-01-25,853.55,858.7936,849.74,858.45,1662148,GOOGL
2017-01-26,859.05,861.0,850.5201,856.98,3493251,GOOGL
2017-01-27,859.0,867.0,841.9,845.03,3752497,GOOGL
2017-01-30,837.06,837.23,821.03,823.83,3516933,GOOGL
2017-01-31,819.5,823.07,813.4,820.19,2020180,GOOGL
2017-02-01,824.0,824.0,812.25,815.24,2251047,GOOGL
2017-02-02,815.0,824.56,812.051,818.26,1689179,GOOGL
2017-02-03,823.13,826.13,819.35,820.13,1528095,GOOGL
2017-02-06,820.92,822.39,814.29,821.62,1350875,GOOGL
2017-02-07,825.5,831.92,823.2926,829.23,1666605,GOOGL
2017-02-08,830.53,834.25,825.11,829.88,1302225,GOOGL
2017-02-09,831.73,831.98,826.5,830.06,1194238,GOOGL
2017-02-10,832.95,837.15,830.51,834.85,1415128,GOOGL
2017-02-13,837.7,841.735,836.246,838.96,1295708,GOOGL
2017-02-14,839.77,842.0,835.83,840.03,1363345,GOOGL
2017-02-15,838.81,841.7725,836.22,837.32,1357185,GOOGL
2017-02-16,838.5,842.69,837.26,842.17,1005084,GOOGL
2017-02-17,841.31,846.94,839.78,846.55,1461210,GOOGL
2017-02-21,847.99,852.2,846.55,849.27,1261062,GOOGL
2017-02-22,848.0,853.79,846.7101,851.36,1224889,GOOGL
2017-02-23,851.08,852.62,842.5,851.0,1386681,GOOGL
2017-02-24,847.65,848.36,842.9601,847.81,1346189,GOOGL
2017-02-27,844.95,850.67,843.01,849.67,1010333,GOOGL
2017-02-28,847.35,848.83,841.4422,844.93,1383119,GOOGL
2017-03-01,851.38,858.0,849.02,856.75,1818671,GOOGL
2017-03-02,856.31,856.49,848.72,849.85,1250938,GOOGL
2017-03-03,848.94,850.82,844.705,849.08,1006612,GOOGL
2017-03-06,846.86,848.94,841.17,847.27,1047872,GOOGL
2017-03-07,847.26,853.33,845.52,851.15,1038696,GOOGL
2017-03-08,853.12,856.93,851.25,853.64,1029834,GOOGL
2017-03-09,853.69,860.71,852.67,857.84,1347697,GOOGL
2017-03-10,862.7,864.229,857.61,861.405,1336585,GOOGL
2017-03-13,860.83,867.13,860.82,864.58,1166605,GOOGL
2017-03-14,863.75,867.58,860.13,865.91,1061692,GOOGL
2017-03-15,867.94,869.88,861.295,868.39,1332885,GOOGL
2017-03-16,870.53,872.71,867.52,870.0,1104452,GOOGL
2017-03-17,873.68,874.42,868.37,872.37,1868252,GOOGL
2017-03-20,869.48,870.34,864.665,867.91,1542199,GOOGL
2017-03-21,870.06,873.47,847.687,850.14,2537978,GOOGL
2017-03-22,849.48,855.35,847.0,849.8,1366749,GOOGL
2017-03-23,841.39,841.69,833.0,839.65,3287669,GOOGL
2017-03-24,842.0,844.0,829.1,835.14,2105682,GOOGL
2017-03-27,828.09,841.38,824.3,838.51,1935211,GOOGL
2017-03-28,839.69,845.4,832.265,840.63,1519202,GOOGL
2017-03-29,842.75,851.585,841.38,849.87,1457347,GOOGL
2017-03-30,851.98,852.0,846.77,849.48,949398,GOOGL
2017-03-31,846.83,849.56,845.2445,847.8,1440982,GOOGL
2017-04-03,848.75,859.0,847.5298,856.75,1969402,GOOGL
2017-04-04,848.0,853.0,847.505,852.57,1348494,GOOGL
2017-04-05,854.71,860.59,847.52,848.91,1855153,GOOGL
2017-04-06,849.5,853.59,844.0,845.095,1533564,GOOGL
2017-04-07,845.0,845.88,837.3,842.1,1110404,GOOGL
2017-04-10,841.54,846.7372,840.79,841.7,1046215,GOOGL
2017-04-11,841.7,844.63,834.6,839.88,974343,GOOGL
2017-04-12,838.46,843.72,837.59,841.46,1135775,GOOGL
2017-04-13,841.04,843.73,837.8503,840.18,1073650,GOOGL
2017-04-17,841.38,855.64,841.03,855.13,1049125,GOOGL
2017-04-18,852.54,857.39,851.25,853.99,936201,GOOGL
2017-04-19,857.385,860.2,853.5275,856.51,1080336,GOOGL
2017-04-20,859.74,863.93,857.5,860.08,1188843,GOOGL
2017-04-21,860.62,862.44,857.73,858.95,1172870,GOOGL
2017-04-24,868.44,879.96,866.11,878.93,1696483,GOOGL
2017-04-25,882.26,892.25,879.2801,888.84,2038032,GOOGL
2017-04-26,891.39,892.99,885.15,889.14,1323297,GOOGL
2017-04-27,890.0,893.3774,887.18,891.44,2342303,GOOGL
2017-04-28,929.0,935.9,923.22,924.52,3845857,GOOGL
2017-05-01,924.15,935.82,920.8,932.82,2327782,GOOGL
2017-05-02,933.27,942.985,931.0,937.09,1751292,GOOGL
2017-05-03,936.05,950.2,935.21,948.45,1824759,GOOGL
2017-05-04,950.29,959.14,947.37,954.72,1938260,GOOGL
2017-05-05,956.72,958.4395,948.0986,950.28,1615548,GOOGL
2017-05-08,947.45,960.99,947.395,958.69,1876690,GOOGL
2017-05-09,961.33,962.2,954.4,956.71,1687942,GOOGL
2017-05-10,956.22,956.71,949.84,954.84,1145969,GOOGL
2017-05-11,951.29,957.99,948.61,955.89,1031093,GOOGL
2017-05-12,957.85,957.98,952.06,955.14,1214851,GOOGL
2017-05-15,955.29,962.7,952.82,959.22,1337697,GOOGL
2017-05-16,963.55,965.8955,960.35,964.61,1101544,GOOGL
2017-05-17,959.7,960.99,940.06,942.17,2449058,GOOGL
2017-05-18,943.2,954.18,941.27,950.5,1800465,GOOGL
2017-05-19,952.82,959.56,952.0,954.65,1360299,GOOGL
2017-05-22,957.0,964.82,956.56,964.07,1387392,GOOGL
2017-05-23,969.96,974.51,964.5,970.55,1545421,GOOGL
2017-05-24,975.26,978.115,971.6299,977.61,1142488,GOOGL
2017-05-25,979.0,995.78,977.82,991.86,1954149,GOOGL
2017-05-26,992.0,996.39,987.36,993.27,1636416,GOOGL
2017-05-30,992.5,997.62,991.3601,996.17,1516685,GOOGL
2017-05-31,996.21,999.6,981.68,987.09,1724095,GOOGL
2017-06-01,990.96,993.14,981.29,988.29,1306384,GOOGL
2017-06-02,988.59,996.48,987.07,996.12,1735469,GOOGL
2017-06-05,997.89,1007.4,995.45,1003.88,1378916,GOOGL
2017-06-06,1003.31,1008.61,994.8,996.68,1552114,GOOGL
2017-06-07,998.82,1003.91,995.81,1001.59,1374097,GOOGL
2017-06-08,1004.23,1005.6,996.62,1004.28,1687925,GOOGL
2017-06-09,1005.49,1005.5,953.37,970.12,3647857,GOOGL
2017-06-12,958.72,968.0,936.795,961.81,4202109,GOOGL
2017-06-13,972.04,977.91,962.01,970.5,2005356,GOOGL
2017-06-14,975.5,979.7,959.5103,967.93,1505486,GOOGL
2017-06-15,948.02,960.6775,940.37,960.18,2427639,GOOGL
2017-06-16,957.91,959.95,948.7,958.62,2559207,GOOGL
2017-06-19,969.65,979.3,968.2,975.22,1468837,GOOGL
2017-06-20,975.31,980.79,968.2,968.99,1297287,GOOGL
2017-06-21,970.79,979.67,969.16,978.59,1161607,GOOGL
2017-06-22,976.87,980.5,973.3148,976.62,1009476,GOOGL
2017-06-23,975.5,986.62,974.46,986.09,1563985,GOOGL
2017-06-26,990.0,993.99,970.33,972.09,1517912,GOOGL
2017-06-27,961.6,967.22,947.09,948.09,2443602,GOOGL
2017-06-28,950.66,963.24,936.16,961.01,2745568,GOOGL
2017-06-29,951.35,951.66,929.6,937.82,3206674,GOOGL
2017-06-30,943.99,944.9995,929.61,929.68,2287662,GOOGL
2017-07-03,933.22,934.24,915.31,919.46,1694811,GOOGL
2017-07-05,924.2,936.29,918.6305,932.26,2094055,GOOGL
2017-07-06,925.0,936.14,919.85,927.69,2014855,GOOGL
2017-07-07,930.985,944.66,929.79,940.81,1663302,GOOGL
2017-07-10,941.95,953.13,941.95,951.0,1451460,GOOGL
2017-07-11,950.52,954.89,945.12,953.53,1461247,GOOGL
2017-07-12,960.86,969.63,957.04,967.66,1602115,GOOGL
2017-07-13,970.8,978.7,964.8,968.85,1524571,GOOGL
2017-07-14,974.0,977.54,970.15,976.91,1079608,GOOGL
2017-07-17,976.32,983.35,970.8,975.96,1660464,GOOGL
2017-07-18,973.36,990.85,972.04,986.95,1413335,GOOGL
2017-07-19,990.01,995.6,987.01,992.77,1412148,GOOGL
2017-07-20,997.0,998.68,984.62,992.19,1418385,GOOGL
2017-07-21,989.0,995.11,984.17,993.84,1463322,GOOGL
2017-07-24,994.1,1006.19,990.2728,998.31,3984532,GOOGL
2017-07-25,970.7,976.73,963.8,969.03,5933602,GOOGL
2017-07-26,972.78,973.95,960.23,965.31,2221625,GOOGL
2017-07-27,969.18,969.52,937.06,952.51,3717900,GOOGL
2017-07-28,947.99,961.79,945.31,958.33,1813794,GOOGL
2017-07-31,960.0,961.1925,941.725,945.5,2293389,GOOGL
2017-08-01,947.81,954.49,944.96,946.56,1332456,GOOGL
2017-08-02,948.37,949.1,932.521,947.64,2039418,GOOGL
2017-08-03,949.1,950.0,939.44,940.3,1123921,GOOGL
2017-08-04,943.95,947.54,939.795,945.79,1254574,GOOGL
2017-08-07,947.52,948.96,943.5,945.75,1445754,GOOGL
2017-08-08,944.29,952.49,942.48,944.19,1505064,GOOGL
2017-08-09,938.45,943.76,933.92,940.08,1400852,GOOGL
2017-08-10,935.0,936.3,921.7768,923.59,2707393,GOOGL
2017-08-11,923.71,933.36,921.22,930.09,1616708,GOOGL
2017-08-14,939.07,941.04,934.485,938.93,1150612,GOOGL
2017-08-15,941.03,943.07,936.64,938.08,1106484,GOOGL
2017-08-16,941.25,949.9,940.0391,944.27,1345261,GOOGL
2017-08-17,942.95,943.81,927.64,927.66,1695694,GOOGL
2017-08-18,926.98,931.02,923.45,926.18,1337404,GOOGL
2017-08-21,925.77,928.25,918.6,920.87,1301243,GOOGL
2017-08-22,926.96,941.9617,926.17,940.4,1775099,GOOGL
2017-08-23,937.0,945.425,935.24,942.58,1134464,GOOGL
2017-08-24,943.71,946.31,930.74,936.89,1294559,GOOGL
2017-08-25,939.21,940.73,930.1,930.5,1187313,GOOGL
2017-08-28,931.88,934.85,926.11,928.13,1049397,GOOGL
2017-08-29,919.95,938.19,919.31,935.75,1158576,GOOGL
2017-08-30,935.67,945.86,934.05,943.63,1120342,GOOGL
2017-08-31,946.3,957.195,946.25,955.24,1693313,GOOGL
2017-09-01,957.47,958.33,950.28,951.99,1042885,GOOGL
2017-09-05,946.86,951.3854,935.6,941.48,1460830,GOOGL
2017-09-06,943.87,944.5,932.68,942.02,1391529,GOOGL
2017-09-07,944.25,950.4965,937.53,949.89,1116575,GOOGL
2017-09-08,949.7,950.7,940.01,941.41,999916,GOOGL
2017-09-11,947.2,952.68,941.0,943.29,1337365,GOOGL
2017-09-12,946.92,948.085,937.5,946.65,1284787,GOOGL
2017-09-13,945.5,952.85,944.74,950.44,1095382,GOOGL
2017-09-14,946.0,948.03,938.356,940.13,1427379,GOOGL
2017-09-15,940.09,941.75,931.25,935.29,1994265,GOOGL
2017-09-18,935.01,936.86,925.4,929.75,1473651,GOOGL
2017-09-19,933.41,937.94,926.66,936.86,1242726,GOOGL
2017-09-20,937.73,950.0,937.5,947.54,2004018,GOOGL
2017-09-21,948.13,952.8,939.38,947.55,1370685,GOOGL
2017-09-22,942.77,950.0,940.835,943.26,1074806,GOOGL
2017-09-25,939.45,939.75,924.5101,934.28,1873375,GOOGL
2017-09-26,936.69,944.08,935.12,937.43,1672749,GOOGL
2017-09-27,942.74,965.43,941.95,959.9,2334635,GOOGL
2017-09-28,956.25,966.18,955.55,964.81,1400931,GOOGL
2017-09-29,966.0,975.81,966.0,973.72,2031092,GOOGL
2017-10-02,975.65,977.74,961.95,967.47,1539122,GOOGL
2017-10-03,967.56,972.44,962.705,972.08,1083948,GOOGL
2017-10-04,971.76,974.4,965.61,966.78,1057769,GOOGL
2017-10-05,972.79,986.5085,970.27,985.19,1780946,GOOGL
2017-10-06,980.0,994.26,978.51,993.64,1553033,GOOGL
2017-10-09,995.0,1000.46,991.5,992.31,1295467,GOOGL
2017-10-10,995.3,997.47,981.11,987.8,1163400,GOOGL
2017-10-11,989.04,1007.57,987.94,1005.65,1814999,GOOGL
2017-10-12,1003.84,1011.54,1001.1,1005.65,1530664,GOOGL
2017-10-13,1009.11,1014.76,1007.06,1007.87,1327632,GOOGL
2017-10-16,1009.63,1012.0,1001.52,1009.35,1071023,GOOGL
2017-10-17,1007.44,1014.56,1006.05,1011.0,1012998,GOOGL
2017-10-18,1011.05,1016.31,1005.32,1012.74,1279780,GOOGL
2017-10-19,1004.75,1007.32,997.3,1001.84,1714243,GOOGL
2017-10-20,1007.05,1008.65,1002.27,1005.07,1606031,GOOGL
2017-10-23,1005.18,1005.79,983.1,985.54,1639294,GOOGL
2017-10-24,986.5,989.26,977.08,988.49,1445129,GOOGL
2017-10-25,986.27,994.43,977.722,991.46,1528710,GOOGL
2017-10-26,998.47,1006.51,990.47,991.42,2369838,GOOGL
2017-10-27,1030.99,1063.62,1026.85,1033.67,5184143,GOOGL
2017-10-30,1029.16,1039.83,1022.33,1033.13,2340172,GOOGL
2017-10-31,1033.0,1041.0,1026.3,1033.04,1516278,GOOGL
2017-11-01,1036.32,1047.86,1034.0,1042.6,2163073,GOOGL
2017-11-02,1039.99,1045.52,1028.66,1042.97,1334697,GOOGL
2017-11-03,1042.75,1050.66,1037.65,1049.99,1388461,GOOGL
2017-11-06,1049.1,1052.59,1042.0,1042.68,914748,GOOGL
2017-11-07,1049.65,1053.41,1043.0,1052.39,1305229,GOOGL
2017-11-08,1050.05,1062.69,1047.05,1058.29,1214600,GOOGL
2017-11-09,1048.0,1050.88,1035.85,1047.72,1792071,GOOGL
2017-11-10,1043.87,1046.63,1041.22,1044.15,972127,GOOGL
2017-11-13,1040.8,1048.74,1039.26,1041.2,940721,GOOGL
2017-11-14,1037.72,1042.3,1029.33,1041.64,1050566,GOOGL
2017-11-15,1035.0,1039.63,1030.76,1036.41,905262,GOOGL
2017-11-16,1038.75,1051.76,1038.0,1048.47,1188392,GOOGL
2017-11-17,1049.8,1051.0,1033.73,1035.89,1335610,GOOGL
2017-11-20,1036.0,1038.69,1032.67,1034.66,876321,GOOGL
2017-11-21,1040.04,1050.39,1039.14,1050.3,1110341,GOOGL
2017-11-22,1051.16,1055.43,1047.25,1051.92,726898,GOOGL
2017-11-24,1054.39,1060.07,1051.92,1056.52,825369,GOOGL
2017-11-27,1058.57,1073.04,1054.77,1072.01,1771491,GOOGL
2017-11-28,1073.99,1080.0,1054.54,1063.29,1821171,GOOGL
2017-11-29,1056.18,1058.77,1029.65,1037.38,2793332,GOOGL
2017-11-30,1039.94,1044.14,1030.07,1036.17,2254590,GOOGL
2017-12-01,1030.41,1037.24,1016.9,1025.07,1888081,GOOGL
2017-12-04,1027.8,1031.34,1009.22,1011.87,1938861,GOOGL
2017-12-05,1010.99,1036.68,1002.32,1019.6,1949865,GOOGL
2017-12-06,1016.52,1039.58,1015.31,1032.72,1435549,GOOGL
2017-12-07,1036.07,1048.92,1035.36,1044.57,1543285,GOOGL
2017-12-08,1051.81,1056.42,1045.86,1049.38,1558472,GOOGL
2017-12-11,1051.11,1056.0,1044.12,1051.97,1162694,GOOGL
2017-12-12,1050.0,1062.5,1044.87,1048.77,1694061,GOOGL
2017-12-13,1052.08,1055.48,1046.58,1051.39,1384038,GOOGL
2017-12-14,1055.49,1067.08,1053.6,1057.47,1548139,GOOGL
2017-12-15,1063.78,1075.25,1060.09,1072.0,3187985,GOOGL
2017-12-18,1076.45,1086.49,1070.37,1085.09,1514601,GOOGL
2017-12-19,1083.02,1084.97,1072.27,1079.78,1317519,GOOGL
2017-12-20,1080.92,1081.23,1068.6,1073.56,1436391,GOOGL
2017-12-21,1075.39,1077.52,1069.0,1070.85,1282025,GOOGL
2017-12-22,1070.0,1071.72,1067.64,1068.86,889446,GOOGL
2017-12-26,1068.64,1068.86,1058.64,1065.85,918767,GOOGL
2017-12-27,1066.6,1068.27,1058.38,1060.2,1116203,GOOGL
2017-12-28,1062.25,1064.84,1053.38,1055.95,994249,GOOGL
2017-12-29,1055.49,1058.05,1052.7,1053.4,1180340,GOOGL
2018-01-02,1053.02,1075.98,1053.02,1073.21,1588268,GOOGL
2018-01-03,1073.93,1096.1,1073.43,1091.52,1565945,GOOGL
2018-01-04,1097.09,1104.08,1094.26,1095.76,1302569,GOOGL
2018-01-05,1103.45,1113.58,1101.8,1110.29,1512526,GOOGL
2018-01-08,1111.0,1119.16,1110.0,1114.21,1232221,GOOGL
2018-01-09,1118.44,1118.44,1108.2,1112.79,1340381,GOOGL
2018-01-10,1107.0,1112.78,1103.98,1110.14,1036655,GOOGL
2018-01-11,1112.31,1114.85,1106.48,1112.05,1121216,GOOGL
2018-01-12,1110.1,1131.3,1108.01,1130.65,1929306,GOOGL
2018-01-16,1140.31,1148.88,1126.66,1130.7,1823100,GOOGL
2018-01-17,1136.36,1139.32,1123.49,1139.1,1391510,GOOGL
2018-01-18,1139.35,1140.59,1124.46,1135.97,1374873,GOOGL
2018-01-19,1138.03,1143.78,1132.5,1143.5,1527554,GOOGL
2018-01-22,1143.82,1166.88,1141.82,1164.16,1477520,GOOGL
2018-01-23,1170.62,1178.51,1167.25,1176.17,1956865,GOOGL
2018-01-24,1184.98,1187.05,1167.4,1171.29,1856429,GOOGL
2018-01-25,1180.71,1185.0,1171.84,1182.14,1499247,GOOGL
2018-01-26,1187.53,1187.56,1168.03,1187.56,2108502,GOOGL
2018-01-29,1188.0,1198.0,1184.06,1186.48,1574708,GOOGL
2018-01-30,1177.72,1187.93,1174.51,1177.37,1866883,GOOGL
2018-01-31,1183.81,1186.32,1172.1,1182.22,1801135,GOOGL
2018-02-01,1175.99,1187.45,1169.36,1181.59,3675709,GOOGL
2018-02-02,1127.42,1131.3,1111.17,1119.2,5892122,GOOGL
2018-02-05,1100.61,1114.99,1056.74,1062.39,4177469,GOOGL
2018-02-06,1033.98,1087.38,1030.01,1084.43,3831524,GOOGL
2018-02-07,1084.97,1086.53,1054.62,1055.41,2597094,GOOGL
2013-02-08,75.17,75.61,74.73,75.48,8153254,JNJ
2013-02-11,75.28,75.5,75.05,75.41,5696686,JNJ
2013-02-12,75.42,75.86,75.42,75.8,7598678,JNJ
2013-02-13,75.79,75.87,75.37,75.66,8014788,JNJ
2013-02-14,75.5,76.09,75.38,75.81,9681846,JNJ
2013-02-15,75.72,76.16,75.51,76.16,10528944,JNJ
2013-02-19,76.03,77.0,75.96,76.96,9747837,JNJ
2013-02-20,76.79,76.97,76.54,76.65,7857256,JNJ
2013-02-21,76.47,77.02,76.38,76.87,9465651,JNJ
2013-02-22,76.39,76.49,75.97,76.25,8573208,JNJ
2013-02-25,76.47,76.66,75.57,75.57,10603590,JNJ
2013-02-26,75.88,76.34,75.5,75.75,10743210,JNJ
2013-02-27,75.68,76.45,75.6,76.32,8180393,JNJ
2013-02-28,76.23,76.49,76.11,76.11,11810494,JNJ
2013-03-01,75.79,76.77,75.73,76.7,9528387,JNJ
2013-03-04,76.73,77.28,76.73,77.2,12628151,JNJ
2013-03-05,77.56,77.71,77.44,77.66,9328078,JNJ
2013-03-06,77.69,77.74,77.22,77.39,8535851,JNJ
2013-03-07,77.62,77.96,77.59,77.75,7996489,JNJ
2013-03-08,77.84,78.22,77.7,78.19,8554283,JNJ
2013-03-11,77.92,78.52,77.84,78.44,8807527,JNJ
2013-03-12,78.5,78.69,78.21,78.56,8790845,JNJ
2013-03-13,78.52,78.67,78.2,78.55,7983720,JNJ
2013-03-14,78.67,79.1,78.49,79.1,10149230,JNJ
2013-03-15,78.62,79.24,78.62,79.19,18302441,JNJ
2013-03-18,78.72,79.19,78.7,78.81,8005457,JNJ
2013-03-19,78.98,79.09,78.5,78.86,7092364,JNJ
2013-03-20,79.18,79.61,79.17,79.45,7975120,JNJ
2013-03-21,79.12,79.5,78.77,79.01,8433701,JNJ
2013-03-22,79.11,79.74,79.02,79.74,6831380,JNJ
2013-03-25,79.83,79.94,79.47,79.68,9616509,JNJ
2013-03-26,79.93,80.8815,79.85,80.85,12682754,JNJ
2013-03-27,80.56,81.35,80.27,81.27,10702998,JNJ
2013-03-28,81.37,81.59,80.95,81.53,11304546,JNJ
2013-04-01,81.39,81.965,81.28,81.93,7378460,JNJ
2013-04-02,82.0,82.69,81.9,82.69,10342171,JNJ
2013-04-03,82.74,82.95,81.57,82.07,12256304,JNJ
2013-04-04,82.2,82.72,81.925,82.41,10303375,JNJ
2013-04-05,81.79,82.11,81.62,82.04,8581618,JNJ
2013-04-08,81.27,81.39,80.31,81.11,15827395,JNJ
2013-04-09,81.26,81.75,81.24,81.52,9078243,JNJ
2013-04-10,81.83,82.2,81.735,82.02,7583115,JNJ
2013-04-11,82.14,82.96,82.08,82.32,9882669,JNJ
2013-04-12,82.25,82.74,82.17,82.74,6988194,JNJ
2013-04-15,82.72,83.09,81.71,81.71,12368612,JNJ
2013-04-16,82.33,83.54,82.07,83.44,12619019,JNJ
2013-04-17,83.36,84.43,83.29,83.9,13693285,JNJ
2013-04-18,83.96,84.3,83.03,83.18,9918341,JNJ
2013-04-19,83.51,84.57,83.47,84.49,10779317,JNJ
2013-04-22,84.59,84.93,84.195,84.83,6975292,JNJ
2013-04-23,84.99,85.68,84.0,85.45,8975954,JNJ
2013-04-24,85.68,85.74,84.28,84.39,9479780,JNJ
2013-04-25,84.54,85.44,84.34,85.22,8689408,JNJ
2013-04-26,85.3,85.49,84.805,85.12,6785201,JNJ
2013-04-29,85.02,85.89,84.91,85.58,8039781,JNJ
2013-04-30,85.39,85.7,84.89,85.23,12081848,JNJ
2013-05-01,84.5,85.13,83.88,84.23,12309501,JNJ
2013-05-02,84.44,85.21,84.17,85.16,8670010,JNJ
2013-05-03,85.58,85.99,85.45,85.75,9212094,JNJ
2013-05-06,85.78,85.78,84.55,84.68,8814788,JNJ
2013-05-07,84.87,85.57,84.63,85.53,9062990,JNJ
2013-05-08,85.48,85.6,84.93,85.46,8030714,JNJ
2013-05-09,85.45,85.691,84.963,85.15,8337717,JNJ
2013-05-10,85.29,85.76,85.181,85.76,7595332,JNJ
2013-05-13,85.56,86.07,85.44,85.85,6631430,JNJ
2013-05-14,85.76,87.08,85.76,86.97,10363203,JNJ
2013-05-15,86.94,87.88,86.94,87.64,13444477,JNJ
2013-05-16,87.33,87.77,87.06,87.45,9441996,JNJ
2013-05-17,87.47,88.2,87.41,88.09,11439298,JNJ
2013-05-20,88.1,88.2,87.81,88.01,7235784,JNJ
2013-05-21,87.94,88.64,87.79,88.59,10099587,JNJ
2013-05-22,88.7,89.99,88.2,88.46,13810803,JNJ
2013-05-23,87.11,87.97,87.0,87.21,14424194,JNJ
2013-05-24,86.8,87.03,86.49,86.82,10390046,JNJ
2013-05-28,87.54,88.29,87.27,87.61,8380624,JNJ
2013-05-29,87.08,87.16,85.14,85.65,11871743,JNJ
2013-05-30,85.71,86.31,85.68,85.99,7801107,JNJ
2013-05-31,85.68,85.99,84.18,84.18,13305355,JNJ
2013-06-03,84.28,84.71,83.37,84.71,11770398,JNJ
2013-06-04,84.72,85.03,83.56,84.1,9971961,JNJ
2013-06-05,83.91,85.0,83.48,83.68,9839006,JNJ
2013-06-06,83.59,84.46,82.65,84.46,10671700,JNJ
2013-06-07,84.96,85.18,84.4,84.91,8908732,JNJ
2013-06-10,85.01,85.71,84.73,85.14,8476975,JNJ
2013-06-11,84.76,85.02,84.13,84.69,8966971,JNJ
2013-06-12,85.18,85.5,83.7,83.74,8413194,JNJ
2013-06-13,83.6,84.96,83.0804,84.91,8572402,JNJ
2013-06-14,84.71,85.48,84.66,84.91,6357030,JNJ
2013-06-17,85.37,86.405,84.98,85.63,8429068,JNJ
2013-06-18,85.75,86.44,85.63,86.36,7233633,JNJ
2013-06-19,86.43,86.5,84.8,84.86,8288194,JNJ
2013-06-20,84.21,84.45,82.12,82.62,15173632,JNJ
2013-06-21,83.0,84.32,82.5,83.2,20718487,JNJ
2013-06-24,82.92,85.31,82.81,84.61,14777498,JNJ
2013-06-25,85.16,85.59,84.54,85.35,11241086,JNJ
2013-06-26,85.95,87.32,85.94,86.99,11966641,JNJ
2013-06-27,87.53,87.8224,86.49,86.71,8890310,JNJ
2013-06-28,86.72,87.38,85.85,85.86,11897743,JNJ
2013-07-01,85.72,87.64,85.5,86.63,9905779,JNJ
2013-07-02,86.65,87.2,86.21,86.57,8573755,JNJ
2013-07-03,86.72,87.04,86.1,86.78,3608615,JNJ
2013-07-05,87.58,87.88,86.92,87.87,5403508,JNJ
2013-07-08,88.09,88.99,87.97,88.59,12051669,JNJ
2013-07-09,88.65,89.08,88.36,88.88,9349609,JNJ
2013-07-10,88.88,89.48,88.81,89.24,7067188,JNJ
2013-07-11,89.81,89.93,89.0,89.67,8941210,JNJ
2013-07-12,89.69,89.99,89.38,89.99,7592485,JNJ
2013-07-15,89.91,90.81,89.76,90.4,13343236,JNJ
2013-07-16,91.04,91.66,90.13,90.4,11410317,JNJ
2013-07-17,90.58,90.97,89.88,90.13,12835285,JNJ
2013-07-18,90.33,90.9493,90.06,90.17,8329613,JNJ
2013-07-19,90.24,92.27,90.05,92.23,12506366,JNJ
2013-07-22,92.08,92.56,91.61,92.28,9916889,JNJ
2013-07-23,92.39,92.855,92.11,92.42,8467834,JNJ
2013-07-24,92.65,92.66,91.75,92.36,6846208,JNJ
2013-07-25,92.0,92.75,91.75,92.57,7355636,JNJ
2013-07-26,92.32,92.93,91.653,92.83,8664292,JNJ
2013-07-29,92.63,93.39,92.61,93.21,7925734,JNJ
2013-07-30,93.47,93.97,93.02,93.17,8863057,JNJ
2013-07-31,93.23,94.42,93.19,93.5,11365654,JNJ
2013-08-01,94.16,94.4,93.705,93.77,11098955,JNJ
2013-08-02,93.56,94.39,93.45,94.39,8468725,JNJ
2013-08-05,94.05,94.3,93.43,93.8,7192420,JNJ
2013-08-06,93.88,93.94,93.5,93.81,6414982,JNJ
2013-08-07,93.6,94.03,93.47,93.66,9060926,JNJ
2013-08-08,94.27,94.37,92.71,93.34,11090305,JNJ
2013-08-09,93.39,93.39,91.78,92.36,12135904,JNJ
2013-08-12,92.08,92.77,91.755,92.0,11012407,JNJ
2013-08-13,91.89,93.35,91.76,93.01,10099808,JNJ
2013-08-14,92.79,92.95,90.51,90.7,12717722,JNJ
2013-08-15,90.32,90.41,89.09,89.55,12010672,JNJ
2013-08-16,89.13,89.8025,88.77,89.37,14100923,JNJ
2013-08-19,89.47,91.25,89.35,90.45,8687032,JNJ
2013-08-20,90.55,91.65,89.73,89.73,8559068,JNJ
2013-08-21,89.47,89.63,88.68,88.8,7940700,JNJ
2013-08-22,88.76,89.03,88.12,88.26,7191852,JNJ
2013-08-23,87.93,88.44,87.21,88.41,7714511,JNJ
2013-08-26,88.36,88.48,87.3899,87.53,6723482,JNJ
2013-08-27,86.97,87.08,85.96,86.17,9941186,JNJ
2013-08-28,86.36,86.91,85.88,86.53,8829179,JNJ
2013-08-29,86.41,87.14,85.99,86.57,5768849,JNJ
2013-08-30,86.78,86.78,85.85,86.41,7471522,JNJ
2013-09-03,86.89,87.3,86.03,86.42,7590512,JNJ
2013-09-04,86.46,87.245,86.251,86.9,8458849,JNJ
2013-09-05,87.0,87.17,86.62,87.04,5656291,JNJ
2013-09-06,87.22,87.92,86.0,87.16,10035452,JNJ
2013-09-09,87.39,87.6,87.01,87.56,6822403,JNJ
2013-09-10,88.14,88.58,87.85,88.53,8658856,JNJ
2013-09-11,88.63,89.27,88.145,89.23,8098283,JNJ
2013-09-12,89.3,89.57,88.88,89.01,7938942,JNJ
2013-09-13,89.13,89.25,88.205,88.57,7738679,JNJ
2013-09-16,89.43,89.57,88.83,89.03,7580544,JNJ
2013-09-17,89.05,89.22,88.58,89.06,6292099,JNJ
2013-09-18,88.91,89.91,88.3,89.91,10115451,JNJ
2013-09-19,90.05,90.2,89.79,90.07,6721349,JNJ
2013-09-20,90.2,90.72,89.68,89.68,14709212,JNJ
2013-09-23,89.43,89.75,88.81,89.09,7376343,JNJ
2013-09-24,89.02,89.2,88.15,88.22,7626473,JNJ
2013-09-25,88.42,88.47,87.07,87.08,7493027,JNJ
2013-09-26,87.28,87.7032,86.72,87.07,6400181,JNJ
2013-09-27,86.81,86.94,86.44,86.73,5461071,JNJ
2013-09-30,86.33,86.95,86.15,86.69,7962314,JNJ
2013-10-01,86.59,87.49,86.26,87.47,6318781,JNJ
2013-10-02,87.13,87.29,86.44,87.29,6383361,JNJ
2013-10-03,87.19,87.4,86.28,86.58,7731275,JNJ
2013-10-04,86.82,87.415,86.56,87.31,6049955,JNJ
2013-10-07,86.7,86.98,86.29,86.59,5705238,JNJ
2013-10-08,86.62,86.74,85.57,85.61,8711718,JNJ
2013-10-09,85.93,86.23,85.5,85.96,8014226,JNJ
2013-10-10,86.72,87.78,86.7,87.78,8647855,JNJ
2013-10-11,88.62,89.48,88.02,89.45,8447844,JNJ
2013-10-14,88.83,89.89,88.63,89.8,9184293,JNJ
2013-10-15,90.33,91.46,89.93,89.93,11024237,JNJ
2013-10-16,90.42,91.17,90.16,91.11,8059465,JNJ
2013-10-17,90.87,92.0,90.77,91.97,8569649,JNJ
2013-10-18,91.75,92.05,91.14,91.63,9082602,JNJ
2013-10-21,91.63,91.63,90.77,91.2,6940488,JNJ
2013-10-22,91.53,92.56,91.495,92.36,9635464,JNJ
2013-10-23,92.07,92.43,91.52,92.1,6449625,JNJ
2013-10-24,92.65,92.99,92.14,92.35,5251016,JNJ
2013-10-25,92.04,92.27,91.78,92.09,6076014,JNJ
2013-10-28,91.96,92.8,91.92,92.39,6537894,JNJ
2013-10-29,92.8,93.175,92.58,93.14,6096833,JNJ
2013-10-30,93.27,93.45,92.65,92.79,6295422,JNJ
2013-10-31,92.85,93.35,92.32,92.61,7773908,JNJ
2013-11-01,92.3801,93.5799,92.3801,93.37,6835898,JNJ
2013-11-04,93.46,93.5,92.43,93.03,6862530,JNJ
2013-11-05,92.54,92.95,92.28,92.81,5357054,JNJ
2013-11-06,93.03,93.2,92.72,93.04,5301288,JNJ
2013-11-07,93.19,93.35,92.69,92.69,6121393,JNJ
2013-11-08,92.63,94.1,92.56,94.05,7229531,JNJ
2013-11-11,93.97,94.64,93.94,94.29,4723227,JNJ
2013-11-12,93.98,94.09,93.0,93.56,7643136,JNJ
2013-11-13,93.36,93.45,92.32,93.34,8954411,JNJ
2013-11-14,93.4,94.14,93.4,93.92,7045742,JNJ
2013-11-15,93.63,94.4,93.55,94.39,7068584,JNJ
2013-11-18,94.36,94.6,94.01,94.3,8491988,JNJ
2013-11-19,94.27,94.92,94.0,94.86,6624211,JNJ
2013-11-20,94.94,95.47,94.66,95.15,7085659,JNJ
2013-11-21,95.46,95.75,95.047,95.2,6897627,JNJ
2013-11-22,94.39,95.58,94.39,95.25,6462244,JNJ
2013-11-25,95.49,95.99,95.08,95.63,6375396,JNJ
2013-11-26,95.58,95.87,94.97,95.06,7267610,JNJ
2013-11-27,95.34,95.37,94.61,94.98,4603769,JNJ
2013-11-29,95.23,95.5,94.43,94.66,4106795,JNJ
2013-12-02,94.41,94.6597,93.965,94.28,5828580,JNJ
2013-12-03,94.2,94.56,93.51,93.97,9065252,JNJ
2013-12-04,93.76,94.25,93.13,93.63,6218496,JNJ
2013-12-05,93.42,93.63,92.66,92.97,8667604,JNJ
2013-12-06,93.6,94.48,93.42,94.44,7280472,JNJ
2013-12-09,94.3,94.48,93.7,94.44,6974541,JNJ
2013-12-10,94.58,94.79,93.96,94.14,7576606,JNJ
2013-12-11,94.4,94.45,93.03,93.11,9424296,JNJ
2013-12-12,92.84,92.86,91.07,91.16,12285664,JNJ
2013-12-13,91.46,91.855,91.08,91.35,7909466,JNJ
2013-12-16,91.42,92.32,91.16,91.37,6623019,JNJ
2013-12-17,91.3,91.33,90.5,90.66,8793968,JNJ
2013-12-18,90.95,92.66,89.77,92.64,9692564,JNJ
2013-12-19,92.4,92.4,91.415,91.98,7339601,JNJ
2013-12-20,91.95,92.75,91.95,92.09,11264971,JNJ
2013-12-23,92.56,92.68,91.76,92.03,5320255,JNJ
2013-12-24,92.18,92.39,91.85,92.06,3147331,JNJ
2013-12-26,91.99,92.54,91.77,92.54,3459501,JNJ
2013-12-27,92.77,92.96,92.18,92.35,3511614,JNJ
2013-12-30,92.16,92.3,91.73,92.3,4370142,JNJ
2013-12-31,92.17,92.216,91.151,91.59,6348274,JNJ
2014-01-02,91.14,91.73,91.01,91.03,5921167,JNJ
2014-01-03,91.29,92.22,91.26,91.85,5637762,JNJ
2014-01-06,91.93,92.75,91.87,92.33,7467811,JNJ
2014-01-07,93.04,94.62,92.99,94.29,11089742,JNJ
2014-01-08,94.17,94.6,93.88,94.16,9097188,JNJ
2014-01-09,94.94,95.38,94.09,94.73,7952774,JNJ
2014-01-10,94.64,94.975,94.14,94.74,6700178,JNJ
2014-01-13,94.37,94.99,94.06,94.5,9594869,JNJ
2014-01-14,94.6,94.9,94.32,94.72,7567457,JNJ
2014-01-15,94.65,95.2701,94.51,94.8,7423588,JNJ
2014-01-16,94.6,95.0884,94.23,94.64,8401397,JNJ
2014-01-17,94.72,95.17,94.38,95.06,13815121,JNJ
2014-01-21,94.93,95.1,92.62,94.03,16368694,JNJ
2014-01-22,93.99,94.55,93.54,94.32,8897354,JNJ
2014-01-23,93.74,93.8,92.41,92.74,9322328,JNJ
2014-01-24,92.12,92.61,90.61,90.61,10661597,JNJ
2014-01-27,90.3,90.76,89.85,89.94,8692336,JNJ
2014-01-28,90.58,90.6,89.79,90.1,8279490,JNJ
2014-01-29,89.47,89.71,88.53,88.9,11168264,JNJ
2014-01-30,89.62,89.78,89.01,89.5,6876827,JNJ
2014-01-31,89.01,89.34,88.15,88.47,12198893,JNJ
2014-02-03,88.75,88.78,86.61,86.78,13950813,JNJ
2014-02-04,86.93,87.28,86.09,86.62,11438774,JNJ
2014-02-05,86.49,87.67,86.48,87.28,10678430,JNJ
2014-02-06,87.63,88.76,87.55,88.75,10038015,JNJ
2014-02-07,88.92,90.04,88.61,90.04,9526254,JNJ
2014-02-10,90.24,91.08,89.8,91.07,8080445,JNJ
2014-02-11,91.09,92.97,90.95,92.97,11581143,JNJ
2014-02-12,92.95,92.99,91.95,92.42,7699343,JNJ
2014-02-13,92.0,92.62,91.71,92.56,5926351,JNJ
2014-02-14,92.6,92.945,92.0282,92.76,5524615,JNJ
2014-02-18,92.77,92.85,92.09,92.17,6935397,JNJ
2014-02-19,92.15,92.75,91.57,91.64,7693621,JNJ
2014-02-20,91.69,92.73,91.31,92.38,8160140,JNJ
2014-02-21,91.86,92.245,91.45,91.52,7381439,JNJ
2014-02-24,91.45,92.06,91.1,91.11,8407203,JNJ
2014-02-25,91.59,91.87,90.66,91.11,6387063,JNJ
2014-02-26,91.11,91.54,90.77,91.11,6334213,JNJ
2014-02-27,91.16,91.42,90.75,91.36,7040593,JNJ
2014-02-28,91.42,92.64,91.06,92.12,9644505,JNJ
2014-03-03,91.13,91.98,90.83,91.56,7506726,JNJ
2014-03-04,92.47,93.46,92.25,93.34,8796989,JNJ
2014-03-05,93.27,93.3,92.38,92.59,6843672,JNJ
2014-03-06,93.19,93.65,92.82,92.89,7718786,JNJ
2014-03-07,93.37,93.48,92.6901,93.32,6792275,JNJ
2014-03-10,93.17,93.49,92.79,93.45,4880978,JNJ
2014-03-11,93.71,93.75,93.09,93.49,5837194,JNJ
2014-03-12,92.82,93.62,92.65,93.6,6159381,JNJ
2014-03-13,93.85,94.2,92.98,93.0,7659366,JNJ
2014-03-14,92.88,93.44,92.46,92.81,7337843,JNJ
2014-03-17,93.26,94.18,93.18,93.93,5876845,JNJ
2014-03-18,93.9,94.24,93.48,93.94,5891904,JNJ
2014-03-19,93.89,94.36,92.92,93.59,5937603,JNJ
2014-03-20,93.52,94.19,92.96,94.12,5727520,JNJ
2014-03-21,94.77,95.93,93.88,95.93,24005402,JNJ
2014-03-24,95.3,95.43,94.54,95.2,13949809,JNJ
2014-03-25,95.7,97.7,95.7,97.38,14167327,JNJ
2014-03-26,97.51,98.47,97.05,97.05,11215165,JNJ
2014-03-27,97.08,97.7,96.26,97.28,8694613,JNJ
2014-03-28,97.51,98.22,96.96,97.44,8815993,JNJ
2014-03-31,98.0,98.6,97.61,98.23,7545682,JNJ
2014-04-01,98.31,98.68,97.37,97.94,7068696,JNJ
2014-04-02,98.01,98.39,97.37,98.23,7995623,JNJ
2014-04-03,97.97,98.34,97.53,98.26,5476117,JNJ
2014-04-04,98.62,99.38,98.32,98.42,10310236,JNJ
2014-04-07,98.39,99.36,97.83,97.89,11410399,JNJ
2014-04-08,98.03,98.725,97.5,98.06,9601881,JNJ
2014-04-09,98.42,99.0,97.78,98.95,8921922,JNJ
2014-04-10,98.86,98.93,96.52,96.54,9668076,JNJ
2014-04-11,96.2,97.199,96.05,96.87,8711166,JNJ
2014-04-14,97.28,97.36,96.25,97.14,8617844,JNJ
2014-04-15,98.45,99.21,98.05,99.2,14005235,JNJ
2014-04-16,99.57,99.71,98.07,98.75,11308070,JNJ
2014-04-17,98.69,99.65,98.69,98.96,9153584,JNJ
2014-04-21,99.01,100.13,98.67,100.0,7032062,JNJ
2014-04-22,100.0,100.75,99.74,100.18,7937911,JNJ
2014-04-23,100.24,100.56,99.92,100.22,5880223,JNJ
2014-04-24,100.24,100.37,99.55,99.96,6154027,JNJ
2014-04-25,99.97,100.26,99.4,99.79,5897880,JNJ
2014-04-28,100.56,101.5,100.1201,101.34,8793329,JNJ
2014-04-29,101.63,101.98,100.96,101.03,7811264,JNJ
2014-04-30,100.84,101.67,100.7,101.29,8519913,JNJ
2014-05-01,100.77,101.03,99.93,100.53,6590499,JNJ
2014-05-02,100.17,100.38,98.88,99.31,8744242,JNJ
2014-05-05,99.29,100.17,99.04,100.0,5438240,JNJ
2014-05-06,100.02,100.02,99.51,99.51,5795969,JNJ
2014-05-07,99.85,101.045,99.35,100.91,8720814,JNJ
2014-05-08,100.67,101.09,100.36,100.5,5668825,JNJ
2014-05-09,100.86,101.25,100.41,100.91,5691707,JNJ
2014-05-12,101.24,101.24,100.42,100.52,7437341,JNJ
2014-05-13,100.9,101.49,100.625,101.02,6183174,JNJ
2014-05-14,100.95,101.1,100.77,100.87,4187810,JNJ
2014-05-15,100.64,100.84,100.41,100.69,7011935,JNJ
2014-05-16,100.57,100.89,100.14,100.58,6517090,JNJ
2014-05-19,100.22,100.93,100.125,100.64,6997400,JNJ
2014-05-20,100.81,100.98,99.96,100.25,5438763,JNJ
2014-05-21,100.6,101.2,100.53,101.14,5302472,JNJ
2014-05-22,100.58,101.01,100.08,100.96,5124957,JNJ
2014-05-23,101.04,101.16,100.67,100.98,5276064,JNJ
2014-05-27,101.1,101.36,100.265,100.81,4524361,JNJ
2014-05-28,100.67,100.93,100.12,100.3,4353776,JNJ
2014-05-29,100.56,100.795,100.15,100.76,3685692,JNJ
2014-05-30,100.7,101.54,100.55,101.46,5972931,JNJ
2014-06-02,101.54,102.26,101.01,102.17,5852618,JNJ
2014-06-03,101.91,102.6,101.84,102.46,6683665,JNJ
2014-06-04,102.23,102.71,101.94,102.68,5608597,JNJ
2014-06-05,102.78,103.36,102.42,103.22,4731051,JNJ
2014-06-06,103.25,103.33,102.8386,103.18,4625104,JNJ
2014-06-09,103.07,103.23,102.68,103.22,3748814,JNJ
2014-06-10,103.47,104.12,102.77,104.1,5797720,JNJ
2014-06-11,103.81,104.15,103.133,103.32,5960610,JNJ
2014-06-12,103.18,103.21,102.51,102.53,5935011,JNJ
2014-06-13,102.51,102.65,102.17,102.53,4302188,JNJ
2014-06-16,102.52,102.89,101.84,102.45,5645516,JNJ
2014-06-17,102.13,102.2,101.38,101.93,4835591,JNJ
2014-06-18,101.91,102.83,101.8603,102.81,5449119,JNJ
2014-06-19,102.93,103.87,102.81,103.81,5481511,JNJ
2014-06-20,104.37,105.48,104.07,105.27,12464629,JNJ
2014-06-23,104.91,105.12,104.44,104.75,6066848,JNJ
2014-06-24,104.63,105.23,104.55,104.59,5915291,JNJ
2014-06-25,104.23,105.87,104.23,105.76,6411062,JNJ
2014-06-26,105.84,105.97,105.03,105.65,5106917,JNJ
2014-06-27,105.47,105.59,104.45,104.99,6462995,JNJ
2014-06-30,105.62,106.0,104.52,104.62,6944226,JNJ
2014-07-01,105.15,106.0,104.99,105.87,5133942,JNJ
2014-07-02,105.7,105.97,105.295,105.86,3764939,JNJ
2014-07-03,105.87,106.25,105.11,105.42,4199082,JNJ
2014-07-07,105.42,106.74,105.27,106.47,7018503,JNJ
2014-07-08,106.21,106.25,105.52,105.72,6268373,JNJ
2014-07-09,106.0,106.21,105.72,106.04,5721371,JNJ
2014-07-10,105.08,106.0,104.52,105.8,4955123,JNJ
2014-07-11,105.84,106.009,104.86,105.1,5464127,JNJ
2014-07-14,105.38,105.49,105.11,105.38,7786696,JNJ
2014-07-15,105.23,105.47,102.77,103.28,14224802,JNJ
2014-07-16,103.53,103.67,101.95,102.22,11947879,JNJ
2014-07-17,101.9,102.1,100.26,100.37,11226538,JNJ
2014-07-18,100.67,101.96,100.37,101.8,8408731,JNJ
2014-07-21,101.44,101.58,101.02,101.27,6386413,JNJ
2014-07-22,101.91,102.54,101.78,102.47,6554213,JNJ
2014-07-23,102.8,102.93,101.8832,102.19,4815975,JNJ
2014-07-24,102.34,102.73,102.02,102.2,5177227,JNJ
2014-07-25,102.27,102.4,101.8,102.11,3952062,JNJ
2014-07-28,101.89,102.4,101.66,102.11,4634905,JNJ
2014-07-29,102.45,102.51,101.69,101.96,6058738,JNJ
2014-07-30,102.27,102.85,101.81,102.3,5995785,JNJ
2014-07-31,101.77,101.84,100.05,100.09,9142218,JNJ
2014-08-01,99.76,100.41,98.8,99.9,8610725,JNJ
2014-08-04,99.99,100.375,99.315,100.16,6790846,JNJ
2014-08-05,99.83,100.24,99.55,99.82,6230883,JNJ
2014-08-06,99.67,100.83,99.6,100.71,7412322,JNJ
2014-08-07,101.09,101.19,99.58,99.93,7417911,JNJ
2014-08-08,100.21,101.15,99.77,101.08,5619629,JNJ
2014-08-11,101.62,101.78,101.01,101.16,5706553,JNJ
2014-08-12,101.0,101.22,100.31,100.63,4577733,JNJ
2014-08-13,101.15,101.95,101.15,101.74,4563668,JNJ
2014-08-14,101.89,102.05,101.5,102.02,5239445,JNJ
2014-08-15,102.21,102.44,100.8,101.17,6986145,JNJ
2014-08-18,101.92,102.72,101.75,102.7,5981073,JNJ
2014-08-19,102.73,102.96,102.02,102.96,5670017,JNJ
2014-08-20,102.87,103.3,102.7,103.21,5183142,JNJ
2014-08-21,103.33,104.42,103.33,104.19,8357633,JNJ
2014-08-22,103.63,104.03,102.97,103.1,5076573,JNJ
2014-08-25,103.65,103.81,103.09,103.23,3678216,JNJ
2014-08-26,103.47,103.72,103.17,103.44,3512447,JNJ
2014-08-27,103.6,103.72,102.91,103.22,4786441,JNJ
2014-08-28,102.9,103.19,102.71,102.95,3485694,JNJ
2014-08-29,103.1,103.76,103.0069,103.73,5287778,JNJ
2014-09-02,103.3,103.7097,103.02,103.36,4644820,JNJ
2014-09-03,103.82,104.1,103.54,103.76,4725840,JNJ
2014-09-04,103.99,104.1,103.76,103.84,6147742,JNJ
2014-09-05,103.92,104.42,103.34,104.42,5750803,JNJ
2014-09-08,104.42,104.58,103.83,104.05,4900319,JNJ
2014-09-09,104.4,104.4,103.55,103.8,6006566,JNJ
2014-09-10,104.19,105.34,103.96,104.99,7406861,JNJ
2014-09-11,104.78,104.89,104.0999,104.55,4835853,JNJ
2014-09-12,104.54,104.805,103.96,104.58,5931020,JNJ
2014-09-15,104.59,104.91,104.35,104.72,4525564,JNJ
2014-09-16,104.49,105.94,104.3,105.88,6081537,JNJ
2014-09-17,105.88,106.63,105.8,106.19,6627848,JNJ
2014-09-18,106.18,107.41,106.03,107.35,6628840,JNJ
2014-09-19,107.89,108.37,107.62,107.99,13033621,JNJ
2014-09-22,108.0,108.25,107.775,107.88,5790392,JNJ
2014-09-23,107.77,108.1,107.19,107.46,8108322,JNJ
2014-09-24,107.7,108.77,107.34,108.64,5892456,JNJ
2014-09-25,108.53,108.55,107.07,107.1,5691811,JNJ
2014-09-26,107.41,107.49,106.2,107.1,4467569,JNJ
2014-09-29,106.38,106.65,106.04,106.54,6581602,JNJ
2014-09-30,106.5,107.2099,106.45,106.59,6822524,JNJ
2014-10-01,105.98,106.28,103.95,104.3,12267373,JNJ
2014-10-02,104.06,104.54,103.25,103.85,7566157,JNJ
2014-10-03,104.23,105.19,104.13,105.13,6856127,JNJ
2014-10-06,105.68,106.0,104.365,104.86,5016549,JNJ
2014-10-07,104.46,104.46,102.34,102.39,8409384,JNJ
2014-10-08,102.43,105.03,102.0401,104.91,8336957,JNJ
2014-10-09,104.63,104.86,101.79,102.08,10677257,JNJ
2014-10-10,102.35,102.53,101.23,101.23,9988521,JNJ
2014-10-13,101.46,101.46,99.02,99.12,10341254,JNJ
2014-10-14,100.53,100.9,95.34,97.01,20808277,JNJ
2014-10-15,96.05,98.72,95.1,98.21,21905946,JNJ
2014-10-16,96.97,98.0,96.5,96.78,14575531,JNJ
2014-10-17,97.54,99.15,97.31,98.7,12281405,JNJ
2014-10-20,98.83,99.2,98.32,99.2,7991982,JNJ
2014-10-21,99.83,100.38,99.34,100.36,7288282,JNJ
2014-10-22,101.1,101.79,100.52,101.22,9364649,JNJ
2014-10-23,102.26,102.98,101.94,102.63,7570675,JNJ
2014-10-24,102.95,103.29,102.2056,103.13,5973242,JNJ
2014-10-27,103.07,104.24,103.035,104.07,7044535,JNJ
2014-10-28,104.55,104.8,103.56,104.79,10347753,JNJ
2014-10-29,105.0,105.56,104.86,105.56,8188368,JNJ
2014-10-30,105.17,107.05,104.91,107.04,9068343,JNJ
2014-10-31,107.94,108.18,107.26,107.78,10803709,JNJ
2014-11-03,107.83,108.12,106.75,107.46,7084618,JNJ
2014-11-04,107.89,108.73,107.34,108.62,9349214,JNJ
2014-11-05,109.05,109.26,107.95,108.82,6966795,JNJ
2014-11-06,108.93,109.32,108.55,109.01,6200277,JNJ
2014-11-07,109.0,109.03,107.92,108.2,6652571,JNJ
2014-11-10,108.07,108.92,107.2,108.82,7573288,JNJ
2014-11-11,108.88,109.4,108.55,108.91,6229047,JNJ
2014-11-12,108.67,109.0,108.3862,108.75,4895939,JNJ
2014-11-13,109.05,109.49,108.5,109.07,4859955,JNJ
2014-11-14,108.92,109.06,108.01,108.16,5650746,JNJ
2014-11-17,108.0,108.69,107.61,108.3,5232983,JNJ
2014-11-18,108.13,109.06,107.72,108.83,5407151,JNJ
2014-11-19,108.45,108.81,108.1,108.76,5217829,JNJ
2014-11-20,108.55,108.57,107.69,108.18,8090667,JNJ
2014-11-21,108.73,108.73,107.62,107.86,8417378,JNJ
2014-11-24,107.92,108.23,106.64,106.88,9097994,JNJ
2014-11-25,106.98,107.19,106.7,106.7,7367894,JNJ
2014-11-26,106.77,107.25,106.6,107.21,5503702,JNJ
2014-11-28,107.61,108.82,107.33,108.25,5881239,JNJ
2014-12-01,107.89,108.813,107.35,108.03,5638779,JNJ
2014-12-02,107.97,108.53,107.5,108.51,6184380,JNJ
2014-12-03,108.54,108.99,107.65,107.72,8957411,JNJ
2014-12-04,108.09,108.3,107.38,107.56,6813598,JNJ
2014-12-05,107.53,108.74,107.221,108.51,6449739,JNJ
2014-12-08,108.42,108.88,108.1405,108.52,6500735,JNJ
2014-12-09,108.22,108.47,106.89,108.05,7214300,JNJ
2014-12-10,107.61,107.96,106.15,106.24,9416414,JNJ
2014-12-11,105.85,107.305,105.36,106.72,7114640,JNJ
2014-12-12,106.65,106.87,104.39,104.43,8334704,JNJ
2014-12-15,104.77,105.06,103.63,103.96,12110559,JNJ
2014-12-16,103.48,105.21,102.5,102.76,10212440,JNJ
2014-12-17,103.27,104.49,102.7,104.07,10207637,JNJ
2014-12-18,105.62,106.82,104.74,106.81,11756825,JNJ
2014-12-19,106.63,107.39,105.5,105.55,19154418,JNJ
2014-12-22,105.69,106.83,105.67,106.74,8124539,JNJ
2014-12-23,106.66,106.91,103.92,104.28,10181076,JNJ
2014-12-24,104.38,105.33,104.38,104.59,3420184,JNJ
2014-12-26,105.07,105.69,104.69,105.06,2951001,JNJ
2014-12-29,104.64,105.69,104.61,105.33,4273424,JNJ
2014-12-30,105.42,105.8,105.06,105.36,4371735,JNJ
2014-12-31,105.61,106.11,104.54,104.57,6202118,JNJ
2015-01-02,105.05,105.55,104.13,104.52,5756961,JNJ
2015-01-05,104.48,104.73,103.682,103.79,8079279,JNJ
2015-01-06,104.34,104.99,102.94,103.28,7428022,JNJ
2015-01-07,103.91,105.83,103.81,105.56,7931714,JNJ
2015-01-08,106.06,106.49,105.75,106.39,9925854,JNJ
2015-01-09,106.5,106.5,104.75,104.94,7364760,JNJ
2015-01-12,105.17,105.82,104.3,104.58,6838966,JNJ
2015-01-13,105.44,106.33,104.24,104.76,10155188,JNJ
2015-01-14,103.86,104.43,103.51,104.0,8887694,JNJ
2015-01-15,102.97,103.93,101.95,102.49,10834811,JNJ
2015-01-16,102.06,104.62,102.0,104.04,14092276,JNJ
2015-01-20,101.55,102.05,100.26,101.29,20467800,JNJ
2015-01-21,100.56,102.1,100.4,101.9,11702890,JNJ
2015-01-22,102.39,103.83,101.57,103.76,9036608,JNJ
2015-01-23,102.94,102.97,101.9397,102.2,10125960,JNJ
2015-01-26,101.8,102.45,101.21,102.26,8962787,JNJ
2015-01-27,101.83,102.7671,100.93,102.09,10160531,JNJ
2015-01-28,102.48,102.93,101.44,101.48,9053222,JNJ
2015-01-29,101.51,102.46,100.67,102.38,7569330,JNJ
2015-01-30,101.58,102.0,100.09,100.14,10676345,JNJ
2015-02-02,100.49,100.85,99.38,100.83,8990701,JNJ
2015-02-03,101.4,102.56,101.12,102.46,10005207,JNJ
2015-02-04,102.12,102.45,101.02,101.36,9514074,JNJ
2015-02-05,101.57,102.56,101.46,102.46,6642224,JNJ
2015-02-06,102.11,102.45,100.83,101.1,9215663,JNJ
2015-02-09,101.06,101.06,99.1,99.78,9851745,JNJ
2015-02-10,100.19,100.7,99.425,100.35,12275450,JNJ
2015-02-11,100.46,100.79,99.95,100.38,8177011,JNJ
2015-02-12,100.5,100.54,97.15,98.44,25835156,JNJ
2015-02-13,98.44,99.67,98.33,99.62,11153595,JNJ
2015-02-17,99.39,100.48,99.12,100.44,8627082,JNJ
2015-02-18,100.7,100.94,99.38,99.96,7878157,JNJ
2015-02-19,99.95,100.84,99.61,100.7,10028180,JNJ
2015-02-20,100.18,100.366,99.11,100.26,10085673,JNJ
2015-02-23,100.74,100.77,99.8,100.18,6878246,JNJ
2015-02-24,100.25,101.05,100.0,100.7,6588073,JNJ
2015-02-25,100.94,101.29,100.16,101.21,9683963,JNJ
2015-02-26,101.38,103.18,101.22,102.8,11437890,JNJ
2015-02-27,103.04,103.33,102.48,102.51,8500014,JNJ
2015-03-02,102.86,103.41,102.7,103.22,7277612,JNJ
2015-03-03,103.1,103.1,101.81,102.34,6419659,JNJ
2015-03-04,102.12,102.12,101.17,101.65,8665474,JNJ
2015-03-05,102.07,103.21,102.0,102.52,8042336,JNJ
2015-03-06,102.09,102.43,99.88,100.11,9287621,JNJ
2015-03-09,100.2,100.92,99.76,100.66,5701061,JNJ
2015-03-10,99.99,100.44,99.51,99.53,8735743,JNJ
2015-03-11,99.83,99.83,98.22,98.32,9138141,JNJ
2015-03-12,98.96,100.24,98.83,99.83,8317996,JNJ
2015-03-13,99.85,100.05,98.6393,99.21,7821813,JNJ
2015-03-16,99.74,101.07,99.74,101.06,7726509,JNJ
2015-03-17,100.11,100.52,99.41,99.89,7301526,JNJ
2015-03-18,99.89,101.74,99.13,101.46,7972458,JNJ
2015-03-19,101.04,101.955,100.91,101.69,6863107,JNJ
2015-03-20,101.87,102.9,101.76,102.4,12433761,JNJ
2015-03-23,102.47,103.35,102.23,102.98,9015961,JNJ
2015-03-24,102.83,103.23,101.93,101.96,8390708,JNJ
2015-03-25,101.85,102.5,100.34,100.34,8444099,JNJ
2015-03-26,99.95,100.81,99.56,100.14,9972373,JNJ
2015-03-27,100.28,100.95,100.15,100.34,5847382,JNJ
2015-03-30,101.24,101.86,100.76,101.55,6061170,JNJ
2015-03-31,100.97,101.49,100.59,100.6,8027954,JNJ
2015-04-01,100.46,100.46,98.61,99.15,11368126,JNJ
2015-04-02,99.44,99.99,98.89,99.64,6097146,JNJ
2015-04-06,98.84,99.56,98.04,99.16,9697623,JNJ
2015-04-07,99.55,100.87,99.433,100.1,7900303,JNJ
2015-04-08,99.84,100.45,99.6,100.16,7354110,JNJ
2015-04-09,100.57,101.65,100.33,101.33,8073887,JNJ
2015-04-10,101.33,102.14,100.93,102.06,6786456,JNJ
2015-04-13,101.54,101.98,100.55,100.55,10753497,JNJ
2015-04-14,101.05,101.46,100.185,100.52,9322175,JNJ
2015-04-15,100.54,101.24,100.33,100.6,8237103,JNJ
2015-04-16,100.27,100.3199,99.77,99.79,7324783,JNJ
2015-04-17,99.37,99.8515,99.11,99.58,11084248,JNJ
2015-04-20,100.26,100.88,100.05,100.21,6668541,JNJ
2015-04-21,100.66,100.99,100.16,100.3,6532698,JNJ
2015-04-22,100.63,100.8,99.96,100.43,4764283,JNJ
2015-04-23,100.5,100.82,99.91,100.46,7351494,JNJ
2015-04-24,100.11,101.529,100.0,101.08,6566915,JNJ
2015-04-27,101.16,101.6,100.47,100.58,9113861,JNJ
2015-04-28,100.45,100.9455,99.31,100.74,7484612,JNJ
2015-04-29,100.51,100.61,99.9,100.39,8926249,JNJ
2015-04-30,100.07,100.15,98.77,99.2,10170628,JNJ
2015-05-01,99.62,100.39,99.62,100.13,6255973,JNJ
2015-05-04,100.33,100.55,100.16,100.35,5532387,JNJ
2015-05-05,100.13,100.29,99.29,99.5,8828129,JNJ
2015-05-06,99.62,99.87,98.66,99.17,8030769,JNJ
2015-05-07,98.94,100.0,98.91,99.66,6401552,JNJ
2015-05-08,100.48,101.67,100.443,101.47,7508622,JNJ
2015-05-11,101.32,101.66,101.01,101.03,5698884,JNJ
2015-05-12,100.88,101.05,100.28,100.47,6903070,JNJ
2015-05-13,100.68,101.13,100.47,100.55,5826750,JNJ
2015-05-14,100.97,101.87,100.95,101.83,5454009,JNJ
2015-05-15,101.98,102.32,101.67,102.3,6023543,JNJ
2015-05-18,102.37,104.34,102.32,103.42,10479584,JNJ
2015-05-19,103.66,104.12,103.2549,103.96,7724081,JNJ
2015-05-20,104.42,104.48,103.31,103.6,7146547,JNJ
2015-05-21,102.91,103.3007,102.34,102.42,6875627,JNJ
2015-05-22,102.27,102.41,101.33,101.35,6216965,JNJ
2015-05-26,101.23,101.55,100.58,100.82,7918872,JNJ
2015-05-27,101.01,101.41,100.8,101.13,9297934,JNJ
2015-05-28,101.01,101.7,100.81,101.15,5700051,JNJ
2015-05-29,101.55,101.62,99.83,100.14,9957798,JNJ
2015-06-01,100.28,100.6,99.72,100.04,7298085,JNJ
2015-06-02,99.92,100.24,99.1,99.98,8312446,JNJ
2015-06-03,100.32,100.43,99.84,100.09,5375153,JNJ
2015-06-04,99.94,100.47,99.06,99.23,8057860,JNJ
2015-06-05,98.99,99.05,98.2,98.59,7557268,JNJ
2015-06-08,98.6,98.98,97.96,97.96,7054613,JNJ
2015-06-09,98.44,98.54,97.8,98.21,7844315,JNJ
2015-06-10,98.48,99.55,98.2,98.88,10025139,JNJ
2015-06-11,99.2,99.8,98.83,99.24,6175188,JNJ
2015-06-12,98.88,99.229,98.12,98.35,8717217,JNJ
2015-06-15,97.75,97.87,97.01,97.49,6833452,JNJ
2015-06-16,97.5,98.49,97.1,98.36,6049522,JNJ
2015-06-17,98.38,99.1199,98.15,98.73,6155753,JNJ
2015-06-18,98.86,100.55,98.71,100.36,8815756,JNJ
2015-06-19,99.88,100.2,99.78,99.86,11653584,JNJ
2015-06-22,100.6,100.84,99.99,100.09,5055871,JNJ
2015-06-23,100.1,100.36,99.48,99.78,6046627,JNJ
2015-06-24,99.51,99.81,99.07,99.33,7254699,JNJ
2015-06-25,99.5,99.98,99.11,99.12,6581098,JNJ
2015-06-26,99.43,100.13,99.12,99.64,9041052,JNJ
2015-06-29,98.98,99.35,97.62,97.68,11150902,JNJ
2015-06-30,98.43,98.45,97.3,97.46,8967911,JNJ
2015-07-01,98.3,98.675,97.64,98.47,6726694,JNJ
2015-07-02,98.85,99.02,98.32,98.44,6091886,JNJ
2015-07-06,97.71,98.5,96.64,98.2,6817796,JNJ
2015-07-07,98.63,98.98,97.52,98.92,7122569,JNJ
2015-07-08,98.42,98.59,97.69,97.77,6845543,JNJ
2015-07-09,99.05,99.5398,98.4,98.4,7316390,JNJ
2015-07-10,99.78,99.89,99.09,99.53,6969285,JNJ
2015-07-13,100.05,100.48,99.87,100.27,6986321,JNJ
2015-07-14,99.26,99.88,98.55,99.78,9890556,JNJ
2015-07-15,99.76,100.94,99.63,100.42,7990325,JNJ
2015-07-16,100.95,101.36,100.78,101.11,5774981,JNJ
2015-07-17,100.89,100.91,99.96,100.08,8054183,JNJ
2015-07-20,100.5,100.65,100.1,100.37,5016152,JNJ
2015-07-21,100.6,100.81,100.07,100.34,5891640,JNJ
2015-07-22,100.41,100.71,99.73,100.18,6721856,JNJ
2015-07-23,100.5,100.6,100.0,100.2,5016148,JNJ
2015-07-24,99.75,99.95,99.05,99.15,6524173,JNJ
2015-07-27,98.97,98.99,97.915,98.28,8733993,JNJ
2015-07-28,98.89,99.23,98.42,99.02,7757505,JNJ
2015-07-29,99.26,100.05,99.05,99.73,7853488,JNJ
2015-07-30,99.8,100.0,99.38,99.84,5517401,JNJ
2015-07-31,100.34,100.98,99.96,100.21,6216815,JNJ
2015-08-03,100.0,100.21,99.23,100.02,6172519,JNJ
2015-08-04,100.41,100.5,99.65,99.8,6005340,JNJ
2015-08-05,100.57,101.0,100.35,100.52,4571280,JNJ
2015-08-06,100.49,100.6,99.01,99.07,6987963,JNJ
2015-08-07,99.02,99.07,98.16,98.85,6027855,JNJ
2015-08-10,99.57,100.06,99.45,99.79,6133458,JNJ
2015-08-11,99.05,99.34,98.77,99.01,6682636,JNJ
2015-08-12,98.4,98.73,97.41,98.71,7607491,JNJ
2015-08-13,98.74,98.98,98.15,98.48,5047960,JNJ
2015-08-14,98.33,98.825,97.8728,98.81,5177310,JNJ
2015-08-17,98.44,99.88,98.06,99.87,6901809,JNJ
2015-08-18,99.24,99.68,99.02,99.37,7618826,JNJ
2015-08-19,99.18,99.99,98.78,99.31,7642349,JNJ
2015-08-20,98.95,100.1199,98.79,98.79,10620430,JNJ
2015-08-21,97.22,98.52,95.51,95.56,16141529,JNJ
2015-08-24,91.08,95.21,81.79,92.82,25636323,JNJ
2015-08-25,95.69,95.7,90.4,90.73,15671123,JNJ
2015-08-26,92.91,95.22,91.46,95.11,14738289,JNJ
2015-08-27,96.1,96.4,94.35,96.22,11131225,JNJ
2015-08-28,95.93,96.29,94.38,95.17,9200294,JNJ
2015-08-31,94.88,95.17,93.58,93.98,9083511,JNJ
2015-09-01,92.29,92.89,91.4601,92.09,14593543,JNJ
2015-09-02,93.45,93.47,92.5,93.35,11517391,JNJ
2015-09-03,93.66,94.09,92.26,92.64,9027240,JNJ
2015-09-04,91.58,91.88,90.5728,91.31,10997186,JNJ
2015-09-08,93.09,93.98,92.51,93.94,11394069,JNJ
2015-09-09,94.99,95.16,92.03,92.22,7384549,JNJ
2015-09-10,92.11,93.48,91.615,92.72,8359464,JNJ
2015-09-11,92.44,93.0,91.8,92.93,7381327,JNJ
2015-09-14,92.9,93.91,92.51,93.32,7948727,JNJ
2015-09-15,93.79,94.745,93.19,94.4,7030679,JNJ
2015-09-16,94.49,94.82,93.82,94.61,5630442,JNJ
2015-09-17,94.53,96.19,94.32,94.84,8258048,JNJ
2015-09-18,94.08,94.7185,93.25,93.39,14211147,JNJ
2015-09-21,93.87,94.6,92.37,93.13,7053655,JNJ
2015-09-22,92.26,93.44,91.8799,93.24,10618668,JNJ
2015-09-23,93.21,93.7,92.56,92.99,5609270,JNJ
2015-09-24,92.52,92.94,91.775,92.48,7407588,JNJ
2015-09-25,92.93,93.125,90.76,91.0,10794367,JNJ
2015-09-28,90.7,92.07,89.9,91.37,14332752,JNJ
2015-09-29,92.24,93.84,91.83,93.04,11519966,JNJ
2015-09-30,94.13,94.47,92.59,93.35,10970101,JNJ
2015-10-01,93.43,93.85,91.76,93.17,9675937,JNJ
2015-10-02,92.14,93.97,91.84,93.93,8368056,JNJ
2015-10-05,94.19,94.82,94.075,94.76,9419198,JNJ
2015-10-06,94.52,94.66,92.58,93.42,8365247,JNJ
2015-10-07,94.26,95.42,93.44,94.98,9466389,JNJ
2015-10-08,94.71,95.195,93.81,95.08,7090710,JNJ
2015-10-09,95.14,95.96,94.7775,95.37,8259654,JNJ
2015-10-12,95.07,96.47,94.98,95.99,8957937,JNJ
2015-10-13,94.79,96.23,94.31,95.45,12761886,JNJ
2015-10-14,95.21,95.96,94.12,94.53,8881871,JNJ
2015-10-15,95.0,97.35,94.86,97.15,9561891,JNJ
2015-10-16,97.87,98.31,97.4,98.24,9495256,JNJ
2015-10-19,98.05,98.2,97.31,97.94,8725430,JNJ
2015-10-20,97.95,98.25,97.31,97.59,6041789,JNJ
2015-10-21,97.64,98.22,97.07,97.63,7093295,JNJ
2015-10-22,97.85,99.81,97.13,99.53,9887929,JNJ
2015-10-23,99.88,100.88,99.53,100.31,9178873,JNJ
2015-10-26,100.05,100.28,99.49,99.94,7561604,JNJ
2015-10-27,99.92,100.9,99.7,100.19,8883164,JNJ
2015-10-28,100.45,100.48,99.5,100.48,7256317,JNJ
2015-10-29,100.47,101.53,100.12,101.37,6340702,JNJ
2015-10-30,101.53,102.12,101.01,101.03,10520339,JNJ
2015-11-02,101.18,102.34,100.84,102.17,6297939,JNJ
2015-11-03,101.84,102.3,101.11,101.96,6229192,JNJ
2015-11-04,101.9,102.39,101.69,101.94,5592309,JNJ
2015-11-05,102.25,102.49,101.42,102.33,6545590,JNJ
2015-11-06,101.57,101.92,100.86,101.92,6221110,JNJ
2015-11-09,101.39,101.59,100.55,100.84,6625850,JNJ
2015-11-10,101.0,101.76,100.68,101.45,5114204,JNJ
2015-11-11,101.78,102.355,101.5,101.86,6284749,JNJ
2015-11-12,101.14,101.605,100.22,100.27,6918671,JNJ
2015-11-13,100.04,100.94,99.74,99.88,8517537,JNJ
2015-11-16,100.38,101.29,100.04,101.22,5755804,JNJ
2015-11-17,101.34,101.71,100.88,101.5,5124025,JNJ
2015-11-18,101.53,102.8,101.31,102.67,7148429,JNJ
2015-11-19,102.66,102.68,102.06,102.49,5164480,JNJ
2015-11-20,102.49,102.8,102.2,102.48,7671517,JNJ
2015-11-23,102.39,103.0,102.19,102.77,6730605,JNJ
2015-11-24,101.81,102.79,101.81,102.04,7492381,JNJ
2015-11-25,102.17,102.33,101.96,101.96,5401491,JNJ
2015-11-27,102.28,102.62,101.79,102.37,2353779,JNJ
2015-11-30,102.48,102.48,101.24,101.24,8983655,JNJ
2015-12-01,101.73,102.49,101.12,102.36,7545986,JNJ
2015-12-02,102.5,102.93,101.99,102.05,6623500,JNJ
2015-12-03,102.27,102.37,100.31,100.79,12008737,JNJ
2015-12-04,101.4,103.0,101.28,102.95,7845387,JNJ
2015-12-07,102.61,103.49,102.6,103.32,7262911,JNJ
2015-12-08,102.98,103.24,101.9103,102.42,8005368,JNJ
2015-12-09,102.14,103.34,101.67,102.15,7947010,JNJ
2015-12-10,102.3,103.34,101.8,102.64,6479272,JNJ
2015-12-11,102.37,102.37,101.43,101.68,7796497,JNJ
2015-12-14,101.645,102.29,100.78,102.15,10641483,JNJ
2015-12-15,102.65,104.69,102.65,104.13,9283193,JNJ
2015-12-16,104.64,105.49,103.52,105.25,8178826,JNJ
2015-12-17,105.16,105.26,103.63,103.64,8740832,JNJ
2015-12-18,103.08,103.08,101.95,101.95,14966025,JNJ
2015-12-21,102.34,102.92,100.85,101.58,8321937,JNJ
2015-12-22,101.91,102.88,101.15,102.71,5581632,JNJ
2015-12-23,103.11,103.67,102.74,103.49,5531671,JNJ
2015-12-24,103.12,103.91,103.01,103.72,2546278,JNJ
2015-12-28,103.18,103.47,102.925,103.22,4062986,JNJ
2015-12-29,103.34,104.185,103.34,104.03,4229973,JNJ
2015-12-30,104.11,104.34,103.53,103.78,3847819,JNJ
2015-12-31,103.37,103.62,102.69,102.72,4592603,JNJ
2016-01-04,101.71,101.81,99.45,100.48,12722756,JNJ
2016-01-05,100.58,101.44,100.57,100.9,6467235,JNJ
2016-01-06,99.82,100.97,99.6,100.39,7733825,JNJ
2016-01-07,99.31,100.09,98.88,99.22,9433097,JNJ
2016-01-08,99.88,99.94,97.85,98.16,9766711,JNJ
2016-01-11,98.24,98.63,96.08,97.57,8151427,JNJ
2016-01-12,97.99,98.63,97.24,98.24,6745013,JNJ
2016-01-13,98.49,98.98,96.84,97.02,8290689,JNJ
2016-01-14,97.1,99.47,97.0,98.89,10164344,JNJ
2016-01-15,96.37,98.0,96.25,97.0,12662181,JNJ
2016-01-19,97.93,98.41,96.9,97.5,12457849,JNJ
2016-01-20,96.11,97.28,94.53,95.75,12685151,JNJ
2016-01-21,95.77,96.64,94.28,95.94,11266449,JNJ
2016-01-22,97.02,97.085,95.95,96.75,8379951,JNJ
2016-01-25,96.72,97.69,96.04,96.4,9350181,JNJ
2016-01-26,97.26,101.34,97.135,101.18,17266649,JNJ
2016-01-27,100.49,103.38,100.49,102.16,19330465,JNJ
2016-01-28,102.5,103.04,101.85,102.27,12789459,JNJ
2016-01-29,102.89,104.75,102.63,104.44,15614567,JNJ
2016-02-01,103.61,104.785,103.22,104.37,9803745,JNJ
2016-02-02,103.3,104.26,103.0,103.41,10616349,JNJ
2016-02-03,103.65,104.38,102.01,104.14,10168633,JNJ
2016-02-04,103.61,104.085,102.73,103.9,10389000,JNJ
2016-02-05,102.66,102.77,99.78,100.54,15522154,JNJ
2016-02-08,100.31,103.51,100.22,102.0,14323776,JNJ
2016-02-09,101.31,102.24,100.9725,101.97,10044539,JNJ
2016-02-10,102.05,102.91,101.3684,101.73,9833124,JNJ
2016-02-11,100.46,102.02,99.98,101.7,12465832,JNJ
2016-02-12,101.82,101.98,100.72,101.82,9035013,JNJ
2016-02-16,102.37,103.05,101.65,102.32,10452827,JNJ
2016-02-17,102.75,103.24,102.23,102.5,8904013,JNJ
2016-02-18,102.83,104.6767,102.5,104.24,10744647,JNJ
2016-02-19,103.58,104.68,103.38,104.16,9343260,JNJ
2016-02-22,104.44,104.75,104.05,104.75,6946975,JNJ
2016-02-23,104.65,104.79,103.96,104.08,6629181,JNJ
2016-02-24,103.34,105.075,102.97,104.96,9076094,JNJ
2016-02-25,104.95,106.39,104.77,106.38,8092468,JNJ
2016-02-26,106.82,106.92,105.42,105.78,9049441,JNJ
2016-02-29,105.28,106.2,105.04,105.21,10111077,JNJ
2016-03-01,105.9,107.24,105.44,107.22,8298471,JNJ
2016-03-02,106.91,107.41,106.43,107.04,9766977,JNJ
2016-03-03,106.82,107.0,105.63,106.65,6927155,JNJ
2016-03-04,106.51,106.98,106.07,106.5,6715668,JNJ
2016-03-07,106.0,106.9196,105.49,106.74,6973521,JNJ
2016-03-08,106.52,106.77,105.965,106.22,7632880,JNJ
2016-03-09,106.84,107.02,106.09,106.84,7564238,JNJ
2016-03-10,106.99,107.48,106.07,107.14,10474747,JNJ
2016-03-11,107.5,107.99,107.21,107.71,7768990,JNJ
2016-03-14,107.92,108.3,107.31,107.66,7242758,JNJ
2016-03-15,107.62,108.35,106.76,107.76,8476598,JNJ
2016-03-16,107.73,107.78,106.875,107.41,7065081,JNJ
2016-03-17,107.47,107.6,106.45,106.74,8571010,JNJ
2016-03-18,106.99,107.84,106.36,107.5,14758303,JNJ
2016-03-21,107.41,107.75,106.55,107.28,7674706,JNJ
2016-03-22,107.28,107.63,107.05,107.38,7821676,JNJ
2016-03-23,107.29,108.825,107.2,108.5,8191313,JNJ
2016-03-24,108.22,108.61,107.75,108.31,6284486,JNJ
2016-03-28,108.41,108.9,108.06,108.23,4738112,JNJ
2016-03-29,108.3,109.25,107.74,109.14,6612787,JNJ
2016-03-30,109.45,109.56,108.93,108.98,5248182,JNJ
2016-03-31,108.86,108.98,108.04,108.2,8167693,JNJ
2016-04-01,108.0,109.29,107.69,109.19,9043232,JNJ
2016-04-04,108.82,109.1,108.26,108.59,10668885,JNJ
2016-04-05,108.23,109.84,108.005,108.95,7938961,JNJ
2016-04-06,108.72,109.5,107.88,109.42,6828705,JNJ
2016-04-07,109.0,109.62,108.63,109.27,7822916,JNJ
2016-04-08,109.37,109.64,108.76,109.1,6301634,JNJ
2016-04-11,109.15,109.62,108.65,108.97,6823922,JNJ
2016-04-12,109.0,110.24,108.75,109.6,8412327,JNJ
2016-04-13,110.0,110.35,109.31,109.87,5758284,JNJ
2016-04-14,110.0,110.29,109.45,109.84,4457099,JNJ
2016-04-15,110.07,110.4,109.5,110.18,10057921,JNJ
2016-04-18,110.0,111.1,109.67,110.93,7772549,JNJ
2016-04-19,111.65,113.95,111.48,112.68,10526437,JNJ
2016-04-20,113.19,114.19,113.05,113.58,8213383,JNJ
2016-04-21,113.31,113.73,112.77,113.57,7884452,JNJ
2016-04-22,113.43,113.7531,112.828,113.32,7508690,JNJ
2016-04-25,113.31,113.55,112.48,113.51,6139854,JNJ
2016-04-26,113.45,113.56,112.65,112.91,5853561,JNJ
2016-04-27,112.96,113.2,112.46,112.77,5759301,JNJ
2016-04-28,112.1,112.71,111.64,112.48,6640041,JNJ
2016-04-29,112.06,112.22,111.51,112.08,7774512,JNJ
2016-05-02,112.22,112.7897,111.93,112.75,5178847,JNJ
2016-05-03,112.56,113.1,112.12,112.69,7554529,JNJ
2016-05-04,112.04,112.54,111.7,112.22,5214649,JNJ
2016-05-05,112.08,113.1,112.04,112.88,5404341,JNJ
2016-05-06,112.58,113.05,112.275,112.74,6099860,JNJ
2016-05-09,112.98,113.99,112.73,113.72,6512715,JNJ
2016-05-10,114.0,115.0,113.92,114.67,8356411,JNJ
2016-05-11,114.57,114.76,114.31,114.37,6680655,JNJ
2016-05-12,114.5,114.7599,113.54,114.23,7156263,JNJ
2016-05-13,113.9,114.09,113.36,113.56,6779907,JNJ
2016-05-16,113.39,114.63,113.31,114.44,6222861,JNJ
2016-05-17,114.54,114.56,113.24,113.83,9233911,JNJ
2016-05-18,113.61,114.025,112.88,113.59,8267933,JNJ
2016-05-19,112.99,113.04,112.2,112.86,8232205,JNJ
2016-05-20,112.2,112.92,111.76,112.64,7435203,JNJ
2016-05-23,112.77,112.82,112.04,112.16,6462321,JNJ
2016-05-24,112.52,113.5,112.52,112.69,6125259,JNJ
2016-05-25,113.18,113.725,112.85,113.35,5455518,JNJ
2016-05-26,113.11,113.32,112.85,112.9,3973550,JNJ
2016-05-27,113.04,113.34,112.69,113.06,4647024,JNJ
2016-05-31,113.26,113.63,112.32,112.69,10104705,JNJ
2016-06-01,112.57,113.06,112.07,112.78,4749563,JNJ
2016-06-02,112.87,114.65,112.86,114.49,7310801,JNJ
2016-06-03,114.47,115.39,114.115,114.76,6881721,JNJ
2016-06-06,114.97,116.0,114.9301,115.77,6349758,JNJ
2016-06-07,116.01,116.23,115.45,115.73,6417404,JNJ
2016-06-08,115.52,115.95,115.41,115.8,5863782,JNJ
2016-06-09,115.78,117.19,115.61,117.0,7375474,JNJ
2016-06-10,116.74,117.23,116.36,117.01,6067428,JNJ
2016-06-13,117.13,117.64,116.79,116.79,7940893,JNJ
2016-06-14,116.45,117.18,116.3,117.12,6378395,JNJ
2016-06-15,117.64,117.74,116.335,116.41,6371378,JNJ
2016-06-16,115.69,116.89,115.22,116.64,6664815,JNJ
2016-06-17,116.62,116.67,115.01,115.48,10702199,JNJ
2016-06-20,116.6,117.135,116.4297,116.54,5588202,JNJ
2016-06-21,116.99,117.15,116.18,116.18,5493490,JNJ
2016-06-22,116.54,117.21,116.3101,116.46,5833754,JNJ
2016-06-23,117.2,117.38,116.68,117.38,6775873,JNJ
2016-06-24,115.07,117.12,115.0,115.63,13939481,JNJ
2016-06-27,115.0,116.64,115.0,116.55,10896051,JNJ
2016-06-28,117.17,118.37,116.55,118.23,10089587,JNJ
2016-06-29,118.84,119.41,118.1,119.33,8341454,JNJ
2016-06-30,119.18,121.41,119.1601,121.3,11559922,JNJ
2016-07-01,121.54,121.54,120.79,121.29,7051358,JNJ
2016-07-05,121.36,123.23,121.34,122.27,9334141,JNJ
2016-07-06,121.93,122.66,121.54,122.64,9332366,JNJ
2016-07-07,122.59,122.81,122.01,122.51,6058727,JNJ
2016-07-08,123.0,123.1,121.96,122.85,6129913,JNJ
2016-07-11,122.71,123.45,122.41,122.93,6711586,JNJ
2016-07-12,122.65,123.2,122.61,122.92,6415861,JNJ
2016-07-13,122.68,123.4,122.3,123.0,5230819,JNJ
2016-07-14,122.98,123.74,122.91,123.18,5322718,JNJ
2016-07-15,123.77,124.3,122.71,123.0,7192765,JNJ
2016-07-18,123.0,123.22,122.44,123.14,6599199,JNJ
2016-07-19,124.78,125.75,123.34,125.25,11325700,JNJ
2016-07-20,125.84,126.07,125.04,125.14,7334633,JNJ
2016-07-21,125.21,125.74,124.89,125.15,5563937,JNJ
2016-07-22,125.12,125.35,124.645,125.03,5839195,JNJ
2016-07-25,125.07,125.13,124.14,124.89,4880569,JNJ
2016-07-26,125.025,125.55,124.75,125.15,5589861,JNJ
2016-07-27,125.1,125.23,124.34,124.77,4812634,JNJ
2016-07-28,124.98,125.0,124.41,124.46,4320393,JNJ
2016-07-29,124.34,125.32,124.34,125.23,7020910,JNJ
2016-08-01,125.31,125.71,125.1,125.4,4615103,JNJ
2016-08-02,125.65,125.9,124.476,124.85,7158693,JNJ
2016-08-03,125.0,125.0,123.69,123.9,5310641,JNJ
2016-08-04,124.24,124.39,123.64,123.86,4728165,JNJ
2016-08-05,124.38,124.38,123.76,124.24,5146935,JNJ
2016-08-08,124.0,124.15,123.23,123.65,5232469,JNJ
2016-08-09,123.91,124.0,123.33,123.43,3941488,JNJ
2016-08-10,123.59,123.78,123.24,123.36,4333466,JNJ
2016-08-11,123.85,124.14,123.47,123.77,4051971,JNJ
2016-08-12,123.47,123.77,122.95,123.22,4234841,JNJ
2016-08-15,123.12,123.27,122.28,122.31,6469495,JNJ
2016-08-16,122.11,122.32,120.06,120.33,11289111,JNJ
2016-08-17,120.5,121.33,119.85,121.31,10442818,JNJ
2016-08-18,121.17,121.39,119.9,120.73,8728000,JNJ
2016-08-19,119.91,119.99,119.32,119.92,7798299,JNJ
2016-08-22,119.9,119.9,118.95,119.13,6544864,JNJ
2016-08-23,119.67,119.96,119.02,119.44,5603177,JNJ
2016-08-24,119.48,119.61,118.62,118.71,6303942,JNJ
2016-08-25,118.86,119.21,118.33,118.57,5566048,JNJ
2016-08-26,118.84,119.74,118.56,119.04,6482673,JNJ
2016-08-29,119.3,120.13,119.055,119.92,5074924,JNJ
2016-08-30,120.67,120.67,119.255,119.47,3820510,JNJ
2016-08-31,119.54,119.62,119.01,119.34,5693081,JNJ
2016-09-01,119.19,119.39,118.6,119.08,4551792,JNJ
2016-09-02,119.36,119.81,118.9,119.32,5806365,JNJ
2016-09-06,119.78,119.97,119.36,119.75,5280652,JNJ
2016-09-07,119.84,119.95,119.435,119.61,4753760,JNJ
2016-09-08,119.37,119.82,119.14,119.47,4833010,JNJ
2016-09-09,119.03,119.16,118.18,118.23,7957267,JNJ
2016-09-12,117.76,119.45,117.38,119.16,7239795,JNJ
2016-09-13,118.42,118.83,117.49,117.61,7957869,JNJ
2016-09-14,117.85,118.33,117.46,117.86,6124894,JNJ
2016-09-15,117.81,118.94,117.32,118.63,5814900,JNJ
2016-09-16,118.51,119.14,118.12,118.25,12408779,JNJ
2016-09-19,118.36,118.66,117.64,117.66,5457633,JNJ
2016-09-20,118.17,118.24,117.69,117.95,5187716,JNJ
2016-09-21,117.95,119.0,117.64,118.91,6337292,JNJ
2016-09-22,119.25,119.84,119.14,119.46,5340466,JNJ
2016-09-23,119.41,119.6,118.71,118.81,4772980,JNJ
2016-09-26,118.63,118.64,117.56,117.78,5998854,JNJ
2016-09-27,118.39,119.22,117.72,119.22,5349466,JNJ
2016-09-28,119.05,119.52,118.81,119.39,5076091,JNJ
2016-09-29,118.88,119.27,117.0434,117.27,6190185,JNJ
2016-09-30,117.78,118.619,117.39,118.13,7941065,JNJ
2016-10-03,118.0,119.01,117.43,118.81,6098589,JNJ
2016-10-04,118.84,119.48,118.28,118.82,5733934,JNJ
2016-10-05,119.22,119.44,118.595,119.18,5778691,JNJ
2016-10-06,118.5,118.85,117.92,118.75,4448450,JNJ
2016-10-07,119.17,119.565,118.69,119.24,4799292,JNJ
2016-10-10,119.51,120.1955,119.35,119.8,3657049,JNJ
2016-10-11,119.41,119.63,117.06,117.64,6394159,JNJ
2016-10-12,117.96,118.43,117.5,117.97,4686022,JNJ
2016-10-13,117.54,119.2,117.28,118.26,7387365,JNJ
2016-10-14,118.5,118.8,117.56,117.56,5640519,JNJ
2016-10-17,117.5,118.55,117.5,118.49,6956374,JNJ
2016-10-18,117.38,118.48,115.16,115.41,12598255,JNJ
2016-10-19,115.57,115.89,114.46,114.59,7400937,JNJ
2016-10-20,114.83,115.7,114.59,114.87,6973009,JNJ
2016-10-21,114.11,114.24,112.99,113.44,8422032,JNJ
2016-10-24,113.93,114.1897,113.44,113.61,6141858,JNJ
2016-10-25,113.64,114.16,113.093,113.96,5594989,JNJ
2016-10-26,113.64,115.22,113.6,114.56,6429241,JNJ
2016-10-27,114.98,116.55,114.79,115.7,7548667,JNJ
2016-10-28,115.82,115.91,114.57,115.33,8813324,JNJ
2016-10-31,115.28,116.23,114.5,115.99,8552528,JNJ
2016-11-01,114.76,115.94,114.63,115.34,7591930,JNJ
2016-11-02,115.52,115.76,114.83,114.86,6591318,JNJ
2016-11-03,114.88,115.4393,114.75,115.03,6227110,JNJ
2016-11-04,115.04,115.94,115.04,115.11,7160570,JNJ
2016-11-07,115.89,116.72,115.84,116.66,6398177,JNJ
2016-11-08,116.48,117.57,116.47,117.05,6675268,JNJ
2016-11-09,120.0,122.5,118.1,120.31,16219977,JNJ
2016-11-10,120.77,121.1,119.02,119.54,11905170,JNJ
2016-11-11,119.49,119.49,118.13,118.47,8134783,JNJ
2016-11-14,118.58,118.99,116.5,116.6,10054905,JNJ
2016-11-15,116.4,116.69,115.82,116.32,7446670,JNJ
2016-11-16,116.65,116.78,116.08,116.36,6594838,JNJ
2016-11-17,116.68,116.68,116.12,116.57,5730329,JNJ
2016-11-18,115.79,115.92,114.81,115.36,7717773,JNJ
2016-11-21,115.44,115.6799,114.8,115.0,5843313,JNJ
2016-11-22,114.59,115.0,112.27,112.74,11649748,JNJ
2016-11-23,112.25,113.43,111.56,113.07,8467037,JNJ
2016-11-25,113.6,114.23,113.38,114.13,3433340,JNJ
2016-11-28,113.79,114.12,113.05,113.13,9065730,JNJ
2016-11-29,112.95,113.41,112.165,112.48,7799649,JNJ
2016-11-30,112.19,112.52,111.3,111.3,11178468,JNJ
2016-12-01,111.36,111.5399,111.0,111.38,8143287,JNJ
2016-12-02,111.72,112.53,111.44,111.96,6167740,JNJ
2016-12-05,112.4,112.42,111.73,111.94,5451568,JNJ
2016-12-06,112.24,113.2,111.85,112.06,6530358,JNJ
2016-12-07,111.89,111.89,109.32,111.1,11761134,JNJ
2016-12-08,110.54,111.195,109.93,110.99,7774945,JNJ
2016-12-09,111.41,112.43,111.2,112.26,7672088,JNJ
2016-12-12,112.69,115.4,112.58,115.36,9544063,JNJ
2016-12-13,115.53,115.97,115.01,115.89,7051623,JNJ
2016-12-14,116.12,117.3,114.58,114.99,9378704,JNJ
2016-12-15,115.33,115.92,114.89,115.89,6738083,JNJ
2016-12-16,116.41,116.46,115.46,115.88,11291124,JNJ
2016-12-19,116.07,116.66,115.94,116.02,6310789,JNJ
2016-12-20,115.98,116.25,114.91,115.66,5715163,JNJ
2016-12-21,116.2,116.2,114.74,115.31,5907740,JNJ
2016-12-22,115.0,115.526,113.88,115.44,4602309,JNJ
2016-12-23,115.4,116.32,115.3,115.96,2993339,JNJ
2016-12-27,115.89,116.0,115.38,115.91,3232942,JNJ
2016-12-28,115.88,116.16,115.05,115.1,3278292,JNJ
2016-12-29,115.23,115.87,115.01,115.49,2993622,JNJ
2016-12-30,115.8,115.99,114.975,115.21,5506734,JNJ
2017-01-03,115.78,116.0,115.23,115.84,5953048,JNJ
2017-01-04,115.5,116.23,115.31,115.65,5828946,JNJ
2017-01-05,116.0,116.97,115.4401,116.86,6217214,JNJ
2017-01-06,116.67,117.0,115.76,116.3,5221381,JNJ
2017-01-09,116.35,116.61,115.89,116.28,5457539,JNJ
2017-01-10,116.03,117.0,115.87,116.16,5312812,JNJ
2017-01-11,116.08,116.25,114.02,114.73,8887197,JNJ
2017-01-12,114.27,114.73,113.37,114.62,6627250,JNJ
2017-01-13,114.94,115.02,114.44,114.6,4935188,JNJ
2017-01-17,113.94,115.05,113.67,114.87,6255447,JNJ
2017-01-18,114.94,115.1,114.41,114.7,5014570,JNJ
2017-01-19,114.68,114.9,113.92,114.2,5540831,JNJ
2017-01-20,114.49,115.03,114.08,114.15,7502425,JNJ
2017-01-23,114.51,114.77,113.8,113.91,7989760,JNJ
2017-01-24,112.91,113.3,111.15,111.76,12450307,JNJ
2017-01-25,111.93,112.8,110.76,112.8,9385502,JNJ
2017-01-26,112.0,112.84,111.6,111.84,10164341,JNJ
2017-01-27,112.0,113.5398,111.9,113.38,8885867,JNJ
2017-01-30,113.4,113.6,112.85,113.13,6969430,JNJ
2017-01-31,112.79,113.4,112.43,113.25,8713408,JNJ
2017-02-01,112.48,113.32,112.47,113.23,7082322,JNJ
2017-02-02,112.82,113.62,112.77,113.57,7826308,JNJ
2017-02-03,113.5,113.66,112.66,113.64,7267569,JNJ
2017-02-06,113.46,113.59,112.62,113.4,6178433,JNJ
2017-02-07,113.6,113.62,113.05,113.48,5507915,JNJ
2017-02-08,113.3,113.69,113.15,113.4,5271951,JNJ
2017-02-09,113.47,114.65,113.4,114.08,5854606,JNJ
2017-02-10,114.32,115.99,114.23,115.24,6438536,JNJ
2017-02-13,115.28,116.12,115.22,115.88,5710779,JNJ
2017-02-14,115.44,116.4,115.32,116.36,5539136,JNJ
2017-02-15,115.9,117.46,115.59,117.2,5979679,JNJ
2017-02-16,117.0,118.28,116.995,118.08,7119291,JNJ
2017-02-17,118.19,118.9,118.05,118.86,8691397,JNJ
2017-02-21,118.4,119.89,118.32,119.66,8595110,JNJ
2017-02-22,119.28,119.77,119.25,119.52,5103903,JNJ
2017-02-23,119.52,121.9,119.48,121.7,9980945,JNJ
2017-02-24,121.5,122.74,120.9,122.73,10834986,JNJ
2017-02-27,122.13,122.88,122.1033,122.4,5946157,JNJ
2017-02-28,122.01,122.65,121.94,122.21,8885513,JNJ
2017-03-01,122.49,124.45,122.42,123.86,9393869,JNJ
2017-03-02,123.75,124.36,123.02,123.63,6950220,JNJ
2017-03-03,123.41,123.93,123.23,123.79,5593811,JNJ
2017-03-06,123.01,124.4268,122.6,123.71,6670681,JNJ
2017-03-07,122.58,124.46,122.39,123.83,6643988,JNJ
2017-03-08,123.75,124.68,123.5,124.1,7909858,JNJ
2017-03-09,124.58,126.21,124.17,125.95,8571147,JNJ
2017-03-10,126.04,126.49,125.54,126.21,7395375,JNJ
2017-03-13,125.83,126.95,125.79,126.68,7162476,JNJ
2017-03-14,126.86,127.75,126.77,127.05,7679707,JNJ
2017-03-15,127.05,129.0,126.6,128.96,8360637,JNJ
2017-03-16,128.44,128.7,127.77,128.46,7610720,JNJ
2017-03-17,128.45,128.94,127.95,128.06,13300756,JNJ
2017-03-20,128.04,128.42,127.97,128.07,5827497,JNJ
2017-03-21,128.38,128.45,127.14,127.25,7578634,JNJ
2017-03-22,127.05,127.65,126.21,126.26,10272668,JNJ
2017-03-23,126.1,127.002,125.66,125.9,8508073,JNJ
2017-03-24,125.86,126.36,125.13,125.48,6490304,JNJ
2017-03-27,125.16,126.14,125.15,125.8,5004285,JNJ
2017-03-28,125.62,125.78,124.78,125.66,5287559,JNJ
2017-03-29,125.05,125.33,124.36,124.92,3971828,JNJ
2017-03-30,124.74,125.43,124.28,124.66,4711693,JNJ
2017-03-31,124.11,124.825,124.03,124.55,5657560,JNJ
2017-04-03,124.73,125.31,124.2829,124.69,4956532,JNJ
2017-04-04,124.51,124.765,124.22,124.68,5358474,JNJ
2017-04-05,124.72,125.6016,124.41,124.8,5646251,JNJ
2017-04-06,124.85,125.46,124.5,125.05,4324385,JNJ
2017-04-07,125.12,125.47,124.83,124.92,3615126,JNJ
2017-04-10,124.87,124.95,124.23,124.34,4594234,JNJ
2017-04-11,124.26,124.79,123.95,124.22,4161540,JNJ
2017-04-12,124.54,125.46,124.36,125.4,5556604,JNJ
2017-04-13,125.13,125.65,124.96,124.99,5396539,JNJ
2017-04-17,125.02,125.81,124.93,125.72,5367465,JNJ
2017-04-18,123.18,123.37,120.95,121.82,13485682,JNJ
2017-04-19,122.1,122.28,121.11,121.37,6993098,JNJ
2017-04-20,121.86,122.15,121.35,121.87,6330136,JNJ
2017-04-21,121.78,122.04,121.54,121.76,6021721,JNJ
2017-04-24,122.52,123.21,122.15,122.89,5679021,JNJ
2017-04-25,123.34,123.745,123.01,123.43,5089987,JNJ
2017-04-26,123.79,124.26,123.48,123.51,5021839,JNJ
2017-04-27,123.58,124.3057,123.4,123.74,4225165,JNJ
2017-04-28,123.85,123.9,123.13,123.47,4381766,JNJ
2017-05-01,123.4,123.775,123.0,123.34,4556360,JNJ
2017-05-02,123.52,123.74,122.89,123.7,4881641,JNJ
2017-05-03,123.59,123.7,123.04,123.33,3736531,JNJ
2017-05-04,123.69,123.95,123.23,123.95,3753201,JNJ
2017-05-05,123.8,123.8,122.86,123.51,4139755,JNJ
2017-05-08,123.53,123.8,123.02,123.25,3609058,JNJ
2017-05-09,123.23,123.47,122.88,123.21,3762488,JNJ
2017-05-10,122.91,123.055,122.38,122.81,4237412,JNJ
2017-05-11,122.5,123.21,122.34,123.2,4095893,JNJ
2017-05-12,123.11,124.1,123.01,123.64,4097060,JNJ
2017-05-15,124.41,127.36,124.33,126.99,9854621,JNJ
2017-05-16,127.34,128.37,127.06,127.77,7233801,JNJ
2017-05-17,126.6,127.89,126.45,126.67,6480802,JNJ
2017-05-18,126.46,127.87,125.96,126.97,6571254,JNJ
2017-05-19,127.03,127.39,126.44,127.0,6957196,JNJ
2017-05-22,126.63,127.65,126.63,127.26,4858199,JNJ
2017-05-23,127.31,128.15,127.31,127.52,3973025,JNJ
2017-05-24,127.79,128.0,127.29,127.51,3968185,JNJ
2017-05-25,126.74,127.62,126.33,127.53,5294263,JNJ
2017-05-26,127.23,127.67,126.83,126.92,4005234,JNJ
2017-05-30,126.7,127.3901,126.19,127.11,3665353,JNJ
2017-05-31,127.35,128.8,127.35,128.25,8813511,JNJ
2017-06-01,128.32,128.78,128.12,128.78,5790899,JNJ
2017-06-02,129.05,130.14,128.83,130.08,6562557,JNJ
2017-06-05,129.97,130.7,129.8,130.36,4634663,JNJ
2017-06-06,130.18,131.33,130.03,130.83,5619093,JNJ
2017-06-07,131.0,131.48,130.58,130.75,5765471,JNJ
2017-06-08,131.0,131.4,129.96,130.55,8101669,JNJ
2017-06-09,130.37,131.7,130.31,131.53,5993031,JNJ
2017-06-12,131.64,132.04,131.09,131.82,8020951,JNJ
2017-06-13,131.75,132.73,131.4,132.02,5733817,JNJ
2017-06-14,132.51,133.56,132.51,132.77,7329376,JNJ
2017-06-15,132.0,133.35,131.805,133.04,5264996,JNJ
2017-06-16,133.72,134.605,133.04,134.35,12639630,JNJ
2017-06-19,134.15,134.68,133.49,134.07,7488704,JNJ
2017-06-20,133.9,134.755,133.9,134.22,5201174,JNJ
2017-06-21,134.29,135.11,134.02,134.91,5841053,JNJ
2017-06-22,135.45,137.0,135.27,136.05,7311037,JNJ
2017-06-23,135.45,136.51,135.32,136.43,9007077,JNJ
2017-06-26,136.48,136.899,136.2,136.34,5561844,JNJ
2017-06-27,136.5,136.73,134.99,135.01,6120536,JNJ
2017-06-28,135.95,136.2,133.57,133.82,6557871,JNJ
2017-06-29,133.4,133.7276,132.31,132.64,5749952,JNJ
2017-06-30,132.7,133.2,132.28,132.29,5264416,JNJ
2017-07-03,132.79,133.32,132.65,132.9,2930998,JNJ
2017-07-05,132.98,134.06,132.42,133.64,4302669,JNJ
2017-07-06,133.61,133.97,132.405,132.52,4282244,JNJ
2017-07-07,132.91,133.0,131.69,132.54,4994080,JNJ
2017-07-10,132.74,132.87,131.23,131.55,4019587,JNJ
2017-07-11,131.43,131.79,130.48,131.23,3733072,JNJ
2017-07-12,132.04,132.89,131.77,132.23,5053248,JNJ
2017-07-13,132.1,132.22,130.99,131.86,4424422,JNJ
2017-07-14,132.0,133.0,131.74,132.6,4383133,JNJ
2017-07-17,132.71,132.93,131.75,132.15,4939384,JNJ
2017-07-18,131.62,134.95,131.0801,134.46,10255960,JNJ
2017-07-19,134.84,135.41,134.52,135.21,5503298,JNJ
2017-07-20,135.73,137.08,135.62,136.57,6088612,JNJ
2017-07-21,135.33,136.27,135.1,135.31,6773546,JNJ
2017-07-24,134.99,135.16,132.85,133.01,8306671,JNJ
2017-07-25,133.74,133.8499,131.45,131.88,6262907,JNJ
2017-07-26,131.66,132.24,130.75,130.95,5382182,JNJ
2017-07-27,130.85,131.15,129.5711,130.83,5838110,JNJ
2017-07-28,131.14,131.99,130.52,131.85,4970860,JNJ
2017-07-31,132.14,133.58,132.1,132.72,5440788,JNJ
2017-08-01,133.17,133.35,132.28,132.51,3837566,JNJ
2017-08-02,132.08,132.5,131.5,132.16,4032147,JNJ
2017-08-03,131.91,133.4,131.51,133.35,4327314,JNJ
2017-08-04,133.74,134.01,132.8,133.18,3192805,JNJ
2017-08-07,133.09,133.48,132.51,132.86,3010828,JNJ
2017-08-08,132.5,132.8,131.4,132.27,5535804,JNJ
2017-08-09,132.81,133.41,132.365,133.23,6332347,JNJ
2017-08-10,133.04,133.8501,132.37,133.09,5607853,JNJ
2017-08-11,133.64,134.49,132.75,133.1,4270571,JNJ
2017-08-14,134.2,134.37,132.87,133.48,3041064,JNJ
2017-08-15,133.85,133.94,133.195,133.38,3931763,JNJ
2017-08-16,134.08,134.97,133.86,134.17,4469937,JNJ
2017-08-17,134.18,134.74,133.0314,133.04,5741389,JNJ
2017-08-18,132.67,133.78,132.381,132.63,4792761,JNJ
2017-08-21,132.28,133.65,132.1875,133.45,4659993,JNJ
2017-08-22,131.57,132.45,131.3,132.21,3277861,JNJ
2017-08-23,134.43,134.49,132.65,132.8,5129938,JNJ
2017-08-24,132.82,133.08,132.27,132.89,5398432,JNJ
2017-08-25,131.91,132.56,131.62,131.68,4133347,JNJ
2017-08-28,131.68,132.12,131.49,131.74,5349181,JNJ
2017-08-29,131.57,132.45,131.3,132.21,3277875,JNJ
2017-08-30,132.0,132.0,130.9,131.07,5430781,JNJ
2017-08-31,131.39,132.5,131.25,132.37,7407143,JNJ
2017-09-01,132.6,132.65,130.935,131.03,3820814,JNJ
2017-09-05,130.72,131.18,129.72,129.9,5154935,JNJ
2017-09-06,130.54,131.0,130.21,130.67,5601903,JNJ
2017-09-07,130.86,132.52,130.25,132.19,3800234,JNJ
2017-09-08,132.0,132.34,130.87,130.98,4854414,JNJ
2017-09-11,131.37,133.34,131.02,133.21,5724233,JNJ
2017-09-12,133.83,133.88,131.93,132.63,5465190,JNJ
2017-09-13,132.67,133.7467,131.85,132.45,4679486,JNJ
2017-09-14,132.14,134.47,131.99,134.18,6274510,JNJ
2017-09-15,134.79,135.45,134.18,134.45,15522011,JNJ
2017-09-18,134.44,135.77,134.11,135.38,5261593,JNJ
2017-09-19,135.02,135.79,134.35,135.22,4903837,JNJ
2017-09-20,133.25,134.29,132.34,133.22,8705535,JNJ
2017-09-21,133.31,133.82,131.3775,131.75,6051811,JNJ
2017-09-22,131.99,132.39,131.2701,131.39,4334862,JNJ
2017-09-25,131.47,131.76,130.83,131.17,6017418,JNJ
2017-09-26,131.5,131.94,130.82,130.94,4516193,JNJ
2017-09-27,131.0,131.09,129.43,129.75,5796066,JNJ
2017-09-28,129.91,130.27,129.29,129.47,3992740,JNJ
2017-09-29,129.58,130.47,129.05,130.01,5736925,JNJ
2017-10-02,130.16,131.33,130.02,131.22,4492936,JNJ
2017-10-03,131.65,132.4,131.36,132.1,3900761,JNJ
2017-10-04,132.4,133.18,132.1,132.89,3589047,JNJ
2017-10-05,132.89,133.31,132.36,133.19,3741108,JNJ
2017-10-06,133.0,133.25,132.48,133.22,2469506,JNJ
2017-10-09,133.66,133.815,133.17,133.45,3751097,JNJ
2017-10-10,133.56,134.13,132.92,133.9,4184588,JNJ
2017-10-11,134.88,137.08,134.37,136.65,8269430,JNJ
2017-10-12,136.34,137.52,136.02,136.83,5172806,JNJ
2017-10-13,136.6,137.42,136.34,136.43,4106625,JNJ
2017-10-16,136.45,137.26,135.54,136.12,5120140,JNJ
2017-10-17,137.67,141.12,137.06,140.79,11717348,JNJ
2017-10-18,140.79,141.58,140.07,140.68,6827734,JNJ
2017-10-19,140.71,142.98,140.535,142.04,9181291,JNJ
2017-10-20,142.38,143.62,141.83,142.4,5634523,JNJ
2017-10-23,142.13,144.3523,142.081,143.62,6685964,JNJ
2017-10-24,143.38,143.38,140.93,141.64,6585767,JNJ
2017-10-25,141.16,143.23,140.9594,142.42,4856522,JNJ
2017-10-26,142.51,143.75,141.38,141.81,5841067,JNJ
2017-10-27,141.0,142.7,140.2,141.78,5140654,JNJ
2017-10-30,141.08,141.21,139.32,140.0,6034336,JNJ
2017-10-31,140.02,140.26,138.98,139.41,4832136,JNJ
2017-11-01,139.83,140.59,139.34,139.98,5006771,JNJ
2017-11-02,140.11,140.29,139.11,139.93,3494055,JNJ
2017-11-03,139.73,140.4,139.3,140.08,2736951,JNJ
2017-11-06,140.01,140.49,139.72,139.76,4220666,JNJ
2017-11-07,140.08,140.15,138.91,139.77,4201853,JNJ
2017-11-08,139.7,141.87,139.4601,141.32,4440729,JNJ
2017-11-09,140.86,141.41,139.8,140.35,3513501,JNJ
2017-11-10,140.13,140.13,138.61,139.56,4240786,JNJ
2017-11-13,139.01,140.02,138.42,139.76,4322275,JNJ
2017-11-14,139.57,140.2843,138.92,139.49,4078239,JNJ
2017-11-15,139.23,139.83,138.75,139.1,4811462,JNJ
2017-11-16,139.42,139.68,138.64,138.87,4193806,JNJ
2017-11-17,138.3,138.86,137.89,138.0,4247381,JNJ
2017-11-20,138.15,138.56,137.74,137.93,4266264,JNJ
2017-11-21,138.45,139.26,138.19,138.34,5660581,JNJ
2017-11-22,138.3,138.38,136.6,137.29,3917467,JNJ
2017-11-24,137.5,138.38,137.31,138.01,2606832,JNJ
2017-11-27,137.51,138.31,137.48,138.1,3933071,JNJ
2017-11-28,138.3,140.53,138.2517,140.02,5052825,JNJ
2017-11-29,140.22,140.63,138.95,139.81,5851449,JNJ
2017-11-30,140.06,140.28,138.48,139.33,8941892,JNJ
2017-12-01,139.57,140.53,138.6,139.98,5990487,JNJ
2017-12-04,140.62,141.5,138.93,139.01,5916688,JNJ
2017-12-05,139.88,140.81,139.2,139.67,6745335,JNJ
2017-12-06,140.25,141.96,140.19,141.06,5591702,JNJ
2017-12-07,141.0,141.499,139.26,140.01,4713177,JNJ
2017-12-08,140.0,140.76,139.8,140.59,5101341,JNJ
2017-12-11,140.1,141.17,139.83,141.14,4358620,JNJ
2017-12-12,142.06,143.57,142.04,142.6,8016720,JNJ
2017-12-13,142.5,143.43,142.21,142.89,6118375,JNJ
2017-12-14,143.6,143.62,141.61,141.65,5337934,JNJ
2017-12-15,142.73,143.14,141.78,142.46,12516980,JNJ
2017-12-18,142.43,143.8,141.401,141.8,5833232,JNJ
2017-12-19,141.72,142.38,141.36,141.78,6580136,JNJ
2017-12-20,142.29,142.58,141.08,141.16,6289782,JNJ
2017-12-21,141.76,142.17,141.02,141.06,6284711,JNJ
2017-12-22,140.9,141.35,140.04,140.12,4665587,JNJ
2017-12-26,140.46,140.54,139.68,140.09,3271087,JNJ
2017-12-27,140.42,141.15,140.2,140.57,3753629,JNJ
2017-12-28,140.7,141.0,140.33,140.56,2484959,JNJ
2017-12-29,140.98,141.2074,139.58,139.72,4452924,JNJ
2018-01-02,139.66,139.95,138.72,139.23,6842124,JNJ
2018-01-03,139.36,140.68,138.9,140.56,5350496,JNJ
2018-01-04,140.45,141.14,140.22,140.55,4837642,JNJ
2018-01-05,140.69,141.82,140.281,141.71,6158754,JNJ
2018-01-08,141.7,142.0,140.92,141.89,5129798,JNJ
2018-01-09,142.37,145.68,142.26,144.14,8897002,JNJ
2018-01-10,143.55,144.155,143.32,143.97,6558622,JNJ
2018-01-11,144.13,144.9,143.69,144.79,4962160,JNJ
2018-01-12,144.99,146.42,144.9,145.76,5450570,JNJ
2018-01-16,146.42,148.06,146.03,146.86,8804005,JNJ
2018-01-17,147.84,148.32,145.48,146.98,10619654,JNJ
2018-01-18,146.93,147.44,145.97,146.92,5554815,JNJ
2018-01-19,147.46,147.65,146.42,147.36,8738791,JNJ
2018-01-22,147.01,148.14,146.72,148.14,7010438,JNJ
2018-01-23,146.96,147.44,141.62,141.83,17473631,JNJ
2018-01-24,143.5,143.56,141.8,142.07,13034368,JNJ
2018-01-25,142.31,144.66,142.2105,144.4,7938846,JNJ
2018-01-26,144.5,145.6,144.13,145.33,8065646,JNJ
2018-01-29,144.85,144.94,143.53,143.68,8013444,JNJ
2018-01-30,143.4,143.82,142.43,142.43,8376092,JNJ
2018-01-31,142.57,142.57,138.1,138.19,13137396,JNJ
2018-02-01,137.53,140.67,137.0,140.02,9393645,JNJ
2018-02-02,139.02,140.36,137.38,137.68,9262508,JNJ
2018-02-05,136.58,137.0,122.15,130.39,19954145,JNJ
2018-02-06,130.01,132.99,128.0,131.83,19193520,JNJ
2018-02-07,131.89,133.43,131.35,131.42,10550411,JNJ
2013-02-08,48.33,48.69,48.26,48.63,15217458,JPM
2013-02-11,48.51,48.9,48.38,48.66,13934328,JPM
2013-02-12,48.8,49.31,48.6,49.14,16387566,JPM
2013-02-13,49.35,49.45,48.5,48.68,21635732,JPM
2013-02-14,48.4,49.2899,48.37,49.22,18017634,JPM
2013-02-15,49.35,49.46,48.57,48.88,20015681,JPM
2013-02-19,49.12,49.68,49.12,49.45,20445200,JPM
2013-02-20,49.35,49.54,48.36,48.61,24787660,JPM
2013-02-21,48.41,48.45,47.83,48.25,24436578,JPM
2013-02-22,48.63,48.91,48.41,48.91,23583917,JPM
2013-02-25,49.1,49.2,47.65,47.7,32749013,JPM
2013-02-26,48.22,48.26,46.85,47.6,39401309,JPM
2013-02-27,47.85,49.4,47.76,49.28,31923413,JPM
2013-02-28,49.16,49.55,48.75,48.92,24697669,JPM
2013-03-01,48.6,49.42,48.37,48.91,25923412,JPM
2013-03-04,48.73,49.14,48.33,49.1,17695571,JPM
2013-03-05,49.49,50.11,49.31,49.49,25539235,JPM
2013-03-06,49.88,50.19,49.62,50.03,19608589,JPM
2013-03-07,50.05,50.86,50.01,50.63,24214447,JPM
2013-03-08,50.59,50.85,49.61,50.2,32723854,JPM
2013-03-11,50.23,50.77,49.91,50.48,19469357,JPM
2013-03-12,50.35,50.67,50.05,50.28,18001598,JPM
2013-03-13,50.2901,50.43,50.11,50.16,16679960,JPM
2013-03-14,50.25,51.0,50.19,51.0,26328301,JPM
2013-03-15,49.97,50.29,49.15,50.02,60891100,JPM
2013-03-18,49.19,49.66,48.95,49.51,28002016,JPM
2013-03-19,49.65,49.99,48.68,49.2,24365996,JPM
2013-03-20,49.57,49.64,49.04,49.12,19333424,JPM
2013-03-21,48.79,49.23,48.35,48.35,23479208,JPM
2013-03-22,48.63,49.0,48.34,48.78,22738979,JPM
2013-03-25,49.04,49.32,48.16,48.52,23580860,JPM
2013-03-26,48.74,48.97,48.32,48.64,16418285,JPM
2013-03-27,48.2,48.31,47.56,47.77,26530291,JPM
2013-03-28,47.84,47.93,47.28,47.46,27491254,JPM
2013-04-01,47.55,47.99,47.49,47.83,17446998,JPM
2013-04-02,48.01,48.38,47.875,48.28,17272638,JPM
2013-04-03,48.03,48.07,46.53,46.85,33470086,JPM
2013-04-04,46.96,47.5399,46.9,47.49,21514716,JPM
2013-04-05,46.79,48.04,46.75,47.91,22962528,JPM
2013-04-08,47.88,48.59,47.59,48.58,18671974,JPM
2013-04-09,48.74,48.9612,48.46,48.68,19970531,JPM
2013-04-10,48.94,49.56,48.88,49.25,20388781,JPM
2013-04-11,49.21,49.6,48.83,49.31,22553382,JPM
2013-04-12,48.9,49.58,48.45,49.01,37804769,JPM
2013-04-15,48.39,49.34,47.9,47.93,31473365,JPM
2013-04-16,48.43,48.52,47.59,48.49,23865338,JPM
2013-04-17,48.11,48.18,46.38,46.79,43466672,JPM
2013-04-18,46.8,47.33,46.05,46.64,26100405,JPM
2013-04-19,47.15,47.364,46.7,47.23,19735156,JPM
2013-04-22,47.4,47.49,46.87,47.35,15196130,JPM
2013-04-23,47.68,48.24,47.39,48.17,20494332,JPM
2013-04-24,48.32,48.92,48.16,48.72,16459285,JPM
2013-04-25,49.02,49.63,48.8899,49.0,19058652,JPM
2013-04-26,48.86,49.09,48.61,48.88,13928463,JPM
2013-04-29,49.08,49.1,48.65,48.92,13497061,JPM
2013-04-30,48.96,49.25,48.72,49.01,13783014,JPM
2013-05-01,48.76,48.91,47.85,48.01,17671011,JPM
2013-05-02,48.25,48.25,47.71,48.08,15528270,JPM
2013-05-03,48.63,48.7,46.98,47.57,43189814,JPM
2013-05-06,47.71,48.39,47.57,48.18,20828324,JPM
2013-05-07,48.57,49.39,48.26,49.14,24278832,JPM
2013-05-08,49.22,49.99,49.11,49.76,23537050,JPM
2013-05-09,49.7,49.81,48.92,49.04,18103044,JPM
2013-05-10,49.05,49.23,48.64,48.96,16198406,JPM
2013-05-13,48.84,49.7,48.61,49.67,23978264,JPM
2013-05-14,49.77,50.42,49.66,50.23,24142293,JPM
2013-05-15,50.2,51.43,50.15,51.09,27466618,JPM
2013-05-16,50.87,51.66,50.84,50.97,21389719,JPM
2013-05-17,51.26,52.33,51.25,52.3,26085533,JPM
2013-05-20,52.28,52.63,51.91,52.29,22007139,JPM
2013-05-21,52.53,53.67,52.45,53.02,37117109,JPM
2013-05-22,53.43,54.96,53.29,53.63,46951089,JPM
2013-05-23,52.82,53.789,52.66,53.35,25297169,JPM
2013-05-24,52.9,53.66,52.72,53.66,18342221,JPM
2013-05-28,54.56,54.6486,54.025,54.6,27164167,JPM
2013-05-29,54.09,54.96,53.91,54.67,20482608,JPM
2013-05-30,54.6,55.9,54.53,55.62,24872254,JPM
2013-05-31,55.71,55.83,54.59,54.59,24974322,JPM
2013-06-03,54.6,54.86,53.035,54.49,28280137,JPM
2013-06-04,54.54,55.39,53.87,54.04,22021973,JPM
2013-06-05,53.78,54.27,52.7,53.03,24325924,JPM
2013-06-06,52.84,53.52,52.27,53.5,23940236,JPM
2013-06-07,53.77,54.48,53.41,54.27,21691275,JPM
2013-06-10,54.64,54.84,54.02,54.36,16007507,JPM
2013-06-11,53.46,54.05,53.11,53.49,17600719,JPM
2013-06-12,53.9,54.1,52.9649,53.18,18476181,JPM
2013-06-13,53.0,54.24,52.97,54.17,17087841,JPM
2013-06-14,54.04,54.13,52.91,53.13,17183052,JPM
2013-06-17,53.7,54.255,53.54,53.85,16855353,JPM
2013-06-18,54.03,54.27,53.72,54.11,13253408,JPM
2013-06-19,53.99,54.51,53.52,53.55,20838070,JPM
2013-06-20,53.08,53.18,52.27,52.48,31862273,JPM
2013-06-21,52.96,52.98,51.69,51.96,44414895,JPM
2013-06-24,50.88,51.45,50.11,50.92,30555014,JPM
2013-06-25,51.51,52.5645,51.51,52.08,20899419,JPM
2013-06-26,52.65,52.8,51.878,52.5,19331616,JPM
2013-06-27,53.03,53.49,52.88,53.15,17094217,JPM
2013-06-28,53.12,53.13,52.58,52.79,18262487,JPM
2013-07-01,53.22,53.63,52.43,52.49,23513028,JPM
2013-07-02,52.57,53.53,52.12,52.8,23939764,JPM
2013-07-03,52.31,52.81,52.21,52.77,10443381,JPM
2013-07-05,53.36,54.0,53.11,53.99,17070738,JPM
2013-07-08,54.54,54.91,54.05,54.7,21787090,JPM
2013-07-09,55.07,55.17,54.19,54.89,20510215,JPM
2013-07-10,54.77,55.15,54.44,54.83,16931388,JPM
2013-07-11,55.84,55.87,54.55,55.14,21295126,JPM
2013-07-12,55.51,55.85,54.75,54.97,32526194,JPM
2013-07-15,55.49,55.5,54.6,54.89,28296290,JPM
2013-07-16,54.9,55.41,54.78,55.01,19224290,JPM
2013-07-17,55.05,55.58,54.84,55.27,19166250,JPM
2013-07-18,55.51,56.53,55.49,56.37,24562658,JPM
2013-07-19,56.51,56.555,55.91,56.16,17760823,JPM
2013-07-22,56.17,56.67,55.95,56.56,16001777,JPM
2013-07-23,56.72,56.89,56.475,56.67,10577746,JPM
2013-07-24,56.92,56.93,56.38,56.63,16664911,JPM
2013-07-25,56.45,56.5,55.89,56.5,13860446,JPM
2013-07-26,56.06,56.22,55.6,56.05,16765035,JPM
2013-07-29,55.98,56.0,55.38,55.69,10053378,JPM
2013-07-30,55.87,55.995,55.08,55.33,14208297,JPM
2013-07-31,55.58,56.27,55.51,55.73,19405043,JPM
2013-08-01,56.36,56.78,56.2,56.54,15978711,JPM
2013-08-02,56.27,56.52,56.01,56.49,10932289,JPM
2013-08-05,56.33,56.58,56.01,56.1,9376068,JPM
2013-08-06,55.99,56.1,55.31,55.49,10588567,JPM
2013-08-07,55.06,55.47,54.78,55.3,12802323,JPM
2013-08-08,55.42,55.73,54.125,54.83,18587125,JPM
2013-08-09,54.69,55.15,54.33,54.52,12652461,JPM
2013-08-12,54.04,54.32,53.68,54.09,15132988,JPM
2013-08-13,54.22,54.7,53.6,54.29,15080341,JPM
2013-08-14,54.33,54.8499,54.0,54.15,15788255,JPM
2013-08-15,53.52,53.68,52.89,53.29,16923071,JPM
2013-08-16,53.07,53.78,53.07,53.29,17138998,JPM
2013-08-19,52.89,52.95,51.8,51.83,22763937,JPM
2013-08-20,51.78,52.36,50.66,52.12,18701173,JPM
2013-08-21,51.92,52.215,51.28,51.63,17136315,JPM
2013-08-22,52.0,52.66,51.93,52.21,14658548,JPM
2013-08-23,52.27,52.425,51.9,52.32,11126413,JPM
2013-08-26,52.16,52.54,51.79,51.8,16519101,JPM
2013-08-27,51.02,51.55,50.55,50.6,23579826,JPM
2013-08-28,50.33,51.05,50.13,50.58,18749023,JPM
2013-08-29,50.59,51.18,50.45,50.7,13576095,JPM
2013-08-30,50.82,50.83,50.29,50.53,15863245,JPM
2013-09-03,51.25,51.72,50.83,51.13,15277678,JPM
2013-09-04,51.16,52.1,50.93,51.87,19923717,JPM
2013-09-05,52.03,52.52,51.91,52.11,13913236,JPM
2013-09-06,52.41,52.71,51.28,52.56,22340074,JPM
2013-09-09,52.78,53.19,52.52,52.86,19933888,JPM
2013-09-10,53.83,53.93,53.3,53.67,20233431,JPM
2013-09-11,53.37,53.76,53.06,53.26,16029108,JPM
2013-09-12,53.43,53.71,52.08,52.24,21978426,JPM
2013-09-13,52.29,52.8,52.23,52.59,11942863,JPM
2013-09-16,53.45,53.49,52.975,53.14,17124952,JPM
2013-09-17,53.19,53.32,52.875,53.09,13115991,JPM
2013-09-18,52.69,53.87,52.56,53.41,20869912,JPM
2013-09-19,53.63,53.75,52.53,52.75,22447998,JPM
2013-09-20,52.95,53.47,52.8,52.8,30777400,JPM
2013-09-23,52.08,52.38,51.39,51.46,28175999,JPM
2013-09-24,51.01,51.275,50.3,50.32,34654351,JPM
2013-09-25,50.22,51.9,50.06,51.7,39165910,JPM
2013-09-26,51.93,52.56,51.54,51.89,22299201,JPM
2013-09-27,51.5,52.4,51.39,52.24,23004144,JPM
2013-09-30,51.73,52.09,51.44,51.69,21300299,JPM
2013-10-01,51.64,52.09,51.45,51.96,19184301,JPM
2013-10-02,51.32,52.45,51.29,52.09,23841185,JPM
2013-10-03,52.0,52.2,51.5,51.94,18613060,JPM
2013-10-04,52.07,52.68,52.01,52.67,17387837,JPM
2013-10-07,52.29,52.36,51.83,51.83,16154446,JPM
2013-10-08,51.83,51.96,50.84,50.87,19550961,JPM
2013-10-09,51.17,51.34,50.25,50.75,24700280,JPM
2013-10-10,51.84,52.56,51.38,52.52,24311344,JPM
2013-10-11,52.96,53.35,52.16,52.51,32491160,JPM
2013-10-14,51.94,52.84,51.76,52.71,18875642,JPM
2013-10-15,52.91,53.04,52.18,52.31,17514035,JPM
2013-10-16,52.61,54.05,52.58,54.0,24781640,JPM
2013-10-17,53.79,54.29,53.61,54.21,17780839,JPM
2013-10-18,54.26,54.58,53.8,54.3,24800353,JPM
2013-10-21,54.27,54.85,53.89,54.27,19431203,JPM
2013-10-22,54.65,54.68,53.62,53.62,24772965,JPM
2013-10-23,53.31,53.36,52.72,52.75,21008933,JPM
2013-10-24,52.84,52.89,52.11,52.48,17743618,JPM
2013-10-25,52.16,52.91,52.07,52.77,20875470,JPM
2013-10-28,52.89,53.09,52.5,52.68,14778513,JPM
2013-10-29,52.83,52.99,52.25,52.73,23348856,JPM
2013-10-30,53.0,53.24,52.5,52.6,16125541,JPM
2013-10-31,52.65,52.71,51.54,51.54,23685276,JPM
2013-11-01,51.45,52.705,51.3,52.51,25794975,JPM
2013-11-04,52.74,52.76,51.9965,52.04,18891494,JPM
2013-11-05,51.85,52.13,51.66,51.95,14530654,JPM
2013-11-06,52.26,52.34,51.83,52.1,14009987,JPM
2013-11-07,52.13,52.34,51.58,51.65,17334532,JPM
2013-11-08,51.83,53.97,51.8,53.96,31183309,JPM
2013-11-11,53.91,54.15,53.7,54.1,12064635,JPM
2013-11-12,53.93,54.08,53.6,53.97,15964269,JPM
2013-11-13,53.52,54.2,53.15,54.14,22094899,JPM
2013-11-14,54.26,54.5,53.7,54.4,17617552,JPM
2013-11-15,54.27,54.96,54.19,54.87,20530108,JPM
2013-11-18,55.49,56.0,55.3,55.74,22318779,JPM
2013-11-19,55.97,56.64,55.78,56.15,22979874,JPM
2013-11-20,56.43,56.44,55.77,56.1,17688310,JPM
2013-11-21,56.28,57.4,56.28,57.22,22843587,JPM
2013-11-22,57.25,57.52,57.06,57.46,16734060,JPM
2013-11-25,57.5,58.14,57.41,57.65,18649810,JPM
2013-11-26,57.63,57.96,57.17,57.17,16267215,JPM
2013-11-27,57.58,57.83,57.33,57.48,11238931,JPM
2013-11-29,57.58,57.85,57.2,57.22,7128768,JPM
2013-12-02,57.1,57.75,56.9,56.98,12465770,JPM
2013-12-03,56.89,57.22,56.14,56.86,20435785,JPM
2013-12-04,56.44,57.47,56.21,57.19,20287248,JPM
2013-12-05,56.71,56.737,55.75,55.82,21329688,JPM
2013-12-06,56.57,56.76,55.62,56.06,18661169,JPM
2013-12-09,56.28,56.53,56.09,56.51,12713970,JPM
2013-12-10,56.49,57.07,56.35,56.7,14543743,JPM
2013-12-11,56.54,56.77,55.96,56.07,17836095,JPM
2013-12-12,56.05,56.6,55.913,56.31,15325286,JPM
2013-12-13,56.37,56.56,56.035,56.17,11465731,JPM
2013-12-16,56.34,56.9395,56.33,56.42,26379183,JPM
2013-12-17,56.66,56.66,55.66,55.72,18338501,JPM
2013-12-18,55.84,57.27,55.4,57.24,27691408,JPM
2013-12-19,57.1,57.54,56.82,57.23,16764459,JPM
2013-12-20,57.21,58.0,57.2,57.7,22001671,JPM
2013-12-23,57.97,58.39,57.8,58.24,13990627,JPM
2013-12-24,58.07,58.29,58.04,58.25,4532643,JPM
2013-12-26,58.35,58.46,57.92,58.2,6677090,JPM
2013-12-27,58.17,58.35,58.06,58.14,8944562,JPM
2013-12-30,58.14,58.2651,57.71,57.95,8815823,JPM
2013-12-31,58.2,58.55,58.05,58.48,11021128,JPM
2014-01-02,58.31,58.5,57.9745,58.21,15637267,JPM
2014-01-03,58.29,58.95,58.21,58.66,14220320,JPM
2014-01-06,59.16,59.465,58.83,59.0,17562447,JPM
2014-01-07,59.29,59.43,58.11,58.32,17869722,JPM
2014-01-08,58.54,58.91,58.3,58.87,14694818,JPM
2014-01-09,58.98,59.0,58.33,58.76,13248583,JPM
2014-01-10,58.67,58.76,58.175,58.49,12704391,JPM
2014-01-13,58.51,58.67,57.53,57.7,20773435,JPM
2014-01-14,58.3,58.58,57.56,57.74,30318950,JPM
2014-01-15,57.73,59.65,57.73,59.49,35223534,JPM
2014-01-16,58.79,59.82,58.74,58.99,21691909,JPM
2014-01-17,59.21,59.23,58.03,58.11,21064942,JPM
2014-01-21,58.09,58.44,57.58,58.17,19559288,JPM
2014-01-22,58.33,58.33,57.42,57.59,15484711,JPM
2014-01-23,57.09,57.1,56.21,56.47,26243452,JPM
2014-01-24,56.0,56.36,55.09,55.09,27111279,JPM
2014-01-27,55.08,55.795,54.692,55.09,23944206,JPM
2014-01-28,55.39,56.3367,55.24,55.74,18061718,JPM
2014-01-29,54.96,55.87,54.85,55.53,25471398,JPM
2014-01-30,56.07,56.39,55.63,56.0,17060108,JPM
2014-01-31,55.5,56.11,55.18,55.36,18201808,JPM
2014-02-03,55.5,55.92,54.2,54.31,28572189,JPM
2014-02-04,54.72,55.35,54.6,54.95,20775934,JPM
2014-02-05,55.1,55.45,54.58,55.21,19499578,JPM
2014-02-06,55.35,56.55,55.2,56.48,20921199,JPM
2014-02-07,56.65,56.93,56.255,56.62,25065229,JPM
2014-02-10,56.77,56.92,56.39,56.74,14727327,JPM
2014-02-11,56.61,57.57,56.58,57.43,18817088,JPM
2014-02-12,57.34,57.71,57.16,57.52,13447621,JPM
2014-02-13,57.07,58.1,56.96,58.03,16607191,JPM
2014-02-14,57.89,58.23,57.75,58.15,13186804,JPM
2014-02-18,58.02,58.65,57.9,58.49,14992626,JPM
2014-02-19,58.36,58.54,57.22,57.26,18687923,JPM
2014-02-20,57.53,57.971,57.2699,57.58,12463670,JPM
2014-02-21,57.59,57.84,57.37,57.61,16790791,JPM
2014-02-24,57.62,58.23,57.575,58.03,16211245,JPM
2014-02-25,57.9,57.98,56.92,57.03,17996128,JPM
2014-02-26,57.37,57.38,56.223,56.75,23674645,JPM
2014-02-27,56.78,56.89,56.14,56.69,16285365,JPM
2014-02-28,56.57,57.45,56.39,56.82,18599829,JPM
2014-03-03,56.3,56.42,55.69,56.21,19150953,JPM
2014-03-04,56.95,57.36,56.64,57.26,17174334,JPM
2014-03-05,57.48,58.29,57.36,58.16,17762232,JPM
2014-03-06,58.51,59.0854,58.4,58.9,19430068,JPM
2014-03-07,59.35,59.8,59.07,59.4,18615141,JPM
2014-03-10,59.14,59.48,58.865,59.2,16965386,JPM
2014-03-11,59.42,59.45,58.13,58.19,19436589,JPM
2014-03-12,57.7,57.96,57.42,57.92,17937197,JPM
2014-03-13,58.0,58.34,57.19,57.42,17192490,JPM
2014-03-14,57.11,57.53,56.62,56.8,18635842,JPM
2014-03-17,57.21,57.7,57.05,57.58,13589185,JPM
2014-03-18,57.82,58.16,57.62,58.06,12554754,JPM
2014-03-19,57.99,58.93,57.89,58.3,21450652,JPM
2014-03-20,58.36,60.49,58.13,60.11,33736470,JPM
2014-03-21,60.96,61.2,60.0,60.17,35151970,JPM
2014-03-24,60.37,61.19,60.35,61.07,25810459,JPM
2014-03-25,61.11,61.48,60.56,60.93,24053467,JPM
2014-03-26,61.24,61.4,59.89,59.9,22745202,JPM
2014-03-27,59.94,60.55,59.02,59.92,24632614,JPM
2014-03-28,60.21,60.59,59.68,60.04,14708741,JPM
2014-03-31,60.83,61.015,60.6,60.71,15216691,JPM
2014-04-01,60.95,61.29,60.37,60.67,14586580,JPM
2014-04-02,60.37,60.77,60.2,60.48,14010233,JPM
2014-04-03,60.65,60.8,60.28,60.66,11925208,JPM
2014-04-04,61.02,61.06,59.8,59.81,16966909,JPM
2014-04-07,59.69,60.0,58.84,59.0,18685680,JPM
2014-04-08,58.8,59.02,58.25,58.85,16956476,JPM
2014-04-09,59.1,59.45,58.495,59.27,15308441,JPM
2014-04-10,59.35,59.39,57.38,57.4,29977179,JPM
2014-04-11,55.18,56.05,54.55,55.3,47248387,JPM
2014-04-14,55.85,55.94,54.48,54.96,31081491,JPM
2014-04-15,55.09,55.64,54.35,54.8,26693846,JPM
2014-04-16,55.0,55.35,54.69,55.26,27050795,JPM
2014-04-17,55.34,55.57,55.013,55.22,17955801,JPM
2014-04-21,55.26,55.41,54.99,55.03,12384757,JPM
2014-04-22,55.04,56.08,54.94,55.81,16265271,JPM
2014-04-23,55.8,56.12,55.5607,56.05,11381029,JPM
2014-04-24,56.07,56.26,55.61,56.19,15368188,JPM
2014-04-25,56.31,56.35,55.64,55.7,15939621,JPM
2014-04-28,55.63,55.7,54.68,55.49,21394062,JPM
2014-04-29,55.73,56.305,55.57,56.1,13453407,JPM
2014-04-30,56.24,56.35,55.72,55.98,14388102,JPM
2014-05-01,55.92,56.19,55.5,55.72,12744643,JPM
2014-05-02,55.83,56.37,55.44,55.58,15153795,JPM
2014-05-05,53.88,54.74,53.7,54.22,25237392,JPM
2014-05-06,54.04,54.06,53.32,53.34,25327415,JPM
2014-05-07,53.55,54.12,53.24,54.05,18503048,JPM
2014-05-08,54.2,54.53,54.055,54.36,16091486,JPM
2014-05-09,54.22,54.307,53.675,54.01,12366481,JPM
2014-05-12,54.27,54.7,54.03,54.65,12825906,JPM
2014-05-13,54.74,54.83,54.5,54.62,12310881,JPM
2014-05-14,54.64,54.7,54.3,54.36,10334933,JPM
2014-05-15,54.2,54.2,53.35,53.51,19763012,JPM
2014-05-16,53.42,53.51,52.97,53.31,19993160,JPM
2014-05-19,53.08,53.91,53.06,53.83,12068854,JPM
2014-05-20,53.72,54.04,53.41,53.72,16888227,JPM
2014-05-21,54.05,54.6,53.98,54.12,13210922,JPM
2014-05-22,54.17,54.6,54.02,54.55,11801568,JPM
2014-05-23,54.55,54.585,54.16,54.53,10878697,JPM
2014-05-27,54.75,55.4256,54.69,55.14,14503732,JPM
2014-05-28,55.09,55.6,55.0,55.45,11374958,JPM
2014-05-29,55.75,55.92,55.39,55.72,11741707,JPM
2014-05-30,55.58,55.88,55.31,55.57,11991312,JPM
2014-06-02,55.65,55.65,55.02,55.35,9440042,JPM
2014-06-03,55.09,55.66,55.09,55.6,9132297,JPM
2014-06-04,55.52,55.725,55.25,55.68,9728053,JPM
2014-06-05,55.91,56.66,55.49,56.63,16804644,JPM
2014-06-06,56.76,57.13,56.65,56.97,15399844,JPM
2014-06-09,56.91,57.665,56.9,57.42,12000038,JPM
2014-06-10,57.47,57.94,57.39,57.9,11609169,JPM
2014-06-11,57.48,57.79,56.975,57.27,14232171,JPM
2014-06-12,57.07,57.42,56.87,57.04,11677911,JPM
2014-06-13,57.03,57.67,56.88,57.04,12044435,JPM
2014-06-16,56.85,56.95,56.33,56.87,11199075,JPM
2014-06-17,56.79,57.59,56.68,57.42,11200522,JPM
2014-06-18,57.29,57.81,56.95,57.78,13737143,JPM
2014-06-19,57.69,57.69,57.21,57.3,11624383,JPM
2014-06-20,57.69,57.77,57.35,57.55,17126425,JPM
2014-06-23,57.54,58.22,57.24,58.19,16009479,JPM
2014-06-24,57.88,58.12,57.3,57.42,12323320,JPM
2014-06-25,57.22,57.74,56.87,57.53,14843900,JPM
2014-06-26,57.34,57.49,56.6,57.39,11854621,JPM
2014-06-27,57.33,57.7,57.24,57.53,10178566,JPM
2014-06-30,57.44,57.78,57.38,57.62,11549859,JPM
2014-07-01,57.15,57.99,57.08,57.57,14472160,JPM
2014-07-02,57.27,57.475,56.82,56.97,19199260,JPM
2014-07-03,57.23,57.65,57.0,57.05,12599842,JPM
2014-07-07,56.89,56.99,56.401,56.67,13918743,JPM
2014-07-08,56.35,56.47,55.63,55.76,18345729,JPM
2014-07-09,55.88,56.12,55.61,56.02,10914251,JPM
2014-07-10,55.06,55.81,54.96,55.56,12436589,JPM
2014-07-11,55.29,55.905,55.19,55.8,10236860,JPM
2014-07-14,56.53,56.84,56.2,56.29,14011991,JPM
2014-07-15,57.95,58.69,57.76,58.27,36219126,JPM
2014-07-16,58.51,58.98,58.31,58.71,20515604,JPM
2014-07-17,58.56,58.86,57.76,57.86,17015955,JPM
2014-07-18,58.33,58.48,57.9,58.23,12803917,JPM
2014-07-21,58.12,58.41,57.9,58.24,9148506,JPM
2014-07-22,58.42,58.8,58.37,58.67,10376795,JPM
2014-07-23,58.76,59.19,58.52,59.0,11122085,JPM
2014-07-24,59.07,59.35,58.99,59.17,9844323,JPM
2014-07-25,58.92,59.27,58.84,59.01,10500572,JPM
2014-07-28,58.94,59.26,58.67,59.19,12383894,JPM
2014-07-29,59.13,59.13,58.441,58.64,13498827,JPM
2014-07-30,59.02,59.28,58.61,58.91,11821992,JPM
2014-07-31,58.65,58.68,57.66,57.67,15958788,JPM
2014-08-01,57.39,57.49,55.97,56.48,23916665,JPM
2014-08-04,56.91,56.98,56.34,56.65,13547228,JPM
2014-08-05,56.43,56.6,55.6,56.06,16863698,JPM
2014-08-06,55.89,56.69,55.83,56.23,12192567,JPM
2014-08-07,56.63,56.69,55.68,55.91,11743838,JPM
2014-08-08,55.89,56.36,55.64,56.34,12213225,JPM
2014-08-11,56.54,56.58,56.17,56.32,9066796,JPM
2014-08-12,56.23,56.55,56.13,56.35,11290657,JPM
2014-08-13,56.69,56.84,56.5065,56.72,7012613,JPM
2014-08-14,56.77,57.0,56.7,56.98,8275920,JPM
2014-08-15,57.24,57.5,56.39,56.75,12727664,JPM
2014-08-18,56.86,57.43,56.76,57.23,8881423,JPM
2014-08-19,57.6,57.72,57.34,57.56,9040484,JPM
2014-08-20,57.42,57.85,57.39,57.64,8121363,JPM
2014-08-21,57.66,58.77,57.6,58.5,12745499,JPM
2014-08-22,58.44,59.08,58.33,58.49,10228569,JPM
2014-08-25,58.98,59.83,58.86,59.34,13996764,JPM
2014-08-26,59.57,59.95,59.385,59.74,10281087,JPM
2014-08-27,59.85,59.95,59.53,59.59,11410860,JPM
2014-08-28,59.25,59.37,58.81,59.16,9096101,JPM
2014-08-29,59.34,59.65,59.23,59.45,8903530,JPM
2014-09-02,59.46,59.71,59.15,59.67,8678222,JPM
2014-09-03,60.02,60.37,59.46,59.7,11792109,JPM
2014-09-04,59.63,60.14,59.43,59.71,9811903,JPM
2014-09-05,59.62,59.91,59.22,59.91,9600894,JPM
2014-09-08,59.84,60.22,59.74,59.89,8090047,JPM
2014-09-09,59.63,59.68,58.78,59.06,14868683,JPM
2014-09-10,59.15,59.56,58.92,59.22,9157691,JPM
2014-09-11,59.18,59.84,58.97,59.76,11468573,JPM
2014-09-12,59.8,60.41,59.75,60.03,14373722,JPM
2014-09-15,59.78,59.99,59.45,59.94,10685630,JPM
2014-09-16,59.71,60.2,59.62,59.99,10950516,JPM
2014-09-17,59.95,60.59,59.82,60.31,15092042,JPM
2014-09-18,60.54,61.4,60.54,61.32,16973697,JPM
2014-09-19,61.74,61.85,60.98,61.11,18740479,JPM
2014-09-22,60.94,61.45,60.8,60.91,13225164,JPM
2014-09-23,60.82,61.4,60.77,60.94,14335620,JPM
2014-09-24,61.18,61.64,61.02,61.63,13728243,JPM
2014-09-25,61.49,61.5,60.15,60.15,16346724,JPM
2014-09-26,60.33,60.88,60.32,60.56,11948887,JPM
2014-09-29,60.03,60.5,59.73,60.33,10694938,JPM
2014-09-30,60.4,60.74,60.13,60.24,14384783,JPM
2014-10-01,60.24,60.4,59.73,59.77,18995987,JPM
2014-10-02,59.15,59.49,58.61,58.84,24561606,JPM
2014-10-03,59.25,60.385,59.05,60.3,18321078,JPM
2014-10-06,60.78,60.8,60.0,60.18,11578147,JPM
2014-10-07,59.92,59.92,59.185,59.27,14542010,JPM
2014-10-08,59.36,60.43,59.18,60.4,15834553,JPM
2014-10-09,60.33,60.33,58.89,59.08,19191404,JPM
2014-10-10,59.03,59.82,58.51,58.52,16690858,JPM
2014-10-13,58.5,59.145,58.11,58.16,17169312,JPM
2014-10-14,56.69,58.52,56.06,57.99,29096840,JPM
2014-10-15,57.02,57.38,54.26,55.53,37866911,JPM
2014-10-16,54.75,55.98,54.28,55.08,31970014,JPM
2014-10-17,55.73,56.78,55.57,56.2,20183543,JPM
2014-10-20,56.1,56.7472,56.07,56.63,10808475,JPM
2014-10-21,57.23,58.01,57.08,57.93,14020373,JPM
2014-10-22,58.04,58.26,57.44,57.45,13750741,JPM
2014-10-23,58.12,58.6,57.935,58.06,12641874,JPM
2014-10-24,58.0,58.775,58.0,58.74,13757981,JPM
2014-10-27,58.45,58.79,58.25,58.64,11087209,JPM
2014-10-28,58.87,59.69,58.81,59.63,13625017,JPM
2014-10-29,59.62,59.78,58.76,59.29,16715852,JPM
2014-10-30,58.94,59.68,58.92,59.39,14709756,JPM
2014-10-31,60.12,60.54,59.87,60.48,18351059,JPM
2014-11-03,60.79,61.15,60.36,60.88,11854189,JPM
2014-11-04,60.24,60.37,59.42,60.25,15295771,JPM
2014-11-05,60.8,61.23,60.39,61.15,14063812,JPM
2014-11-06,61.08,61.3101,60.63,61.23,10421612,JPM
2014-11-07,61.07,61.55,60.86,61.47,12384620,JPM
2014-11-10,61.25,61.93,61.2,61.93,10800981,JPM
2014-11-11,61.71,61.89,61.29,61.37,12539830,JPM
2014-11-12,60.42,60.84,60.23,60.56,17219648,JPM
2014-11-13,60.5,60.63,59.99,60.23,12240366,JPM
2014-11-14,60.25,60.62,60.18,60.28,6803396,JPM
2014-11-17,60.0,60.53,59.89,60.38,9017649,JPM
2014-11-18,60.35,60.82,60.2,60.53,8899839,JPM
2014-11-19,60.45,60.79,60.15,60.6,9210079,JPM
2014-11-20,60.2,60.25,59.75,60.12,10917299,JPM
2014-11-21,61.07,61.07,60.3,60.45,12340450,JPM
2014-11-24,60.7,61.305,60.7,60.96,8335037,JPM
2014-11-25,61.16,61.16,59.95,60.3,14802617,JPM
2014-11-26,60.57,60.57,60.2,60.34,7628731,JPM
2014-11-28,59.98,60.21,59.55,60.0,12760463,JPM
2014-12-01,59.98,60.21,59.55,60.0,12771602,JPM
2014-12-02,60.01,61.19,60.0,61.08,12546594,JPM
2014-12-03,60.96,61.62,60.81,61.54,12115506,JPM
2014-12-04,61.1,61.57,60.84,61.38,11542085,JPM
2014-12-05,62.01,63.06,61.88,62.7,20071134,JPM
2014-12-08,62.6,63.16,62.26,62.67,15535482,JPM
2014-12-09,61.85,62.85,61.56,62.45,19676435,JPM
2014-12-10,62.16,62.24,60.37,60.68,29620579,JPM
2014-12-11,61.17,62.06,61.11,61.14,16886249,JPM
2014-12-12,60.53,61.22,59.96,60.04,17405430,JPM
2014-12-15,60.74,60.81,58.79,59.16,19209927,JPM
2014-12-16,58.42,59.86,58.11,58.43,20709745,JPM
2014-12-17,58.57,59.83,58.34,59.77,17856440,JPM
2014-12-18,60.64,61.48,60.44,61.48,18173357,JPM
2014-12-19,61.4,62.35,61.37,61.93,22756410,JPM
2014-12-22,62.16,62.33,61.61,61.94,17073371,JPM
2014-12-23,62.05,62.97,61.93,62.48,13552615,JPM
2014-12-24,62.74,62.87,62.27,62.48,7419342,JPM
2014-12-26,62.67,62.89,62.41,62.55,6086519,JPM
2014-12-29,62.42,63.34,62.25,62.96,10601197,JPM
2014-12-30,62.72,63.28,62.57,63.15,7518059,JPM
2014-12-31,63.3,63.49,62.58,62.58,18529419,JPM
2015-01-02,62.62,62.96,62.07,62.49,12599991,JPM
2015-01-05,62.06,62.28,60.23,60.55,20100577,JPM
2015-01-06,60.64,60.75,58.35,58.98,29074111,JPM
2015-01-07,59.89,59.89,58.665,59.07,23843244,JPM
2015-01-08,59.97,60.9,59.97,60.39,16971056,JPM
2015-01-09,60.72,60.79,59.29,59.34,15396195,JPM
2015-01-12,59.28,59.4,58.27,58.83,15455234,JPM
2015-01-13,59.26,59.7,58.37,58.84,21644739,JPM
2015-01-14,56.91,57.0,55.27,56.81,49602310,JPM
2015-01-15,55.73,56.61,54.5,54.99,42458146,JPM
2015-01-16,54.66,56.0,54.64,55.93,29368910,JPM
2015-01-20,56.04,56.39,55.4232,55.71,23477689,JPM
2015-01-21,55.45,56.42,55.19,55.89,21842362,JPM
2015-01-22,56.38,57.73,55.955,57.59,31423538,JPM
2015-01-23,57.72,57.87,56.66,56.68,15458254,JPM
2015-01-26,56.41,56.99,56.2,56.77,12577658,JPM
2015-01-27,56.05,56.61,55.755,56.2,15220526,JPM
2015-01-28,56.62,56.68,54.75,54.75,24354354,JPM
2015-01-29,55.27,55.89,54.68,55.67,20393264,JPM
2015-01-30,54.99,55.495,54.37,54.38,26943713,JPM
2015-02-02,54.53,55.65,54.27,55.47,20308885,JPM
2015-02-03,55.91,56.78,55.87,56.72,18812501,JPM
2015-02-04,56.32,57.07,56.28,56.38,14934076,JPM
2015-02-05,56.86,57.04,56.46,56.77,11293901,JPM
2015-02-06,57.75,58.73,57.54,57.89,25214001,JPM
2015-02-09,57.42,58.095,57.23,57.82,14372365,JPM
2015-02-10,58.42,58.7082,58.05,58.46,16367266,JPM
2015-02-11,58.06,58.655,57.84,58.37,13061925,JPM
2015-02-12,58.93,59.71,58.55,59.57,23211327,JPM
2015-02-13,59.46,60.22,59.34,59.67,16479114,JPM
2015-02-17,59.36,60.14,59.315,60.1,15308763,JPM
2015-02-18,59.79,59.8324,59.12,59.37,14278117,JPM
2015-02-19,59.15,59.48,58.8,59.23,11256543,JPM
2015-02-20,58.96,59.89,58.35,59.8,15379042,JPM
2015-02-23,59.5,59.53,58.8,59.35,16813999,JPM
2015-02-24,60.25,61.25,60.08,60.82,22937701,JPM
2015-02-25,60.76,61.27,60.75,61.14,18307912,JPM
2015-02-26,61.03,61.7,60.91,61.58,15444802,JPM
2015-02-27,61.13,61.92,61.13,61.28,15225935,JPM
2015-03-02,61.24,61.83,61.03,61.77,13047328,JPM
2015-03-03,61.65,61.99,61.5,61.97,13707655,JPM
2015-03-04,61.64,62.17,61.3525,62.13,16626413,JPM
2015-03-05,62.2,62.23,61.6,62.0,10931262,JPM
2015-03-06,62.16,62.87,60.8,60.89,22719177,JPM
2015-03-09,60.84,61.63,60.8,61.5,13001473,JPM
2015-03-10,60.76,61.01,59.96,59.96,16357724,JPM
2015-03-11,60.13,60.65,59.955,60.24,13015567,JPM
2015-03-12,60.65,61.45,60.65,61.37,18159558,JPM
2015-03-13,61.4,61.86,60.4301,61.0,16506155,JPM
2015-03-16,61.5,61.92,61.25,61.85,15182859,JPM
2015-03-17,61.34,61.66,60.92,61.61,11718327,JPM
2015-03-18,61.39,62.05,61.085,61.75,15697854,JPM
2015-03-19,61.57,61.65,60.76,61.2,11523785,JPM
2015-03-20,61.32,62.1,61.15,61.75,18368347,JPM
2015-03-23,61.75,62.08,61.12,61.14,15112872,JPM
2015-03-24,60.97,61.24,60.45,60.46,12128693,JPM
2015-03-25,60.53,60.64,59.59,59.61,14950859,JPM
2015-03-26,59.46,59.79,58.87,59.54,14039559,JPM
2015-03-27,59.49,59.78,59.0,59.55,11755819,JPM
2015-03-30,60.88,61.46,60.61,60.96,20656523,JPM
2015-03-31,60.72,60.94,60.42,60.58,17346667,JPM
2015-04-01,60.41,60.57,59.73,59.95,18100587,JPM
2015-04-02,60.07,60.7,60.0,60.52,12697771,JPM
2015-04-06,59.92,60.75,59.65,60.47,12025243,JPM
2015-04-07,61.15,61.5,60.85,60.85,11505503,JPM
2015-04-08,61.06,61.56,60.94,61.05,11733950,JPM
2015-04-09,61.27,61.575,60.83,61.47,11728495,JPM
2015-04-10,61.35,61.78,61.2,61.7,9869670,JPM
2015-04-13,61.64,62.27,61.5,62.07,15468702,JPM
2015-04-14,62.96,63.61,62.74,63.04,33775406,JPM
2015-04-15,63.08,64.48,63.01,64.21,28732225,JPM
2015-04-16,64.08,64.27,63.66,63.81,16640454,JPM
2015-04-17,63.25,63.4,62.49,62.84,20221236,JPM
2015-04-20,63.22,63.52,63.14,63.24,12755309,JPM
2015-04-21,63.33,63.6,62.13,62.31,14985119,JPM
2015-04-22,62.65,63.15,62.03,62.94,14484658,JPM
2015-04-23,62.79,63.21,62.6,62.8,12851257,JPM
2015-04-24,62.63,62.84,62.34,62.6,9597525,JPM
2015-04-27,62.7,63.15,62.31,62.34,11146409,JPM
2015-04-28,62.49,62.78,61.77,62.76,12307828,JPM
2015-04-29,62.56,63.89,62.46,63.6,17601215,JPM
2015-04-30,63.58,63.88,62.92,63.26,16840865,JPM
2015-05-01,63.7,63.87,63.33,63.61,11640805,JPM
2015-05-04,63.68,64.87,63.64,64.72,14972462,JPM
2015-05-05,64.51,65.32,64.29,64.4,17692369,JPM
2015-05-06,64.53,65.07,63.42,63.92,18087852,JPM
2015-05-07,63.67,64.595,63.25,64.5,15039936,JPM
2015-05-08,64.97,65.65,64.6,65.49,16802611,JPM
2015-05-11,65.26,65.64,65.075,65.45,13799675,JPM
2015-05-12,65.31,65.54,64.76,65.36,12762234,JPM
2015-05-13,65.42,65.63,65.06,65.52,11874274,JPM
2015-05-14,65.83,66.18,65.71,66.05,11855518,JPM
2015-05-15,66.13,66.16,65.435,65.88,11152125,JPM
2015-05-18,65.8,66.54,65.8,66.42,10510893,JPM
2015-05-19,66.77,67.1899,66.57,67.01,14282994,JPM
2015-05-20,66.95,67.03,66.4,66.48,12446012,JPM
2015-05-21,66.14,66.68,66.01,66.65,12934474,JPM
2015-05-22,66.63,66.83,66.32,66.47,9296939,JPM
2015-05-26,66.2,66.29,65.31,65.73,15571327,JPM
2015-05-27,65.95,66.65,65.82,66.47,10963652,JPM
2015-05-28,66.36,66.4,65.74,66.2,11797444,JPM
2015-05-29,66.18,66.22,65.36,65.78,14310723,JPM
2015-06-01,65.99,66.66,65.97,66.08,11899261,JPM
2015-06-02,65.83,66.39,65.58,66.02,12784152,JPM
2015-06-03,66.43,67.13,66.27,66.7,12927263,JPM
2015-06-04,66.31,67.05,66.01,66.33,13863283,JPM
2015-06-05,67.37,67.84,67.01,67.42,20801141,JPM
2015-06-08,67.46,67.55,66.81,66.89,14558660,JPM
2015-06-09,66.95,67.27,66.47,67.18,13263493,JPM
2015-06-10,67.59,68.495,67.47,68.26,17478898,JPM
2015-06-11,68.36,68.68,68.15,68.52,13739872,JPM
2015-06-12,68.31,68.54,67.87,68.25,11804741,JPM
2015-06-15,67.58,68.21,67.3,67.99,14082323,JPM
2015-06-16,67.77,68.52,67.6201,68.37,11692849,JPM
2015-06-17,68.41,68.68,68.035,68.14,14521889,JPM
2015-06-18,68.35,68.82,67.9,68.78,16759603,JPM
2015-06-19,68.46,68.67,67.92,68.08,21606383,JPM
2015-06-22,68.87,69.29,68.75,68.96,14306669,JPM
2015-06-23,69.35,69.82,69.19,69.75,15736884,JPM
2015-06-24,69.51,69.77,68.91,69.02,16995033,JPM
2015-06-25,69.32,69.475,68.635,68.65,13314291,JPM
2015-06-26,68.94,69.29,68.765,68.95,14489159,JPM
2015-06-29,67.68,68.26,67.16,67.2,19934417,JPM
2015-06-30,67.89,68.11,67.16,67.76,20677358,JPM
2015-07-01,68.12,68.39,67.78,68.07,13964423,JPM
2015-07-02,67.95,68.13,67.185,67.52,12822941,JPM
2015-07-06,66.88,67.46,66.54,67.33,13527098,JPM
2015-07-07,67.09,67.22,65.3,66.8,22421483,JPM
2015-07-08,66.0,66.16,65.205,65.43,17707242,JPM
2015-07-09,66.49,66.7034,65.99,66.11,14984705,JPM
2015-07-10,67.22,67.4,66.825,67.05,12356059,JPM
2015-07-13,67.89,68.14,67.68,68.09,16175638,JPM
2015-07-14,67.98,69.1,67.76,69.04,20185118,JPM
2015-07-15,69.23,69.43,68.85,69.19,16891606,JPM
2015-07-16,69.63,69.95,69.41,69.56,18035652,JPM
2015-07-17,69.35,69.49,68.92,69.21,14040686,JPM
2015-07-20,69.5,69.766,69.18,69.26,11512894,JPM
2015-07-21,69.16,69.54,68.87,69.1,11659915,JPM
2015-07-22,69.28,70.2901,69.2,70.08,15493019,JPM
2015-07-23,70.19,70.61,69.46,69.64,14331837,JPM
2015-07-24,69.44,69.56,68.68,68.91,12413896,JPM
2015-07-27,68.15,68.22,67.57,68.01,16801563,JPM
2015-07-28,68.55,68.6,67.77,68.05,14932360,JPM
2015-07-29,68.32,69.1,68.16,68.94,13059190,JPM
2015-07-30,68.93,69.45,68.5399,69.04,10197182,JPM
2015-07-31,69.01,69.04,68.4001,68.53,11911818,JPM
2015-08-03,68.59,68.84,68.0,68.53,9980587,JPM
2015-08-04,68.47,68.95,68.31,68.46,10963966,JPM
2015-08-05,69.05,69.42,68.56,68.73,11302860,JPM
2015-08-06,68.75,68.94,68.0,68.25,10803363,JPM
2015-08-07,68.33,68.74,67.55,68.05,11453310,JPM
2015-08-10,68.22,69.005,68.22,68.89,12661440,JPM
2015-08-11,68.23,68.4,67.85,68.23,14800333,JPM
2015-08-12,67.41,67.55,66.07,67.24,21150053,JPM
2015-08-13,67.25,67.8,66.97,67.55,11930623,JPM
2015-08-14,67.42,67.91,67.4,67.89,11248813,JPM
2015-08-17,67.62,68.24,67.4,68.07,10326540,JPM
2015-08-18,67.98,68.36,67.8399,68.21,10617481,JPM
2015-08-19,67.93,68.31,67.365,67.6,15197703,JPM
2015-08-20,66.81,67.04,65.94,65.94,20972302,JPM
2015-08-21,65.09,65.44,63.57,63.6,28235460,JPM
2015-08-24,59.29,62.92,50.07,60.25,36339089,JPM
2015-08-25,63.1,63.3203,59.73,59.91,31772532,JPM
2015-08-26,61.8,62.98,60.545,62.91,33576825,JPM
2015-08-27,63.98,64.73,63.135,64.48,29045691,JPM
2015-08-28,64.29,64.46,63.6,64.13,16687313,JPM
2015-08-31,63.61,64.35,63.47,64.1,14223416,JPM
2015-09-01,62.85,62.85,60.99,61.45,23637264,JPM
2015-09-02,62.62,62.9125,61.54,62.57,17757899,JPM
2015-09-03,62.88,63.66,62.45,62.68,17065377,JPM
2015-09-04,61.8,61.92,60.75,61.5,20188951,JPM
2015-09-08,62.77,63.2,62.33,63.16,13385051,JPM
2015-09-09,63.94,64.34,62.0,62.18,13889457,JPM
2015-09-10,61.86,62.995,61.45,62.66,15751110,JPM
2015-09-11,62.38,62.66,61.986,62.56,12766683,JPM
2015-09-14,62.64,62.685,62.12,62.38,10202787,JPM
2015-09-15,62.76,63.89,62.51,63.58,14023503,JPM
2015-09-16,63.89,64.29,63.21,64.14,12235935,JPM
2015-09-17,64.14,64.64,62.39,62.65,21249199,JPM
2015-09-18,61.83,61.83,60.78,60.94,31008001,JPM
2015-09-21,61.52,61.91,61.08,61.45,13136377,JPM
2015-09-22,60.6,61.085,60.42,60.91,14811862,JPM
2015-09-23,60.8,61.15,60.32,60.64,11712247,JPM
2015-09-24,60.01,60.38,59.46,60.22,17293389,JPM
2015-09-25,61.27,61.86,60.87,61.47,18384297,JPM
2015-09-28,60.92,61.01,59.69,59.98,17452209,JPM
2015-09-29,59.98,60.13,58.73,59.84,19334947,JPM
2015-09-30,60.7,61.0,60.11,60.97,18743807,JPM
2015-10-01,61.12,61.87,60.54,61.42,16863215,JPM
2015-10-02,59.59,60.86,58.53,60.81,20435078,JPM
2015-10-05,61.24,62.24,61.22,62.02,13471119,JPM
2015-10-06,62.11,62.36,61.615,62.05,12134800,JPM
2015-10-07,62.55,63.03,61.755,62.13,12818858,JPM
2015-10-08,61.85,62.25,61.43,62.13,13964567,JPM
2015-10-09,62.39,62.545,61.575,61.93,12112022,JPM
2015-10-12,61.84,62.01,61.399,61.72,10857374,JPM
2015-10-13,61.39,62.16,61.31,61.55,15621860,JPM
2015-10-14,60.76,60.97,59.54,59.99,28989352,JPM
2015-10-15,60.47,61.96,60.1034,61.89,18147873,JPM
2015-10-16,62.43,62.65,62.09,62.43,17456576,JPM
2015-10-19,62.0,62.765,61.91,62.22,14510389,JPM
2015-10-20,62.36,62.815,62.08,62.52,11545128,JPM
2015-10-21,62.88,62.96,62.05,62.06,12173278,JPM
2015-10-22,62.42,63.58,62.42,63.19,15295681,JPM
2015-10-23,63.63,64.185,63.5,63.87,16985219,JPM
2015-10-26,63.84,63.99,63.41,63.9,13880244,JPM
2015-10-27,63.53,63.86,63.3135,63.64,8831862,JPM
2015-10-28,63.7,65.74,63.69,65.5,17962014,JPM
2015-10-29,65.26,65.83,64.88,65.21,12753676,JPM
2015-10-30,65.3,65.34,64.13,64.25,15731415,JPM
2015-11-02,64.45,65.75,64.39,65.54,15253302,JPM
2015-11-03,65.29,66.1,65.17,65.78,11519476,JPM
2015-11-04,66.01,66.15,65.63,65.85,11388422,JPM
2015-11-05,65.79,66.67,65.75,66.44,12715877,JPM
2015-11-06,68.37,69.03,68.1,68.46,23262747,JPM
2015-11-09,68.7,68.72,67.08,67.39,17143831,JPM
2015-11-10,67.19,67.85,66.93,67.68,13239736,JPM
2015-11-11,68.1,68.17,67.25,67.35,8513925,JPM
2015-11-12,66.86,66.9,65.95,66.0,13576850,JPM
2015-11-13,65.84,66.17,65.23,65.56,11836959,JPM
2015-11-16,65.46,66.58,65.17,66.51,11041106,JPM
2015-11-17,66.67,66.74,65.89,66.13,12354839,JPM
2015-11-18,66.48,67.55,66.37,67.45,12911408,JPM
2015-11-19,67.58,67.82,67.04,67.66,12839462,JPM
2015-11-20,67.99,68.11,67.375,67.54,11209616,JPM
2015-11-23,67.31,67.58,66.78,66.88,11338963,JPM
2015-11-24,66.17,67.14,66.04,66.78,10910042,JPM
2015-11-25,66.93,67.12,66.55,66.86,7772026,JPM
2015-11-27,67.0,67.3264,66.64,67.17,4052853,JPM
2015-11-30,67.28,67.52,66.68,66.68,15147536,JPM
2015-12-01,67.34,67.83,66.99,67.61,12708809,JPM
2015-12-02,67.83,67.88,66.48,66.66,13440883,JPM
2015-12-03,66.83,67.03,65.58,65.8,14626881,JPM
2015-12-04,66.1,67.995,66.03,67.89,17786043,JPM
2015-12-07,67.66,67.75,66.4,67.0,11686033,JPM
2015-12-08,66.25,66.96,65.7,65.96,13084484,JPM
2015-12-09,65.61,66.585,65.04,65.46,16770188,JPM
2015-12-10,65.54,66.495,65.08,65.61,12838986,JPM
2015-12-11,64.8,65.16,63.5102,64.07,17889163,JPM
2015-12-14,64.227,64.755,63.6,64.27,17638159,JPM
2015-12-15,65.07,66.65,65.07,66.1,18126588,JPM
2015-12-16,66.91,67.74,65.91,67.53,21720024,JPM
2015-12-17,67.9,68.0,66.085,66.28,18122090,JPM
2015-12-18,65.97,65.97,64.4,64.4,23819643,JPM
2015-12-21,65.02,65.56,64.83,65.54,18869297,JPM
2015-12-22,65.92,66.0,64.98,65.68,12149529,JPM
2015-12-23,66.12,66.85,66.05,66.73,12524453,JPM
2015-12-24,66.62,66.89,66.32,66.6,4468242,JPM
2015-12-28,66.29,66.45,65.71,66.38,6610609,JPM
2015-12-29,66.84,67.3,66.74,67.07,9820830,JPM
2015-12-30,67.04,67.05,66.45,66.59,7190650,JPM
2015-12-31,66.19,66.7801,66.0,66.03,14654329,JPM
2016-01-04,63.95,64.06,63.01,63.62,25393155,JPM
2016-01-05,63.7,64.13,63.04,63.73,16566703,JPM
2016-01-06,62.72,63.125,62.34,62.81,22961532,JPM
2016-01-07,61.46,62.0,60.08,60.27,27630867,JPM
2016-01-08,61.13,61.27,58.85,58.92,22373287,JPM
2016-01-11,58.83,59.22,58.04,58.83,20925529,JPM
2016-01-12,59.45,59.56,58.1,58.96,22971612,JPM
2016-01-13,59.46,59.675,56.91,57.34,28808129,JPM
2016-01-14,58.16,59.38,57.29,58.2,31296332,JPM
2016-01-15,56.45,57.57,56.22,57.04,38131656,JPM
2016-01-19,57.73,57.97,56.51,57.01,22818919,JPM
2016-01-20,55.63,56.18,54.66,55.51,34646083,JPM
2016-01-21,55.74,56.52,55.06,55.25,31301088,JPM
2016-01-22,56.44,57.16,56.3,56.95,22732187,JPM
2016-01-25,56.48,56.85,55.6,55.66,21114360,JPM
2016-01-26,55.85,57.15,55.81,57.08,17535732,JPM
2016-01-27,57.08,58.2699,56.56,57.04,20559961,JPM
2016-01-28,57.52,57.97,56.63,57.28,15497866,JPM
2016-01-29,57.83,59.54,57.51,59.5,26992199,JPM
2016-02-01,59.16,59.65,58.44,58.86,16807936,JPM
2016-02-02,57.88,57.98,56.75,57.03,22448151,JPM
2016-02-03,57.37,57.795,55.015,57.41,31543220,JPM
2016-02-04,57.06,58.52,57.06,58.4,21651256,JPM
2016-02-05,58.58,59.14,57.42,57.75,22001260,JPM
2016-02-08,56.69,56.92,55.535,56.54,28267601,JPM
2016-02-09,55.29,56.69,55.13,56.2,26300049,JPM
2016-02-10,56.57,57.41,55.47,55.52,22389590,JPM
2016-02-11,53.9,53.91,52.5,53.07,44334661,JPM
2016-02-12,55.65,57.57,55.17,57.49,37011352,JPM
2016-02-16,58.23,58.6,57.64,58.35,23730687,JPM
2016-02-17,58.85,59.25,58.3947,58.77,21580108,JPM
2016-02-18,58.84,58.86,57.25,57.81,17037776,JPM
2016-02-19,57.5,58.17,57.075,57.82,15658190,JPM
2016-02-22,58.51,58.88,58.42,58.57,14882763,JPM
2016-02-23,57.9,58.09,55.96,56.12,31772544,JPM
2016-02-24,55.2,56.21,54.325,56.14,25560096,JPM
2016-02-25,56.13,57.03,56.04,57.01,14473275,JPM
2016-02-26,57.64,58.11,57.14,57.54,20947508,JPM
2016-02-29,57.41,57.605,56.29,56.3,19554051,JPM
2016-03-01,56.76,59.2,56.67,59.2,23958079,JPM
2016-03-02,59.2,59.9,58.96,59.76,20943122,JPM
2016-03-03,59.58,59.96,59.103,59.96,15790644,JPM
2016-03-04,60.1,60.55,59.531,60.05,18459014,JPM
2016-03-07,59.54,60.05,59.32,59.94,12832395,JPM
2016-03-08,59.21,59.5,58.68,58.78,14132879,JPM
2016-03-09,59.15,59.54,58.68,59.12,13238828,JPM
2016-03-10,59.59,59.67,57.81,58.61,21139207,JPM
2016-03-11,59.39,59.51,58.65,59.34,21054993,JPM
2016-03-14,59.15,59.31,58.6,59.12,13436139,JPM
2016-03-15,58.54,59.21,58.43,59.2,10910568,JPM
2016-03-16,58.983,59.75,58.47,58.92,17423930,JPM
2016-03-17,58.77,59.13,57.99,58.75,19402238,JPM
2016-03-18,60.05,60.97,59.66,60.48,29570210,JPM
2016-03-21,60.22,60.819,59.9625,60.46,12684403,JPM
2016-03-22,59.99,60.58,59.62,60.24,12042664,JPM
2016-03-23,60.34,60.51,59.86,59.94,11658691,JPM
2016-03-24,59.3,59.51,58.87,59.48,12921194,JPM
2016-03-28,59.53,59.75,59.18,59.4,11159717,JPM
2016-03-29,59.33,59.33,58.53,59.03,15933428,JPM
2016-03-30,59.46,60.2272,59.38,59.71,13307142,JPM
2016-03-31,59.45,59.93,59.11,59.22,14904715,JPM
2016-04-01,59.02,60.06,58.56,59.88,15417527,JPM
2016-04-04,59.44,59.565,58.96,59.2,12305028,JPM
2016-04-05,58.59,58.83,58.21,58.36,12886615,JPM
2016-04-06,58.18,58.88,57.95,58.81,12167852,JPM
2016-04-07,58.26,58.43,57.065,57.32,19226797,JPM
2016-04-08,57.71,58.58,57.69,57.74,13547667,JPM
2016-04-11,57.91,58.88,57.91,58.2,17627802,JPM
2016-04-12,58.34,59.39,58.2,59.28,17779234,JPM
2016-04-13,60.48,62.16,60.38,61.79,37516774,JPM
2016-04-14,61.69,62.905,61.605,62.59,24249920,JPM
2016-04-15,62.88,62.9,61.45,61.87,19290707,JPM
2016-04-18,61.64,62.58,61.53,62.27,13813072,JPM
2016-04-19,62.55,63.48,62.55,63.32,19255617,JPM
2016-04-20,63.48,64.31,63.145,64.24,14594439,JPM
2016-04-21,64.26,64.66,63.34,63.6,15395776,JPM
2016-04-22,63.64,64.38,63.64,63.97,12444665,JPM
2016-04-25,63.6,63.95,63.145,63.6,10687190,JPM
2016-04-26,63.81,64.07,63.33,63.93,12048042,JPM
2016-04-27,63.86,64.64,63.6,64.11,15284125,JPM
2016-04-28,63.64,64.415,63.35,63.6,12852527,JPM
2016-04-29,63.09,63.61,62.7,63.2,16376353,JPM
2016-05-02,63.69,64.0,63.14,63.79,10247330,JPM
2016-05-03,62.9,62.91,61.8,62.56,19120338,JPM
2016-05-04,61.75,62.26,61.27,61.57,17030241,JPM
2016-05-05,61.6,61.995,61.06,61.24,14033862,JPM
2016-05-06,60.7,61.68,60.59,61.6,11057877,JPM
2016-05-09,61.37,61.89,61.05,61.21,11197141,JPM
2016-05-10,61.55,62.26,61.35,62.04,11897151,JPM
2016-05-11,61.97,62.6,61.81,61.81,11254047,JPM
2016-05-12,62.27,62.56,61.37,61.77,11071679,JPM
2016-05-13,61.7,62.4001,61.02,61.2,15122325,JPM
2016-05-16,61.21,61.985,61.0,61.66,10951344,JPM
2016-05-17,61.43,62.16,61.15,61.66,12180930,JPM
2016-05-18,61.7,64.17,61.69,64.04,24052314,JPM
2016-05-19,63.53,64.22,62.9,63.39,16076159,JPM
2016-05-20,63.86,64.19,63.37,63.51,11862030,JPM
2016-05-23,63.45,63.87,63.16,63.46,9347540,JPM
2016-05-24,63.94,64.77,63.81,64.54,13839390,JPM
2016-05-25,64.94,66.2,64.92,65.52,18936695,JPM
2016-05-26,65.57,65.58,64.91,65.03,9428352,JPM
2016-05-27,65.21,65.46,65.05,65.43,10116014,JPM
2016-05-31,65.73,65.82,64.96,65.27,15139407,JPM
2016-06-01,64.76,65.92,64.26,65.69,14031018,JPM
2016-06-02,65.52,65.81,65.16,65.81,10637550,JPM
2016-06-03,64.25,64.86,63.55,64.64,20261681,JPM
2016-06-06,64.64,65.76,64.6,65.28,13193497,JPM
2016-06-07,65.45,65.74,65.04,65.06,9924106,JPM
2016-06-08,64.93,65.48,64.92,65.25,9428013,JPM
2016-06-09,64.79,64.9,64.27,64.75,10817761,JPM
2016-06-10,63.93,64.07,63.58,63.84,16678358,JPM
2016-06-13,63.48,64.34,63.26,63.27,14382759,JPM
2016-06-14,62.68,63.47,61.6802,62.08,19509322,JPM
2016-06-15,62.41,62.975,61.91,61.97,16982140,JPM
2016-06-16,61.45,62.3,60.9,62.22,16791228,JPM
2016-06-17,62.3,62.71,61.93,62.28,15751497,JPM
2016-06-20,63.45,63.85,62.34,62.37,12213239,JPM
2016-06-21,62.73,63.0,62.14,62.95,11611632,JPM
2016-06-22,62.95,63.71,62.68,62.71,12643492,JPM
2016-06-23,63.7,64.15,63.53,64.05,16583609,JPM
2016-06-24,60.48,61.7,59.34,59.6,44108712,JPM
2016-06-27,58.71,58.75,57.05,57.61,37925291,JPM
2016-06-28,59.19,59.55,58.26,59.52,29088741,JPM
2016-06-29,60.36,61.21,60.0,61.2,21483012,JPM
2016-06-30,61.63,62.19,61.02,62.15,21343616,JPM
2016-07-01,61.52,62.0115,61.16,61.26,14217796,JPM
2016-07-05,60.45,60.6,59.1,59.55,23357694,JPM
2016-07-06,59.01,60.29,58.76,60.19,20429800,JPM
2016-07-07,60.52,61.14,60.16,60.58,13771417,JPM
2016-07-08,61.33,62.17,61.33,61.83,16998814,JPM
2016-07-11,62.42,62.95,62.14,62.27,13151438,JPM
2016-07-12,63.03,63.56,62.89,63.2,16588124,JPM
2016-07-13,63.08,63.43,62.64,63.16,18526932,JPM
2016-07-14,64.74,64.98,64.05,64.12,28985935,JPM
2016-07-15,64.75,64.8,63.61,64.18,17607090,JPM
2016-07-18,64.13,64.4,63.9,63.96,10824364,JPM
2016-07-19,63.61,64.1,63.46,63.86,9737390,JPM
2016-07-20,64.11,64.229,63.71,63.93,10411068,JPM
2016-07-21,64.0,64.18,63.63,63.69,9952750,JPM
2016-07-22,63.9,64.09,63.6,64.04,8195688,JPM
2016-07-25,63.98,64.17,63.675,63.87,8168252,JPM
2016-07-26,63.98,64.26,63.71,64.13,8067766,JPM
2016-07-27,64.08,64.685,64.06,64.33,11806756,JPM
2016-07-28,64.0,64.19,63.72,64.1,10013424,JPM
2016-07-29,63.8,64.29,63.75,63.97,13210412,JPM
2016-08-01,64.15,64.31,63.61,63.8,11422601,JPM
2016-08-02,63.59,64.01,63.38,63.65,13550022,JPM
2016-08-03,63.69,64.67,63.65,64.66,13122345,JPM
2016-08-04,64.49,64.815,64.27,64.56,9873007,JPM
2016-08-05,65.14,66.37,65.07,66.3,20752730,JPM
2016-08-08,66.07,66.485,65.84,66.1,11359174,JPM
2016-08-09,66.18,66.28,65.69,65.87,10096971,JPM
2016-08-10,65.92,66.07,65.16,65.28,11556086,JPM
2016-08-11,65.27,65.69,65.02,65.46,9604549,JPM
2016-08-12,64.97,65.35,64.86,65.32,7685383,JPM
2016-08-15,65.56,65.83,65.46,65.72,8371557,JPM
2016-08-16,65.36,65.96,65.24,65.71,10128856,JPM
2016-08-17,65.8,65.98,65.54,65.89,11868065,JPM
2016-08-18,65.62,65.99,65.53,65.95,9313621,JPM
2016-08-19,65.72,65.91,65.22,65.86,9084877,JPM
2016-08-22,65.75,65.88,65.41,65.8,9055631,JPM
2016-08-23,66.07,66.34,65.76,65.77,8949607,JPM
2016-08-24,65.99,66.23,65.77,65.95,10167204,JPM
2016-08-25,65.91,66.14,65.79,66.07,9978651,JPM
2016-08-26,66.33,66.88,65.845,66.22,14038597,JPM
2016-08-29,66.49,67.1,66.46,66.95,14583145,JPM
2016-08-30,66.96,67.595,66.95,67.5,13791151,JPM
2016-08-31,67.46,67.77,66.855,67.5,14952329,JPM
2016-09-01,67.64,67.72,66.65,67.21,12226517,JPM
2016-09-02,67.4,67.575,66.98,67.49,13720662,JPM
2016-09-06,67.5,67.55,66.71,67.44,16649371,JPM
2016-09-07,67.16,67.5901,66.96,67.16,10070407,JPM
2016-09-08,67.22,67.68,67.0,67.25,12252961,JPM
2016-09-09,67.03,67.43,66.64,66.65,19686877,JPM
2016-09-12,66.14,67.3,65.76,67.06,16452983,JPM
2016-09-13,66.11,66.86,65.82,66.53,18876069,JPM
2016-09-14,66.27,67.245,66.21,66.4,12648595,JPM
2016-09-15,66.29,66.93,66.09,66.64,12639749,JPM
2016-09-16,66.09,66.26,65.44,65.82,25161488,JPM
2016-09-19,66.15,66.64,65.85,66.19,13466874,JPM
2016-09-20,66.75,66.85,66.24,66.46,10092157,JPM
2016-09-21,66.84,67.13,66.3099,66.84,14116774,JPM
2016-09-22,66.99,67.42,66.84,67.39,12781744,JPM
2016-09-23,67.39,67.9,67.1766,67.25,13967357,JPM
2016-09-26,66.6,66.8,65.54,65.78,16408130,JPM
2016-09-27,65.41,66.405,65.11,66.36,13711386,JPM
2016-09-28,66.58,66.77,65.9939,66.71,11278036,JPM
2016-09-29,66.7,67.21,65.35,65.65,18727192,JPM
2016-09-30,66.08,67.06,66.08,66.59,21680093,JPM
2016-10-03,66.35,66.92,66.26,66.51,14901651,JPM
2016-10-04,66.21,67.18,66.1,66.6,17226890,JPM
2016-10-05,66.89,68.07,66.8,67.69,16279971,JPM
2016-10-06,67.73,67.97,67.05,67.87,17484978,JPM
2016-10-07,67.79,68.18,67.4,68.11,18497019,JPM
2016-10-10,68.34,69.06,68.23,68.64,13027466,JPM
2016-10-11,68.5,68.82,67.93,68.31,15657104,JPM
2016-10-12,68.26,68.59,68.05,68.13,11899831,JPM
2016-10-13,67.46,67.87,66.82,67.74,17890046,JPM
2016-10-14,68.8,69.03,67.3,67.52,24163776,JPM
2016-10-17,67.42,67.79,66.735,67.17,14963411,JPM
2016-10-18,67.85,68.21,67.54,67.7,11870286,JPM
2016-10-19,67.81,68.5,67.81,68.35,12705774,JPM
2016-10-20,68.08,68.68,67.94,68.26,14122005,JPM
2016-10-21,67.81,68.53,67.7,68.49,12175674,JPM
2016-10-24,68.97,69.05,68.495,68.87,10197123,JPM
2016-10-25,68.88,68.93,68.38,68.8,9945050,JPM
2016-10-26,68.37,69.25,68.37,69.13,9801266,JPM
2016-10-27,69.49,69.77,69.1,69.23,14210699,JPM
2016-10-28,69.53,69.55,68.465,69.11,12766498,JPM
2016-10-31,69.43,69.58,69.23,69.26,14336299,JPM
2016-11-01,69.48,69.78,68.33,68.97,15564491,JPM
2016-11-02,68.65,68.85,68.01,68.68,12449788,JPM
2016-11-03,68.86,69.19,68.22,68.38,10369670,JPM
2016-11-04,68.49,68.56,67.64,67.76,13571306,JPM
2016-11-07,69.08,69.97,69.0,69.88,16515137,JPM
2016-11-08,69.7,70.545,69.24,70.03,17531748,JPM
2016-11-09,71.46,74.15,71.32,73.25,50948378,JPM
2016-11-10,74.22,77.25,74.22,76.65,56192320,JPM
2016-11-11,76.3,76.725,75.77,76.69,27574323,JPM
2016-11-14,77.25,80.44,77.25,79.51,46130653,JPM
2016-11-15,78.37,79.41,77.78,79.36,28126307,JPM
2016-11-16,78.22,78.35,76.88,77.4,26054926,JPM
2016-11-17,77.93,78.455,77.6,78.02,19306721,JPM
2016-11-18,77.96,78.42,77.55,77.71,19769965,JPM
2016-11-21,78.0,78.17,77.29,78.05,11983529,JPM
2016-11-22,78.34,78.555,77.76,78.53,14410100,JPM
2016-11-23,78.87,79.24,77.89,78.86,13401387,JPM
2016-11-25,79.1,79.45,78.47,78.83,6185719,JPM
2016-11-28,78.18,78.87,78.02,78.32,13007242,JPM
2016-11-29,78.39,79.16,78.39,78.92,14144062,JPM
2016-11-30,79.92,80.53,79.7,80.17,25351899,JPM
2016-12-01,80.65,82.279,80.65,81.79,23823632,JPM
2016-12-02,81.8,81.83,80.9,81.6,16931504,JPM
2016-12-05,82.3,83.29,82.29,83.26,18529840,JPM
2016-12-06,83.6,83.81,82.43,83.69,16130043,JPM
2016-12-07,83.55,84.09,82.85,84.07,18996905,JPM
2016-12-08,84.23,85.5,83.94,85.12,20844853,JPM
2016-12-09,85.02,85.5,84.14,85.49,14567202,JPM
2016-12-12,85.36,85.79,84.29,84.73,14509120,JPM
2016-12-13,84.98,85.67,83.82,84.76,16669046,JPM
2016-12-14,83.88,86.12,83.76,84.73,22622633,JPM
2016-12-15,85.4,86.49,84.9,86.0,19438924,JPM
2016-12-16,86.29,86.29,84.89,84.94,23008520,JPM
2016-12-19,84.8,85.44,84.19,85.43,21685098,JPM
2016-12-20,85.79,86.54,85.545,86.53,14587310,JPM
2016-12-21,86.43,86.81,86.03,86.75,11400484,JPM
2016-12-22,86.44,87.17,86.21,86.89,13924219,JPM
2016-12-23,87.0,87.15,86.4,87.05,10759433,JPM
2016-12-27,87.05,87.16,86.75,87.13,6946360,JPM
2016-12-28,87.16,87.39,86.35,86.5,9455586,JPM
2016-12-29,86.58,86.67,85.04,85.89,14689042,JPM
2016-12-30,86.1,86.42,85.66,86.29,13617776,JPM
2017-01-03,87.34,87.76,85.98,87.23,20550714,JPM
2017-01-04,86.96,87.18,86.4,86.91,15266596,JPM
2017-01-05,86.81,87.11,85.2589,86.11,14300816,JPM
2017-01-06,86.39,86.62,85.94,86.12,12893298,JPM
2017-01-09,85.73,86.77,85.52,86.18,12806609,JPM
2017-01-10,86.07,86.9,85.72,86.43,13989033,JPM
2017-01-11,86.43,87.08,85.91,87.08,14713067,JPM
2017-01-12,86.76,87.27,86.02,86.24,21337435,JPM
2017-01-13,87.11,88.17,86.1,86.7,28295985,JPM
2017-01-17,84.93,85.22,83.28,83.55,30024625,JPM
2017-01-18,83.63,84.23,83.03,83.94,21270134,JPM
2017-01-19,84.06,84.67,83.12,83.3,16555554,JPM
2017-01-20,83.43,83.83,83.285,83.67,18436790,JPM
2017-01-23,83.3,84.0,83.205,83.71,12179161,JPM
2017-01-24,83.92,85.0,83.56,84.72,15175319,JPM
2017-01-25,85.84,86.17,85.17,86.03,17550952,JPM
2017-01-26,85.95,86.95,85.95,86.75,15962835,JPM
2017-01-27,86.66,86.98,86.27,86.93,12534881,JPM
2017-01-30,86.19,86.5,85.32,86.03,13661859,JPM
2017-01-31,85.6,86.15,84.09,84.63,15655126,JPM
2017-02-01,85.54,86.1,84.68,84.95,15430940,JPM
2017-02-02,84.34,84.91,84.16,84.59,11081359,JPM
2017-02-03,86.19,87.31,85.865,87.18,17885244,JPM
2017-02-06,86.79,87.45,86.61,86.77,11828416,JPM
2017-02-07,87.14,87.4,86.48,86.72,9392832,JPM
2017-02-08,86.18,86.31,85.37,85.96,13970870,JPM
2017-02-09,86.42,87.33,86.13,87.2,13749123,JPM
2017-02-10,87.48,87.48,86.89,87.0,10992466,JPM
2017-02-13,87.44,88.74,87.43,88.15,18739103,JPM
2017-02-14,88.3,89.7,88.1063,89.56,17932086,JPM
2017-02-15,90.08,90.87,89.35,90.59,17381807,JPM
2017-02-16,90.4,91.04,89.77,90.53,17672724,JPM
2017-02-17,89.82,90.465,89.69,90.23,15776589,JPM
2017-02-21,90.51,91.15,90.46,91.01,14068315,JPM
2017-02-22,90.52,91.3,90.42,91.06,11838980,JPM
2017-02-23,91.18,91.34,90.52,91.13,11066952,JPM
2017-02-24,90.18,90.54,89.73,90.33,15062298,JPM
2017-02-27,90.32,90.725,90.02,90.43,12360988,JPM
2017-02-28,89.845,90.82,89.585,90.62,15183542,JPM
2017-03-01,92.79,93.98,92.61,93.6,24451380,JPM
2017-03-02,93.87,93.92,92.03,92.14,16862487,JPM
2017-03-03,92.23,93.11,92.19,92.8,12861607,JPM
2017-03-06,92.25,92.32,91.1,91.92,15059178,JPM
2017-03-07,91.64,92.09,91.21,91.41,11156845,JPM
2017-03-08,92.68,92.851,91.1,91.21,17378401,JPM
2017-03-09,91.6,92.14,91.15,91.57,13726237,JPM
2017-03-10,91.95,92.0,90.53,91.28,13729948,JPM
2017-03-13,91.31,91.78,90.931,91.36,10004297,JPM
2017-03-14,91.02,91.65,90.765,91.51,10237702,JPM
2017-03-15,91.8,92.55,91.13,91.73,16601394,JPM
2017-03-16,92.03,92.8057,91.57,91.64,14492039,JPM
2017-03-17,91.83,92.04,90.65,90.68,21734743,JPM
2017-03-20,90.27,91.17,89.79,90.03,14623597,JPM
2017-03-21,90.36,90.64,87.06,87.39,33089241,JPM
2017-03-22,86.89,88.07,86.01,87.53,21741025,JPM
2017-03-23,87.21,88.5,87.09,87.39,16090092,JPM
2017-03-24,87.79,88.09,86.77,87.29,16093237,JPM
2017-03-27,85.53,87.401,85.23,87.24,16689294,JPM
2017-03-28,87.02,89.02,86.98,88.6,16264403,JPM
2017-03-29,88.6,88.82,88.08,88.27,10207578,JPM
2017-03-30,88.2,89.46,88.12,89.03,11630996,JPM
2017-03-31,88.71,88.7397,87.75,87.84,16987605,JPM
2017-04-03,87.99,88.17,86.6,87.52,19831778,JPM
2017-04-04,86.89,87.67,86.715,87.31,14280832,JPM
2017-04-05,88.42,88.54,86.13,86.19,17635486,JPM
2017-04-06,85.98,86.91,85.25,86.48,14379588,JPM
2017-04-07,85.93,86.81,85.71,86.18,13092979,JPM
2017-04-10,86.08,86.69,85.4,85.88,15081616,JPM
2017-04-11,85.54,85.79,84.8,85.73,14690492,JPM
2017-04-12,85.93,85.95,85.03,85.4,14730636,JPM
2017-04-13,85.5,86.99,84.4,84.4,30529763,JPM
2017-04-17,84.44,86.08,84.37,85.86,19071650,JPM
2017-04-18,85.36,85.63,84.74,85.16,14127049,JPM
2017-04-19,85.5,85.92,84.36,84.46,17588506,JPM
2017-04-20,84.98,85.78,84.55,85.55,15635808,JPM
2017-04-21,85.5,85.68,84.51,84.52,19820592,JPM
2017-04-24,86.55,88.05,86.42,87.5,25468285,JPM
2017-04-25,88.55,89.13,88.26,88.26,18253752,JPM
2017-04-26,88.35,89.05,88.14,88.43,12832154,JPM
2017-04-27,88.37,88.37,87.01,87.61,13329025,JPM
2017-04-28,87.6,87.85,86.95,87.0,10755629,JPM
2017-05-01,87.36,87.74,86.56,87.06,15712266,JPM
2017-05-02,86.71,86.88,86.02,86.5,14414164,JPM
2017-05-03,86.06,87.1,86.02,87.0,11540536,JPM
2017-05-04,87.69,87.73,86.57,87.1,11537573,JPM
2017-05-05,87.25,87.34,86.42,87.0,9436036,JPM
2017-05-08,87.04,87.3198,86.6481,87.1,8162209,JPM
2017-05-09,87.26,87.84,86.5,86.75,10273937,JPM
2017-05-10,86.5288,87.48,86.47,87.43,8334867,JPM
2017-05-11,87.09,87.48,86.35,87.16,10907382,JPM
2017-05-12,86.68,87.0484,86.3399,86.92,8738802,JPM
2017-05-15,87.1,87.49,86.86,87.34,8835631,JPM
2017-05-16,87.36,88.09,87.34,87.61,9794968,JPM
2017-05-17,86.11,86.39,83.97,84.27,24679728,JPM
2017-05-18,84.07,84.8,83.36,83.96,23350068,JPM
2017-05-19,84.21,85.34,84.15,84.78,13412878,JPM
2017-05-22,85.18,85.29,84.21,84.7,11635998,JPM
2017-05-23,84.75,86.07,84.51,85.76,11753016,JPM
2017-05-24,85.88,85.97,85.24,85.71,9923251,JPM
2017-05-25,85.99,86.08,85.08,85.35,12238543,JPM
2017-05-26,85.11,85.56,85.02,85.36,8113464,JPM
2017-05-30,85.13,85.15,83.78,83.9,12603176,JPM
2017-05-31,83.73,83.82,81.635,82.15,28327925,JPM
2017-06-01,82.46,83.08,81.65,83.06,17123490,JPM
2017-06-02,82.29,82.99,81.98,82.64,14998489,JPM
2017-06-05,82.64,83.51,82.58,82.79,9080165,JPM
2017-06-06,82.29,83.215,82.13,82.96,12196816,JPM
2017-06-07,83.31,84.1052,83.1,83.91,13711071,JPM
2017-06-08,83.91,85.7302,83.89,84.95,17950964,JPM
2017-06-09,85.51,87.05,85.39,86.96,19120172,JPM
2017-06-12,87.32,87.74,86.29,86.98,16053405,JPM
2017-06-13,87.55,87.85,86.98,87.27,12557225,JPM
2017-06-14,86.77,87.31,85.82,87.09,16175654,JPM
2017-06-15,86.25,87.08,86.24,86.57,12509682,JPM
2017-06-16,86.85,86.96,86.015,86.18,16936572,JPM
2017-06-19,86.97,88.23,86.85,88.07,15972336,JPM
2017-06-20,87.75,87.92,87.37,87.52,11197809,JPM
2017-06-21,87.48,87.545,86.76,87.12,10005941,JPM
2017-06-22,86.93,87.36,86.65,87.02,12180579,JPM
2017-06-23,87.66,88.0,86.61,86.86,18812029,JPM
2017-06-26,87.01,87.67,86.615,87.24,10082422,JPM
2017-06-27,87.71,88.94,87.5,88.05,15415152,JPM
2017-06-28,88.6,90.07,88.6,89.82,17466177,JPM
2017-06-29,92.34,92.65,90.31,91.15,27697818,JPM
2017-06-30,91.96,92.0,91.16,91.4,16892700,JPM
2017-07-03,91.56,93.48,91.41,92.75,13208087,JPM
2017-07-05,93.12,93.79,92.61,93.68,17535404,JPM
2017-07-06,93.54,94.51,92.88,93.38,16596123,JPM
2017-07-07,93.96,94.17,93.23,93.85,12817808,JPM
2017-07-10,93.5,93.68,93.09,93.19,13987191,JPM
2017-07-11,93.33,93.33,92.28,92.83,13262282,JPM
2017-07-12,92.61,92.83,92.07,92.51,13540107,JPM
2017-07-13,92.69,93.38,92.34,93.1,12820084,JPM
2017-07-14,90.81,92.605,90.58,92.25,22235168,JPM
2017-07-17,91.82,91.99,91.25,91.39,14374219,JPM
2017-07-18,90.45,91.58,90.32,91.07,14719404,JPM
2017-07-19,91.34,91.6199,91.001,91.2,11651245,JPM
2017-07-20,91.15,91.72,90.9,91.2,11561740,JPM
2017-07-21,91.06,91.36,90.52,90.89,10971292,JPM
2017-07-24,90.96,91.54,90.91,91.28,10725116,JPM
2017-07-25,92.37,93.52,92.27,92.8,16447678,JPM
2017-07-26,93.1,93.19,91.68,91.93,11815499,JPM
2017-07-27,91.83,92.06,91.16,91.55,12332375,JPM
2017-07-28,91.45,91.75,90.905,91.28,9351915,JPM
2017-07-31,91.51,92.36,91.5,91.8,11520329,JPM
2017-08-01,92.49,93.14,92.28,93.03,12523725,JPM
2017-08-02,92.865,93.21,92.505,93.11,10165604,JPM
2017-08-03,92.7,93.13,92.235,92.5,11078804,JPM
2017-08-04,93.5,94.4,93.471,93.66,14323999,JPM
2017-08-07,93.89,94.19,93.71,94.02,7978339,JPM
2017-08-08,93.95,95.2193,93.6,93.68,13745401,JPM
2017-08-09,92.98,93.68,92.83,93.53,11214440,JPM
2017-08-10,92.9,93.07,92.07,92.19,13252269,JPM
2017-08-11,92.13,92.67,91.24,91.42,10679534,JPM
2017-08-14,92.37,92.9,92.33,92.49,10994793,JPM
2017-08-15,93.31,93.56,92.65,92.73,8812720,JPM
2017-08-16,93.04,93.23,91.88,92.09,11085401,JPM
2017-08-17,91.76,91.96,90.5,90.65,13837463,JPM
2017-08-18,90.31,91.54,90.19,90.74,13040738,JPM
2017-08-21,90.85,90.94,90.16,90.63,11502065,JPM
2017-08-22,91.07,91.71,91.0,91.56,9211781,JPM
2017-08-23,90.87,92.34,90.84,91.67,8811292,JPM
2017-08-24,91.93,92.12,91.41,91.52,8623165,JPM
2017-08-25,91.88,92.48,91.8,91.89,11794644,JPM
2017-08-28,92.16,92.19,91.13,91.6,7292915,JPM
2017-08-29,90.45,91.31,90.31,91.1,10886082,JPM
2017-08-30,91.25,91.875,91.19,91.31,9165342,JPM
2017-08-31,91.81,91.85,90.8,90.89,13217404,JPM
2017-09-01,91.25,92.36,90.95,91.7,9815834,JPM
2017-09-05,91.02,91.105,89.0243,89.51,17031549,JPM
2017-09-06,90.0,90.5172,89.64,90.11,11845663,JPM
2017-09-07,90.11,90.13,88.08,88.53,14592255,JPM
2017-09-08,88.31,89.42,88.24,88.42,14242198,JPM
2017-09-11,89.39,90.25,88.95,89.79,13219047,JPM
2017-09-12,90.17,91.25,90.1,90.89,14003776,JPM
2017-09-13,90.61,91.5,90.32,91.15,12485428,JPM
2017-09-14,91.2,91.53,90.74,90.97,10562826,JPM
2017-09-15,91.08,91.71,90.76,91.62,18171794,JPM
2017-09-18,91.93,93.135,91.85,92.92,11318699,JPM
2017-09-19,92.71,94.36,92.52,93.94,12626131,JPM
2017-09-20,94.1,95.29,93.71,94.6,15311581,JPM
2017-09-21,94.46,95.37,94.19,95.03,10851489,JPM
2017-09-22,94.7,94.98,94.43,94.83,8358310,JPM
2017-09-25,94.51,94.88,93.45,94.12,10463432,JPM
2017-09-26,93.78,94.03,93.341,93.7,9358111,JPM
2017-09-27,94.97,95.72,94.58,95.18,15090226,JPM
2017-09-28,95.59,95.88,94.91,95.38,10270398,JPM
2017-09-29,95.3,95.52,95.02,95.51,11438412,JPM
2017-10-02,95.77,96.88,95.46,96.84,13797213,JPM
2017-10-03,96.83,97.43,96.7739,97.35,9633452,JPM
2017-10-04,97.3,97.44,96.28,96.36,12166633,JPM
2017-10-05,96.0,97.4,95.55,97.09,14236219,JPM
2017-10-06,97.55,97.64,96.47,96.92,10231853,JPM
2017-10-09,96.96,97.07,96.14,96.41,7765100,JPM
2017-10-10,96.455,97.18,96.24,97.13,10631527,JPM
2017-10-11,96.83,97.01,96.14,96.84,14283617,JPM
2017-10-12,97.3,97.5,95.62,95.99,18251616,JPM
2017-10-13,95.48,96.71,94.96,95.86,13190576,JPM
2017-10-16,96.34,97.95,96.34,97.84,12434009,JPM
2017-10-17,98.07,98.179,97.32,97.62,10335687,JPM
2017-10-18,98.15,98.55,97.63,97.99,10158626,JPM
2017-10-19,97.19,98.2,97.09,98.11,9133863,JPM
2017-10-20,99.28,99.89,98.7301,99.51,15326608,JPM
2017-10-23,99.51,99.99,99.24,99.34,9238624,JPM
2017-10-24,99.88,101.19,99.76,100.92,13000801,JPM
2017-10-25,101.25,101.45,100.19,101.04,12857533,JPM
2017-10-26,101.35,102.4201,101.32,101.74,13054361,JPM
2017-10-27,101.43,102.2263,101.05,101.77,10400446,JPM
2017-10-30,101.13,101.93,100.87,101.41,8839456,JPM
2017-10-31,101.37,101.7,100.57,100.61,8690197,JPM
2017-11-01,101.1,101.7,100.73,100.92,8418239,JPM
2017-11-02,100.87,101.765,100.16,101.59,8731788,JPM
2017-11-03,101.1,101.525,100.73,101.41,7103513,JPM
2017-11-06,101.34,101.6874,100.66,100.78,8121544,JPM
2017-11-07,100.56,100.75,98.25,98.75,18822583,JPM
2017-11-08,98.27,98.37,97.15,97.64,18524671,JPM
2017-11-09,97.12,98.215,96.81,97.63,13680578,JPM
2017-11-10,97.81,98.34,97.5,97.51,9314009,JPM
2017-11-13,96.69,98.05,96.62,97.86,9303072,JPM
2017-11-14,97.34,97.78,96.85,97.27,11043772,JPM
2017-11-15,96.39,98.74,95.95,98.19,15384080,JPM
2017-11-16,98.53,99.06,98.31,98.47,9808033,JPM
2017-11-17,97.82,98.41,97.57,98.14,9017866,JPM
2017-11-20,98.45,99.145,97.76,99.01,9483200,JPM
2017-11-21,99.5,99.55,98.91,98.93,13389407,JPM
2017-11-22,99.03,99.5239,98.59,98.64,7342248,JPM
2017-11-24,98.83,98.9,98.26,98.32,3680043,JPM
2017-11-27,98.31,99.13,97.93,97.93,13076207,JPM
2017-11-28,98.21,101.7,97.97,101.36,16772956,JPM
2017-11-29,102.41,104.22,101.96,103.73,21105546,JPM
2017-11-30,104.74,106.66,104.04,104.52,23945890,JPM
2017-12-01,104.9,105.316,102.2,104.79,19683510,JPM
2017-12-04,107.73,108.4,106.77,106.95,23576608,JPM
2017-12-05,107.17,107.41,104.12,105.72,17193948,JPM
2017-12-06,105.41,105.76,104.525,104.93,15476226,JPM
2017-12-07,103.95,105.185,103.73,104.62,13371781,JPM
2017-12-08,105.08,105.94,104.34,105.93,13506869,JPM
2017-12-11,105.72,106.06,105.31,105.62,10591228,JPM
2017-12-12,105.92,107.37,105.54,106.85,15508840,JPM
2017-12-13,106.7,107.11,105.48,105.51,15020293,JPM
2017-12-14,106.015,106.45,104.64,104.66,13034232,JPM
2017-12-15,105.72,106.52,105.2,106.14,29350598,JPM
2017-12-18,107.31,107.63,106.48,106.96,12713148,JPM
2017-12-19,107.29,107.49,106.44,106.51,12149937,JPM
2017-12-20,107.61,107.7305,106.09,106.14,13091473,JPM
2017-12-21,106.63,108.07,106.56,107.83,12323670,JPM
2017-12-22,108.13,108.46,106.805,107.45,14573385,JPM
2017-12-26,107.2,107.99,106.4,107.02,7403739,JPM
2017-12-27,106.67,107.29,106.67,107.22,9496548,JPM
2017-12-28,107.4,107.84,107.1601,107.79,7440555,JPM
2017-12-29,108.09,108.28,106.94,106.94,8925701,JPM
2018-01-02,107.63,108.02,106.8056,107.95,13578835,JPM
2018-01-03,107.86,108.49,107.48,108.06,11901037,JPM
2018-01-04,108.36,110.03,108.2,109.04,12953656,JPM
2018-01-05,109.26,109.55,107.775,108.34,14154974,JPM
2018-01-08,108.15,108.68,107.7,108.5,12466512,JPM
2018-01-09,108.72,109.63,108.49,109.05,13292310,JPM
2018-01-10,109.47,110.7,109.39,110.25,15834468,JPM
2018-01-11,110.67,110.929,110.051,110.84,13676788,JPM
2018-01-12,111.65,112.85,110.84,112.67,18884229,JPM
2018-01-16,111.51,113.43,111.07,112.27,22703336,JPM
2018-01-17,111.89,113.2958,111.31,112.99,14940266,JPM
2018-01-18,112.76,113.7226,112.27,113.26,14572911,JPM
2018-01-19,113.94,114.34,112.804,113.01,18785468,JPM
2018-01-22,112.66,114.39,112.5,114.33,12475654,JPM
2018-01-23,113.67,114.64,113.35,114.21,12320751,JPM
2018-01-24,114.86,116.0,114.66,115.67,15904504,JPM
2018-01-25,116.04,116.17,115.075,115.7,13509957,JPM
2018-01-26,115.7,116.32,114.96,116.32,13883875,JPM
2018-01-29,116.02,117.3529,116.02,116.2,11679919,JPM
2018-01-30,115.53,116.6,114.98,115.11,14279124,JPM
2018-01-31,115.65,116.66,115.16,115.67,13141423,JPM
2018-02-01,115.77,116.985,115.48,116.87,13800613,JPM
2018-02-02,116.49,116.92,114.09,114.28,16477307,JPM
2018-02-05,113.0,114.59,103.98,108.8,30097591,JPM
2018-02-06,106.85,112.48,106.61,112.11,33114833,JPM
2018-02-07,111.55,114.45,111.146,112.87,21878324,JPM
2013-02-08,38.85,38.94,38.6,38.77,12308001,KO
2013-02-11,38.71,38.83,38.41,38.61,12159872,KO
2013-02-12,38.11,38.16,37.28,37.56,30700481,KO
2013-02-13,37.67,37.94,37.01,37.21,19942647,KO
2013-02-14,37.24,37.51,36.7,36.84,22748290,KO
2013-02-15,36.94,37.42,36.54,37.42,25216274,KO
2013-02-19,37.51,37.77,37.46,37.67,14851051,KO
2013-02-20,37.7,37.885,37.4143,37.73,12949060,KO
2013-02-21,37.62,37.7899,37.43,37.71,14134937,KO
2013-02-22,37.76,38.52,37.71,38.52,20102745,KO
2013-02-25,38.56,38.72,37.72,37.72,15879793,KO
2013-02-26,37.95,38.19,37.775,38.11,15769957,KO
2013-02-27,38.03,38.54,37.92,38.45,14277317,KO
2013-02-28,38.47,38.97,38.42,38.72,19010564,KO
2013-03-01,38.49,38.79,38.49,38.7,13727254,KO
2013-03-04,38.6,38.82,38.45,38.82,9934233,KO
2013-03-05,38.98,39.0,38.555,38.68,13218572,KO
2013-03-06,38.8,39.04,38.7,39.02,11655103,KO
2013-03-07,39.04,39.19,38.84,39.12,15104896,KO
2013-03-08,39.17,39.415,39.03,39.22,11187262,KO
2013-03-11,39.2,39.38,39.18,39.31,9201401,KO
2013-03-12,39.28,39.31,38.8,38.96,11373442,KO
2013-03-13,38.82,38.87,38.55,38.59,14357998,KO
2013-03-14,38.82,39.12,38.66,39.02,14573357,KO
2013-03-15,38.82,38.94,38.66,38.83,20807695,KO
2013-03-18,38.61,38.94,38.57,38.76,11480229,KO
2013-03-19,38.92,39.4,38.82,39.33,15133642,KO
2013-03-20,39.4,39.92,39.36,39.87,19251066,KO
2013-03-21,39.85,40.43,39.76,40.07,22999292,KO
2013-03-22,39.98,40.275,39.89,40.04,15923866,KO
2013-03-25,40.11,40.25,39.96,40.12,15718586,KO
2013-03-26,40.13,40.7,40.13,40.69,13666691,KO
2013-03-27,40.45,40.54,40.062,40.22,14562075,KO
2013-03-28,40.38,40.6,40.02,40.44,14214145,KO
2013-04-01,40.39,40.4899,40.17,40.45,8202005,KO
2013-04-02,40.43,40.9,40.42,40.72,13359176,KO
2013-04-03,40.78,40.82,40.08,40.17,13639024,KO
2013-04-04,40.27,40.59,40.2,40.54,11436472,KO
2013-04-05,40.21,40.355,40.01,40.08,10731445,KO
2013-04-08,40.06,40.87,39.77,40.86,22758248,KO
2013-04-09,40.81,41.13,40.51,40.71,21057051,KO
2013-04-10,40.78,41.17,40.71,41.07,9704433,KO
2013-04-11,41.13,41.41,41.06,41.18,10962497,KO
2013-04-12,40.91,41.11,40.68,41.08,10394506,KO
2013-04-15,40.85,40.9943,40.05,40.09,16013468,KO
2013-04-16,41.4,42.48,41.25,42.37,32144987,KO
2013-04-17,42.14,42.7,42.03,42.55,24207933,KO
2013-04-18,42.48,42.65,42.09,42.1,16023100,KO
2013-04-19,42.28,42.77,42.2,42.66,13880945,KO
2013-04-22,42.52,42.85,42.4,42.72,10544599,KO
2013-04-23,42.78,42.96,42.255,42.7,11204315,KO
2013-04-24,42.64,42.9,42.1,42.15,11368181,KO
2013-04-25,42.26,42.54,42.08,42.35,10197008,KO
2013-04-26,42.18,42.43,42.09,42.1,15164660,KO
2013-04-29,42.24,42.29,41.92,42.24,11326618,KO
2013-04-30,42.15,42.39,41.88,42.33,13444898,KO
2013-05-01,42.15,42.56,42.1398,42.21,8710576,KO
2013-05-02,41.66,42.16,41.49,41.96,18717241,KO
2013-05-03,42.17,42.42,41.96,42.24,11740133,KO
2013-05-06,42.29,42.29,41.87,42.08,9356529,KO
2013-05-07,42.21,42.71,42.15,42.7,13785220,KO
2013-05-08,42.54,42.68,42.16,42.46,12620080,KO
2013-05-09,42.51,42.56,42.0,42.12,10114077,KO
2013-05-10,42.11,42.24,41.85,42.15,9927544,KO
2013-05-13,42.14,42.44,42.0,42.19,9290808,KO
2013-05-14,42.18,42.67,42.01,42.52,13027556,KO
2013-05-15,42.5,43.1,42.39,42.92,12306570,KO
2013-05-16,42.91,43.43,42.79,43.09,12330856,KO
2013-05-17,43.05,43.13,42.56,42.97,12612562,KO
2013-05-20,42.95,42.95,42.3,42.38,9965885,KO
2013-05-21,42.48,42.565,42.07,42.34,9150070,KO
2013-05-22,42.28,42.86,42.035,42.25,13606084,KO
2013-05-23,41.93,42.07,41.56,41.93,10934347,KO
2013-05-24,41.54,42.37,41.5,42.24,11542056,KO
2013-05-28,42.6,43.05,42.4,42.55,14412876,KO
2013-05-29,42.34,42.4268,41.31,41.4,16986535,KO
2013-05-30,41.49,41.6,40.75,40.77,20875050,KO
2013-05-31,40.65,40.77,39.99,39.99,26195748,KO
2013-06-03,39.95,40.84,39.63,40.81,16580894,KO
2013-06-04,41.59,41.72,40.95,41.42,19241140,KO
2013-06-05,41.4,41.4,40.6,40.65,16428798,KO
2013-06-06,40.55,40.79,40.31,40.79,11171674,KO
2013-06-07,41.2,41.7299,40.98,41.41,14458918,KO
2013-06-10,41.5,41.52,41.04,41.18,11247280,KO
2013-06-11,40.88,40.98,40.4,40.79,16490901,KO
2013-06-12,40.79,40.94,40.28,40.39,11611090,KO
2013-06-13,40.31,40.48,39.68,40.41,17865680,KO
2013-06-14,40.38,40.79,40.26,40.34,13634259,KO
2013-06-17,40.54,40.91,40.4,40.68,12411010,KO
2013-06-18,40.7,40.995,40.57,40.93,9893068,KO
2013-06-19,41.01,41.44,40.41,40.41,16936295,KO
2013-06-20,40.27,40.35,38.97,39.13,24901453,KO
2013-06-21,39.63,39.97,39.3,39.76,21941299,KO
2013-06-24,39.45,40.01,39.13,39.53,16436615,KO
2013-06-25,39.82,39.925,39.435,39.72,12944219,KO
2013-06-26,40.08,40.48,40.06,40.33,13857625,KO
2013-06-27,40.65,40.88,40.24,40.26,11460750,KO
2013-06-28,40.25,40.44,40.1,40.11,16318565,KO
2013-07-01,40.5,40.92,40.36,40.46,10754383,KO
2013-07-02,40.47,40.74,40.175,40.37,12248784,KO
2013-07-03,40.18,40.56,40.03,40.49,5264817,KO
2013-07-05,40.72,40.8,40.15,40.52,10402250,KO
2013-07-08,40.65,40.76,40.42,40.54,9936974,KO
2013-07-09,40.86,41.07,40.72,40.83,8761006,KO
2013-07-10,40.92,40.96,40.53,40.68,9587746,KO
2013-07-11,41.0,41.15,40.74,41.03,13489216,KO
2013-07-12,41.03,41.13,40.73,41.03,10685847,KO
2013-07-15,41.05,41.25,40.93,41.01,11421234,KO
2013-07-16,39.78,40.5,39.5,40.23,33580511,KO
2013-07-17,40.55,40.98,40.31,40.84,18516596,KO
2013-07-18,40.86,41.07,40.74,40.81,9708855,KO
2013-07-19,40.88,41.1,40.79,41.09,11408320,KO
2013-07-22,41.08,41.14,40.755,40.84,9426825,KO
2013-07-23,40.95,41.13,40.79,40.96,9405642,KO
2013-07-24,41.12,41.13,40.75,40.86,10511118,KO
2013-07-25,40.81,40.8783,40.48,40.84,9138805,KO
2013-07-26,40.65,40.65,40.01,40.64,12279550,KO
2013-07-29,40.61,40.68,40.26,40.28,10132039,KO
2013-07-30,40.42,40.73,40.25,40.32,10769496,KO
2013-07-31,40.41,40.58,40.06,40.08,13557088,KO
2013-08-01,40.4,40.75,40.4,40.57,11999743,KO
2013-08-02,40.03,40.41,39.915,40.22,25466883,KO
2013-08-05,40.18,40.47,40.18,40.29,9933155,KO
2013-08-06,40.23,40.43,40.06,40.37,8645591,KO
2013-08-07,40.31,40.33,40.06,40.15,9305078,KO
2013-08-08,40.3,40.36,40.02,40.2,9481129,KO
2013-08-09,40.25,40.32,40.05,40.16,9021737,KO
2013-08-12,40.04,40.1,39.71,39.83,13969971,KO
2013-08-13,39.93,40.05,39.5,39.65,13548665,KO
2013-08-14,39.59,39.68,39.35,39.53,13787785,KO
2013-08-15,39.3,39.4,39.02,39.09,14228087,KO
2013-08-16,39.03,39.18,38.71,39.05,20565970,KO
2013-08-19,39.05,39.09,38.69,38.78,11913022,KO
2013-08-20,38.85,39.14,38.65,38.65,10237963,KO
2013-08-21,38.63,38.7,38.25,38.28,15799053,KO
2013-08-22,38.32,38.52,38.1,38.31,10307932,KO
2013-08-23,38.61,38.61,38.37,38.52,11300683,KO
2013-08-26,38.6,38.6,38.11,38.12,12728551,KO
2013-08-27,37.98,38.24,37.8,38.15,16739463,KO
2013-08-28,38.06,38.53,38.05,38.35,19245219,KO
2013-08-29,38.47,38.47,38.1,38.1,14215731,KO
2013-08-30,38.16,38.28,38.0,38.18,14296781,KO
2013-09-03,38.27,38.4,37.8,37.9,19068692,KO
2013-09-04,37.8799,38.73,37.81,38.54,19138461,KO
2013-09-05,38.63,38.69,38.06,38.24,14290879,KO
2013-09-06,38.38,38.62,38.1,38.35,13977544,KO
2013-09-09,38.52,38.555,38.27,38.52,10608482,KO
2013-09-10,38.77,38.78,38.51,38.63,11757481,KO
2013-09-11,38.68,38.78,38.53,38.78,11996844,KO
2013-09-12,38.59,38.61,38.28,38.44,12114110,KO
2013-09-13,38.56,38.74,38.42,38.69,11623631,KO
2013-09-16,39.03,39.2,38.74,38.86,13399779,KO
2013-09-17,38.81,39.095,38.79,38.79,12883282,KO
2013-09-18,38.81,39.6,38.58,39.59,18075171,KO
2013-09-19,39.64,39.67,39.15,39.31,14254642,KO
2013-09-20,39.33,39.4,38.78,39.4,30679567,KO
2013-09-23,39.16,39.19,38.44,38.63,19016948,KO
2013-09-24,38.72,38.87,38.52,38.53,14839000,KO
2013-09-25,38.65,38.68,38.3,38.33,11446120,KO
2013-09-26,38.4899,38.74,38.39,38.74,10939377,KO
2013-09-27,38.57,38.58,38.145,38.4,12591018,KO
2013-09-30,38.19,38.2956,37.75,37.88,18101484,KO
2013-10-01,38.0,38.09,37.62,37.95,13192358,KO
2013-10-02,37.81,37.81,37.21,37.43,25664196,KO
2013-10-03,37.46,37.46,37.13,37.16,14437045,KO
2013-10-04,37.25,37.27,36.91,37.2,17217596,KO
2013-10-07,37.08,37.38,36.83,37.05,16707707,KO
2013-10-08,37.1,37.41,36.9,37.28,20523044,KO
2013-10-09,37.38,37.42,37.01,37.08,18999156,KO
2013-10-10,37.77,37.86,37.445,37.78,17174494,KO
2013-10-11,37.92,37.92,37.52,37.77,14266861,KO
2013-10-14,37.56,37.95,37.51,37.91,14201200,KO
2013-10-15,38.18,38.37,37.6,37.66,21584723,KO
2013-10-16,38.01,38.24,37.78,38.0,17995183,KO
2013-10-17,38.06,38.56,38.01,38.55,15887641,KO
2013-10-18,38.58,38.78,38.42,38.78,18896638,KO
2013-10-21,38.95,38.95,38.6,38.82,12977394,KO
2013-10-22,38.86,39.25,38.69,39.09,17058745,KO
2013-10-23,39.08,39.25,38.8,39.09,12591818,KO
2013-10-24,39.15,39.37,38.76,38.8,17133044,KO
2013-10-25,38.84,39.13,38.63,39.03,14383440,KO
2013-10-28,39.02,39.74,38.99,39.61,16460258,KO
2013-10-29,39.57,39.96,39.35,39.8,14199602,KO
2013-10-30,39.88,39.89,39.51,39.62,12336368,KO
2013-10-31,39.51,39.86,39.51,39.57,14835643,KO
2013-11-01,39.57,39.72,39.325,39.61,12430394,KO
2013-11-04,39.71,39.81,39.3,39.51,10252127,KO
2013-11-05,39.36,39.64,39.22,39.5,10581453,KO
2013-11-06,39.62,40.215,39.42,40.05,17196338,KO
2013-11-07,40.08,40.25,39.76,39.83,16216562,KO
2013-11-08,39.74,40.05,39.49,40.05,11884845,KO
2013-11-11,40.01,40.05,39.77,39.87,9568206,KO
2013-11-12,39.91,39.99,39.615,39.88,10509186,KO
2013-11-13,39.82,40.12,39.65,40.12,11771062,KO
2013-11-14,40.09,40.44,40.03,40.21,10887179,KO
2013-11-15,40.16,40.32,39.96,40.22,12021512,KO
2013-11-18,40.24,40.24,40.0,40.17,9553863,KO
2013-11-19,40.14,40.225,39.919,40.14,11014819,KO
2013-11-20,40.05,40.45,39.94,40.06,14422486,KO
2013-11-21,40.2,40.495,40.1,40.43,26364544,KO
2013-11-22,40.34,40.46,40.09,40.43,26397103,KO
2013-11-25,40.48,40.875,40.33,40.37,14059132,KO
2013-11-26,40.49,40.6,40.24,40.25,14240538,KO
2013-11-27,40.09,40.38,39.69,40.19,9909068,KO
2013-11-29,40.27,40.48,40.11,40.19,8641107,KO
2013-12-02,40.1,40.2,39.75,40.08,16739680,KO
2013-12-03,40.05,40.39,40.01,40.35,16592298,KO
2013-12-04,40.2,40.47,39.94,40.37,13196116,KO
2013-12-05,40.28,40.4,39.8,39.83,18171207,KO
2013-12-06,40.05,40.5,40.05,40.46,12557216,KO
2013-12-09,40.4,40.5,40.2,40.4,12237657,KO
2013-12-10,40.26,40.29,39.75,39.85,15967788,KO
2013-12-11,39.95,40.34,39.89,40.13,14963476,KO
2013-12-12,39.99,40.21,39.18,39.21,19817651,KO
2013-12-13,39.47,39.64,39.21,39.23,14037380,KO
2013-12-16,39.46,39.57,39.2,39.27,14562149,KO
2013-12-17,39.12,39.25,38.87,39.1,17664055,KO
2013-12-18,39.2601,40.08,39.0,40.02,23887038,KO
2013-12-19,39.97,40.1,39.56,39.86,14791981,KO
2013-12-20,39.92,40.19,39.8538,40.04,22244802,KO
2013-12-23,40.1,40.245,39.87,40.16,10952475,KO
2013-12-24,40.17,40.31,40.1,40.19,4783757,KO
2013-12-26,40.22,40.54,40.14,40.49,8588472,KO
2013-12-27,40.69,40.79,40.53,40.66,6762203,KO
2013-12-30,40.77,41.14,40.76,41.09,10927592,KO
2013-12-31,41.13,41.387,40.98,41.31,11730170,KO
2014-01-02,41.12,41.225,40.51,40.66,12720197,KO
2014-01-03,40.68,40.73,40.35,40.46,10403834,KO
2014-01-06,40.48,40.5926,40.16,40.27,11041224,KO
2014-01-07,40.48,40.7208,40.29,40.39,11879587,KO
2014-01-08,40.44,40.44,39.83,39.94,15357527,KO
2014-01-09,39.95,40.0,39.52,39.73,14074835,KO
2014-01-10,39.96,40.29,39.9,40.13,13314525,KO
2014-01-13,40.0,40.13,39.5,39.53,14136793,KO
2014-01-14,39.64,39.92,39.58,39.69,12808195,KO
2014-01-15,39.83,39.94,39.58,39.76,12845194,KO
2014-01-16,39.7799,39.82,39.58,39.71,11076882,KO
2014-01-17,39.72,39.75,39.28,39.28,14027351,KO
2014-01-21,39.64,39.92,39.53,39.92,17590424,KO
2014-01-22,39.99,40.09,39.753,39.9,9856355,KO
2014-01-23,39.61,39.64,39.12,39.24,14867404,KO
2014-01-24,39.08,39.25,38.82,38.84,16533729,KO
2014-01-27,38.82,38.98,38.71,38.73,14603927,KO
2014-01-28,38.77,39.075,38.62,38.87,8931212,KO
2014-01-29,38.57,38.57,37.82,37.9,23776371,KO
2014-01-30,38.0,38.41,38.0,38.17,13663569,KO
2014-01-31,37.95,38.16,37.72,37.82,16185576,KO
2014-02-03,38.02,38.02,37.1,37.2,23195836,KO
2014-02-04,37.44,37.55,37.21,37.48,17797978,KO
2014-02-05,37.49,37.715,37.38,37.61,13716618,KO
2014-02-06,38.76,38.94,37.92,38.03,22665049,KO
2014-02-07,38.17,38.35,37.87,37.95,20495016,KO
2014-02-10,38.07,38.62,37.84,38.57,20915498,KO
2014-02-11,38.67,38.785,38.51,38.64,15417558,KO
2014-02-12,38.85,38.92,38.4,38.51,10633637,KO
2014-02-13,38.13,38.7588,38.13,38.65,10449553,KO
2014-02-14,38.6,39.02,38.27,38.93,16047482,KO
2014-02-18,37.98,38.11,37.26,37.47,46195701,KO
2014-02-19,37.5,37.6,37.05,37.1,26650629,KO
2014-02-20,37.06,37.52,36.89,37.3,22652321,KO
2014-02-21,37.59,37.62,37.14,37.18,19440449,KO
2014-02-24,37.3,37.6,37.22,37.5,24225051,KO
2014-02-25,37.63,37.94,37.5,37.77,22879234,KO
2014-02-26,37.9,37.94,37.72,37.87,18202510,KO
2014-02-27,37.84,38.11,37.8,38.07,18441483,KO
2014-02-28,38.08,38.3851,38.04,38.2,15765571,KO
2014-03-03,37.88,38.16,37.85,38.12,18684354,KO
2014-03-04,38.34,38.389,38.23,38.31,20456788,KO
2014-03-05,38.42,38.45,38.25,38.35,14367749,KO
2014-03-06,38.4,38.5501,38.27,38.47,14740674,KO
2014-03-07,38.56,38.61,38.36,38.55,17074233,KO
2014-03-10,38.55,38.65,38.44,38.65,14541439,KO
2014-03-11,38.84,38.84,38.54,38.8,13845663,KO
2014-03-12,38.27,38.5,38.21,38.47,15692277,KO
2014-03-13,38.45,38.49,37.921,37.97,18302808,KO
2014-03-14,37.95,38.32,37.88,38.17,14687231,KO
2014-03-17,38.17,38.37,38.05,38.27,19202973,KO
2014-03-18,38.27,38.46,38.135,38.4,16880363,KO
2014-03-19,38.36,38.585,38.1,38.14,20882157,KO
2014-03-20,38.11,38.47,37.95,38.45,13227981,KO
2014-03-21,38.78,38.83,38.28,38.44,19210757,KO
2014-03-24,38.48,38.535,38.205,38.4,15693042,KO
2014-03-25,38.49,38.8,38.46,38.62,16898937,KO
2014-03-26,38.69,38.94,38.61,38.61,15835535,KO
2014-03-27,38.51,39.0,38.48,38.82,13031474,KO
2014-03-28,38.89,39.03,38.82,38.95,11502051,KO
2014-03-31,38.99,39.03,38.46,38.66,24489838,KO
2014-04-01,38.53,38.89,38.3149,38.41,20516452,KO
2014-04-02,38.49,38.54,38.3,38.33,15708927,KO
2014-04-03,38.39,38.49,38.04,38.07,18113991,KO
2014-04-04,38.24,38.48,38.14,38.22,15453554,KO
2014-04-07,38.27,38.89,38.26,38.62,17295654,KO
2014-04-08,38.67,38.9,38.48,38.9,14770515,KO
2014-04-09,38.84,38.99,38.7,38.99,12031360,KO
2014-04-10,38.98,39.4,38.82,38.89,21025736,KO
2014-04-11,38.83,39.22,38.57,38.63,18085746,KO
2014-04-14,38.71,38.8,38.4,38.73,19389800,KO
2014-04-15,39.83,40.47,39.5,40.18,47529158,KO
2014-04-16,40.12,40.59,40.12,40.59,21926145,KO
2014-04-17,40.43,40.72,40.25,40.72,18547111,KO
2014-04-21,40.47,40.76,40.35,40.75,12630881,KO
2014-04-22,40.58,40.76,40.42,40.71,17405459,KO
2014-04-23,40.7,40.81,40.56,40.73,12072454,KO
2014-04-24,40.7,40.89,40.46,40.7,11401621,KO
2014-04-25,40.46,41.01,40.44,41.01,16811384,KO
2014-04-28,40.82,41.28,40.74,41.03,20736717,KO
2014-04-29,40.97,41.03,40.52,40.57,18928395,KO
2014-04-30,40.69,40.88,40.59,40.79,12361992,KO
2014-05-01,40.79,40.8,40.26,40.78,15385753,KO
2014-05-02,40.79,40.96,40.63,40.95,14197753,KO
2014-05-05,40.65,40.93,40.55,40.76,10164164,KO
2014-05-06,40.52,40.66,40.45,40.49,9359857,KO
2014-05-07,40.7,40.97,40.63,40.91,11115932,KO
2014-05-08,40.85,40.96,40.65,40.73,8538993,KO
2014-05-09,40.78,40.95,40.71,40.87,8516358,KO
2014-05-12,40.88,40.97,40.69,40.82,8906010,KO
2014-05-13,40.83,41.22,40.82,41.11,11579715,KO
2014-05-14,41.02,41.175,40.83,40.89,10036175,KO
2014-05-15,40.62,40.96,40.44,40.52,12379234,KO
2014-05-16,40.52,40.91,40.45,40.89,13824170,KO
2014-05-19,40.6,40.73,40.42,40.71,7559456,KO
2014-05-20,40.8,40.93,40.57,40.58,9640511,KO
2014-05-21,40.55,40.88,40.5,40.87,8607297,KO
2014-05-22,40.77,40.84,40.53,40.58,8430681,KO
2014-05-23,40.63,40.6999,40.53,40.58,6255168,KO
2014-05-27,40.56,40.82,40.48,40.77,11291392,KO
2014-05-28,40.7,40.885,40.53,40.58,7536671,KO
2014-05-29,40.68,40.87,40.6,40.66,9867262,KO
2014-05-30,40.54,40.925,40.49,40.91,10446099,KO
2014-06-02,40.75,40.89,40.68,40.86,7472050,KO
2014-06-03,40.72,41.0,40.71,40.88,10493219,KO
2014-06-04,40.91,40.92,40.71,40.79,7864666,KO
2014-06-05,40.73,41.0,40.63,40.89,10133496,KO
2014-06-06,40.94,41.06,40.84,40.99,8760639,KO
2014-06-09,40.85,41.09,40.85,40.91,7316402,KO
2014-06-10,40.84,41.15,40.81,41.07,9169620,KO
2014-06-11,40.98,41.055,40.79,40.86,9648619,KO
2014-06-12,40.41,40.68,40.37,40.42,11583569,KO
2014-06-13,40.39,40.535,40.25,40.37,9203771,KO
2014-06-16,40.19,40.77,40.15,40.66,12878160,KO
2014-06-17,41.18,41.2,40.61,40.92,26927159,KO
2014-06-18,40.79,41.57,40.75,41.56,18518178,KO
2014-06-19,41.54,41.87,41.53,41.79,13275256,KO
2014-06-20,41.87,41.875,41.53,41.69,23403271,KO
2014-06-23,41.46,41.74,41.33,41.73,13099754,KO
2014-06-24,41.52,41.89,41.47,41.85,14962791,KO
2014-06-25,41.6,41.98,41.46,41.96,17621843,KO
2014-06-26,41.91,42.05,41.7799,42.03,16905479,KO
2014-06-27,41.99,42.29,41.91,42.19,18674412,KO
2014-06-30,41.98,42.49,41.82,42.36,14068762,KO
2014-07-01,42.39,42.45,42.15,42.29,11497697,KO
2014-07-02,42.31,42.41,42.15,42.29,6707175,KO
2014-07-03,42.26,42.32,42.01,42.23,7537718,KO
2014-07-07,41.96,42.2,41.93,42.14,9000085,KO
2014-07-08,41.97,42.25,41.91,41.94,10091147,KO
2014-07-09,41.93,42.16,41.79,41.95,9900209,KO
2014-07-10,41.56,42.29,41.55,42.26,12564494,KO
2014-07-11,42.12,42.25,41.881,41.97,9772958,KO
2014-07-14,41.99,42.39,41.98,42.38,11857698,KO
2014-07-15,42.41,42.43,41.95,42.1,10551682,KO
2014-07-16,42.26,42.39,42.02,42.12,10331524,KO
2014-07-17,41.93,42.15,41.83,42.02,9983505,KO
2014-07-18,42.14,42.47,42.0201,42.43,19272396,KO
2014-07-21,42.12,42.57,42.09,42.4,17607218,KO
2014-07-22,41.1,41.33,40.61,41.19,24707572,KO
2014-07-23,40.98,41.05,40.63,40.81,17531713,KO
2014-07-24,40.97,41.1,40.66,40.97,14856012,KO
2014-07-25,40.92,41.04,40.81,41.0,10809949,KO
2014-07-28,40.99,41.0,40.61,40.68,11709721,KO
2014-07-29,40.75,40.78,40.35,40.35,10872629,KO
2014-07-30,40.45,40.5,39.61,39.62,20346235,KO
2014-07-31,39.53,39.73,39.25,39.29,15436851,KO
2014-08-01,39.41,39.46,39.115,39.4,11012915,KO
2014-08-04,39.41,39.46,39.115,39.4,11013475,KO
2014-08-05,39.34,39.53,39.1,39.18,11639154,KO
2014-08-06,39.13,39.96,39.13,39.92,17567544,KO
2014-08-07,39.96,40.01,39.33,39.35,14367594,KO
2014-08-08,39.34,39.575,39.26,39.45,13666969,KO
2014-08-11,39.52,39.87,39.52,39.57,14102644,KO
2014-08-12,39.56,39.84,39.54,39.68,13297538,KO
2014-08-13,39.7,40.1,39.7,39.94,9638888,KO
2014-08-14,39.93,40.19,39.93,40.18,6902023,KO
2014-08-15,40.85,41.15,40.66,40.88,23221550,KO
2014-08-18,40.79,41.42,40.79,41.35,14892233,KO
2014-08-19,41.35,41.48,41.16,41.26,10261305,KO
2014-08-20,41.15,41.34,41.09,41.25,6791695,KO
2014-08-21,41.29,41.69,41.22,41.41,11951213,KO
2014-08-22,41.29,41.52,41.05,41.12,11244643,KO
2014-08-25,41.32,41.445,41.12,41.41,10229332,KO
2014-08-26,41.41,41.7,41.41,41.6,8416524,KO
2014-08-27,41.53,41.71,41.44,41.6,7701957,KO
2014-08-28,41.51,41.7,41.44,41.63,9747093,KO
2014-08-29,41.6,41.75,41.47,41.72,7666718,KO
2014-09-02,41.52,41.84,41.31,41.64,9798704,KO
2014-09-03,41.69,41.85,41.66,41.78,8644484,KO
2014-09-04,41.8,42.17,41.7325,41.87,16785311,KO
2014-09-05,41.86,41.86,41.61,41.84,12768144,KO
2014-09-08,41.67,41.94,41.63,41.78,9097707,KO
2014-09-09,41.77,42.03,41.75,41.94,11892490,KO
2014-09-10,41.9,42.19,41.83,42.17,17558019,KO
2014-09-11,41.68,42.06,41.66,41.95,19615854,KO
2014-09-12,41.9,41.92,41.36,41.46,12979948,KO
2014-09-15,41.45,41.58,41.33,41.5,12259597,KO
2014-09-16,41.29,41.795,41.18,41.64,15232844,KO
2014-09-17,41.77,41.78,41.315,41.61,16703094,KO
2014-09-18,41.75,41.88,41.55,41.79,12594172,KO
2014-09-19,41.98,42.345,41.75,42.05,47559738,KO
2014-09-22,41.85,42.25,41.73,42.22,11518108,KO
2014-09-23,42.0,42.16,41.88,41.89,10252374,KO
2014-09-24,41.85,42.34,41.85,42.27,13540935,KO
2014-09-25,42.06,42.17,41.77,41.78,11076728,KO
2014-09-26,42.0,42.25,41.71,42.2,9939569,KO
2014-09-29,41.9,42.26,41.88,42.25,12446707,KO
2014-09-30,42.1,42.81,42.08,42.66,22613730,KO
2014-10-01,42.55,42.85,42.37,42.74,30409720,KO
2014-10-02,42.6,42.779,42.42,42.66,16643440,KO
2014-10-03,42.86,43.07,42.66,43.0,14046676,KO
2014-10-06,43.03,43.68,42.97,43.6,20331446,KO
2014-10-07,43.48,44.14,43.48,43.92,24936592,KO
2014-10-08,43.58,44.56,43.51,44.55,26115610,KO
2014-10-09,44.44,44.75,43.87,43.87,25030528,KO
2014-10-10,43.88,44.87,43.85,44.47,25920757,KO
2014-10-13,44.28,44.63,44.03,44.07,20183940,KO
2014-10-14,44.04,44.12,43.47,43.64,21027832,KO
2014-10-15,42.7,43.53,42.7,43.23,22988937,KO
2014-10-16,42.65,42.94,42.38,42.56,22519282,KO
2014-10-17,42.69,43.03,42.31,42.88,23236041,KO
2014-10-20,42.75,43.4672,42.71,43.29,17647782,KO
2014-10-21,40.8,41.19,40.26,40.68,55953509,KO
2014-10-22,40.19,41.11,40.1,40.62,27728233,KO
2014-10-23,40.94,41.38,40.74,40.86,23347181,KO
2014-10-24,40.98,41.2699,40.92,41.03,13396421,KO
2014-10-27,40.7,40.905,40.56,40.76,17222528,KO
2014-10-28,40.76,40.86,40.51,40.56,18660970,KO
2014-10-29,42.3,42.54,41.99,42.31,20674861,KO
2014-10-30,40.999,41.59,40.83,41.4,18295604,KO
2014-10-31,41.83,41.89,41.4,41.88,18477684,KO
2014-11-03,41.79,42.28,41.59,41.81,13239536,KO
2014-11-04,41.77,42.05,41.66,41.82,10105358,KO
2014-11-05,42.3,42.54,41.99,42.31,20676761,KO
2014-11-06,42.43,42.62,42.11,42.29,11528817,KO
2014-11-07,42.45,42.46,42.14,42.32,11803792,KO
2014-11-10,42.25,42.57,42.09,42.39,9088938,KO
2014-11-11,42.38,42.71,42.36,42.51,8563691,KO
2014-11-12,42.51,42.89,42.31,42.71,12768769,KO
2014-11-13,42.65,43.08,42.6299,42.79,12007696,KO
2014-11-14,42.7,42.97,42.5,42.73,10939478,KO
2014-11-17,42.75,42.99,42.73,42.92,10663996,KO
2014-11-18,42.95,43.86,42.75,43.53,26143194,KO
2014-11-19,43.67,44.4297,43.56,44.22,25402296,KO
2014-11-20,43.96,44.42,43.85,44.25,13465446,KO
2014-11-21,44.58,44.74,44.28,44.5,14382672,KO
2014-11-24,44.51,44.78,44.2,44.27,12890827,KO
2014-11-25,44.27,44.59,44.12,44.43,10741655,KO
2014-11-26,43.99,44.365,43.97,44.29,9200463,KO
2014-11-28,44.15,45.0,44.15,44.83,10501972,KO
2014-12-01,44.18,44.765,44.13,44.55,10065657,KO
2014-12-02,44.37,44.67,44.23,44.54,9878097,KO
2014-12-03,44.42,44.44,43.76,43.8,15246481,KO
2014-12-04,43.62,43.84,43.37,43.5,13804776,KO
2014-12-05,43.5,43.61,43.2,43.53,12536928,KO
2014-12-08,43.51,43.63,43.09,43.14,12806339,KO
2014-12-09,42.15,42.531,41.67,42.04,25714579,KO
2014-12-10,42.04,42.24,41.56,41.6,18324132,KO
2014-12-11,41.62,42.01,41.5,41.53,16201523,KO
2014-12-12,41.39,41.61,40.87,40.91,18432381,KO
2014-12-15,41.13,41.18,40.56,40.57,23378508,KO
2014-12-16,40.2,41.31,39.8,40.39,23475421,KO
2014-12-17,40.44,41.76,40.38,41.55,20223938,KO
2014-12-18,41.86,42.39,41.75,42.39,18030716,KO
2014-12-19,42.44,42.79,41.89,41.95,24009502,KO
2014-12-22,42.14,42.44,42.09,42.35,11190862,KO
2014-12-23,42.54,43.14,42.47,42.97,13411294,KO
2014-12-24,43.1,43.23,42.92,42.94,6405910,KO
2014-12-26,42.97,43.3,42.93,42.96,6466883,KO
2014-12-29,42.8,43.06,42.49,42.86,8694509,KO
2014-12-30,42.74,42.99,42.651,42.76,9222049,KO
2014-12-31,42.92,42.94,42.22,42.22,9369464,KO
2015-01-02,42.26,42.4,41.8,42.14,9921091,KO
2015-01-05,42.69,42.97,42.08,42.14,26292592,KO
2015-01-06,42.41,42.94,42.24,42.46,16897487,KO
2015-01-07,42.8,43.11,42.58,42.99,13412270,KO
2015-01-08,43.18,43.57,43.1,43.51,21743628,KO
2015-01-09,43.47,43.56,42.95,43.03,12733549,KO
2015-01-12,43.07,43.195,42.46,42.64,11415829,KO
2015-01-13,42.83,43.24,42.452,42.63,12529493,KO
2015-01-14,42.08,42.6,42.07,42.56,13447646,KO
2015-01-15,42.83,42.86,42.17,42.38,11193063,KO
2015-01-16,42.36,42.59,42.24,42.53,15114873,KO
2015-01-20,42.7,43.325,42.61,43.16,17047295,KO
2015-01-21,42.89,43.43,42.76,43.36,10720566,KO
2015-01-22,43.37,43.83,43.0744,43.78,14709117,KO
2015-01-23,43.6,43.75,43.18,43.31,12357723,KO
2015-01-26,43.18,43.23,42.83,43.0,11151861,KO
2015-01-27,42.54,42.64,42.15,42.39,15274036,KO
2015-01-28,42.59,42.795,41.9,41.92,14278506,KO
2015-01-29,41.77,42.15,41.47,42.1,13657918,KO
2015-01-30,41.83,41.93,41.11,41.17,19193704,KO
2015-02-02,41.21,41.63,40.9,41.59,15197517,KO
2015-02-03,41.75,41.85,41.37,41.63,13193129,KO
2015-02-04,41.77,42.09,41.62,41.68,16399992,KO
2015-02-05,41.8,41.82,41.51,41.79,11078513,KO
2015-02-06,41.63,41.76,41.32,41.45,12366380,KO
2015-02-09,41.38,41.45,41.04,41.23,13371066,KO
2015-02-10,42.91,43.03,42.2,42.4,32184188,KO
2015-02-11,42.1,42.49,41.7,42.37,20496282,KO
2015-02-12,42.4,42.66,42.07,42.17,13818248,KO
2015-02-13,42.02,42.23,41.76,41.99,10792091,KO
2015-02-17,41.81,41.88,41.64,41.81,12804246,KO
2015-02-18,41.75,41.8,41.47,41.73,9789765,KO
2015-02-19,41.68,42.24,41.53,42.11,16578304,KO
2015-02-20,42.04,42.11,41.64,41.97,15982353,KO
2015-02-23,41.71,42.17,41.69,41.85,11830339,KO
2015-02-24,41.85,42.33,41.77,42.13,12782659,KO
2015-02-25,42.17,42.24,41.74,42.05,10323318,KO
2015-02-26,42.04,42.55,41.97,42.46,14346538,KO
2015-02-27,42.52,43.66,42.47,43.3,28312835,KO
2015-03-02,43.12,43.28,43.08,43.2,13514600,KO
2015-03-03,43.11,43.16,42.84,42.95,10036311,KO
2015-03-04,42.92,42.98,42.47,42.5,16262994,KO
2015-03-05,42.56,42.605,42.25,42.4,9222960,KO
2015-03-06,42.12,42.2,41.33,41.52,18180467,KO
2015-03-09,41.53,41.55,41.32,41.39,10123274,KO
2015-03-10,41.1,41.15,40.68,40.69,14599065,KO
2015-03-11,40.73,40.73,40.08,40.1,18549681,KO
2015-03-12,40.1,40.57,40.02,40.57,17728747,KO
2015-03-13,40.44,40.57,39.61,39.91,17438430,KO
2015-03-16,40.0,40.35,39.99,40.29,15238783,KO
2015-03-17,40.67,40.73,40.32,40.51,21661805,KO
2015-03-18,40.48,40.79,39.8,40.6,26247491,KO
2015-03-19,40.48,40.52,39.96,40.02,16057555,KO
2015-03-20,40.07,40.66,40.01,40.65,31608480,KO
2015-03-23,40.64,40.94,40.5,40.62,17060523,KO
2015-03-24,40.91,40.985,40.47,40.47,13485734,KO
2015-03-25,40.59,40.7,40.24,40.45,22811328,KO
2015-03-26,40.34,40.56,40.23,40.35,17359635,KO
2015-03-27,40.48,40.48,39.97,40.08,14384361,KO
2015-03-30,40.11,40.61,39.94,40.51,12561436,KO
2015-03-31,40.51,40.9,40.35,40.55,16604780,KO
2015-04-01,40.79,40.81,40.23,40.68,14300701,KO
2015-04-02,40.73,40.87,40.48,40.68,14343102,KO
2015-04-06,40.77,41.61,40.59,41.17,19843401,KO
2015-04-07,41.05,41.37,40.97,41.01,9773391,KO
2015-04-08,40.98,41.09,40.74,40.89,8954659,KO
2015-04-09,40.8,41.08,40.63,41.05,12710885,KO
2015-04-10,41.09,41.16,40.85,40.88,8719980,KO
2015-04-13,40.97,40.97,40.7,40.7,9616271,KO
2015-04-14,40.59,40.65,40.3199,40.51,11209674,KO
2015-04-15,40.59,40.81,40.32,40.4,11189056,KO
2015-04-16,40.41,40.86,40.3,40.6,13120966,KO
2015-04-17,40.47,40.66,40.104,40.3,15330311,KO
2015-04-20,40.42,40.9,40.41,40.66,13023939,KO
2015-04-21,40.67,40.99,40.54,40.78,19673063,KO
2015-04-22,41.56,41.57,41.07,41.31,26887158,KO
2015-04-23,41.23,41.41,40.92,40.95,17408798,KO
2015-04-24,41.04,41.12,40.81,40.89,11623319,KO
2015-04-27,41.0,41.15,40.78,40.83,10044553,KO
2015-04-28,40.95,40.97,40.6,40.77,12174756,KO
2015-04-29,40.66,40.75,40.4,40.49,11371397,KO
2015-04-30,40.4,40.58,40.28,40.56,12700757,KO
2015-05-01,40.58,40.93,40.5,40.91,10848323,KO
2015-05-04,40.88,41.1,40.77,40.96,10204805,KO
2015-05-05,41.14,41.14,40.68,40.75,11721254,KO
2015-05-06,41.04,41.09,40.39,40.66,11906874,KO
2015-05-07,40.53,40.91,40.51,40.7,13834747,KO
2015-05-08,41.0,41.17,40.85,40.98,11144434,KO
2015-05-11,40.98,41.39,40.88,40.94,10113526,KO
2015-05-12,40.77,40.96,40.52,40.69,12384499,KO
2015-05-13,40.75,41.36,40.72,41.05,13183745,KO
2015-05-14,41.3,41.595,41.2549,41.5,9960964,KO
2015-05-15,41.45,41.69,41.43,41.52,8479028,KO
2015-05-18,41.49,41.49,41.25,41.32,11511687,KO
2015-05-19,41.23,41.39,41.13,41.31,9071997,KO
2015-05-20,41.37,41.59,41.31,41.35,10965231,KO
2015-05-21,41.26,41.32,41.07,41.23,9270925,KO
2015-05-22,41.12,41.24,41.04,41.21,11909499,KO
2015-05-26,41.12,41.18,40.74,40.99,15194348,KO
2015-05-27,40.94,41.2,40.83,41.12,9863138,KO
2015-05-28,41.2,41.3,40.8801,41.14,9395168,KO
2015-05-29,41.18,41.18,40.765,40.96,19628649,KO
2015-06-01,41.36,41.405,40.88,40.94,12684052,KO
2015-06-02,40.84,41.155,40.68,40.99,11878845,KO
2015-06-03,41.1,41.21,40.78,40.87,8153777,KO
2015-06-04,40.71,40.98,40.53,40.59,10145794,KO
2015-06-05,40.48,40.52,40.08,40.1,15975551,KO
2015-06-08,40.1,40.26,40.02,40.16,14339260,KO
2015-06-09,40.17,40.415,40.11,40.2,10772741,KO
2015-06-10,40.32,40.54,40.281,40.33,11979870,KO
2015-06-11,40.11,40.25,40.03,40.1,11944854,KO
2015-06-12,40.04,40.12,39.84,39.96,15568577,KO
2015-06-15,39.83,39.86,39.57,39.59,11364793,KO
2015-06-16,39.63,40.155,39.6,40.08,12517410,KO
2015-06-17,40.08,40.32,40.01,40.27,13898422,KO
2015-06-18,40.16,40.74,40.16,40.65,16314590,KO
2015-06-19,40.59,40.65,40.4,40.4,23550571,KO
2015-06-22,40.51,40.81,40.46,40.48,8775913,KO
2015-06-23,40.43,40.52,40.31,40.38,11094928,KO
2015-06-24,40.37,40.45,40.19,40.19,10385088,KO
2015-06-25,40.28,40.34,40.02,40.02,10607592,KO
2015-06-26,40.1,40.35,40.0,40.0,16215596,KO
2015-06-29,39.8,39.98,39.4,39.4,15500771,KO
2015-06-30,39.61,39.61,39.12,39.23,14621325,KO
2015-07-01,39.38,39.6,39.28,39.5,11177431,KO
2015-07-02,39.63,39.81,39.35,39.49,8975923,KO
2015-07-06,39.32,39.6,39.22,39.42,10252593,KO
2015-07-07,39.49,40.375,39.395,40.25,20335005,KO
2015-07-08,39.99,40.23,39.84,39.86,11383747,KO
2015-07-09,40.46,40.58,39.9,39.92,13392040,KO
2015-07-10,40.27,40.52,40.16,40.39,13360379,KO
2015-07-13,40.56,40.77,40.49,40.66,9854203,KO
2015-07-14,40.9,41.26,40.84,41.17,19531043,KO
2015-07-15,41.15,41.36,41.104,41.13,11252142,KO
2015-07-16,41.42,41.6,41.35,41.48,10483688,KO
2015-07-17,41.31,41.32,41.05,41.25,9608302,KO
2015-07-20,41.35,41.54,41.2201,41.38,10024168,KO
2015-07-21,41.38,41.52,41.1,41.19,13653823,KO
2015-07-22,40.81,41.59,40.59,40.9,15528630,KO
2015-07-23,40.99,41.02,40.48,40.84,13522199,KO
2015-07-24,40.76,40.83,40.41,40.44,10912528,KO
2015-07-27,40.28,40.58,40.16,40.54,10945666,KO
2015-07-28,40.65,40.73,40.44,40.55,11021821,KO
2015-07-29,40.53,40.71,40.49,40.59,8479899,KO
2015-07-30,40.55,40.75,40.39,40.56,9095488,KO
2015-07-31,40.88,41.22,40.77,41.08,15309490,KO
2015-08-03,40.85,41.55,40.84,41.54,14672571,KO
2015-08-04,41.51,41.87,41.34,41.85,17559905,KO
2015-08-05,41.92,42.22,41.82,42.12,15329248,KO
2015-08-06,42.0,42.25,41.86,41.92,11378874,KO
2015-08-07,41.81,41.97,41.53,41.77,10886719,KO
2015-08-10,41.89,41.9928,41.58,41.68,9501875,KO
2015-08-11,41.4,41.57,41.17,41.48,11254885,KO
2015-08-12,41.13,41.26,40.85,41.26,9793289,KO
2015-08-13,41.28,41.38,41.01,41.1,10270853,KO
2015-08-14,41.01,41.25,40.96,41.25,9905619,KO
2015-08-17,41.03,41.45,40.97,41.35,8272813,KO
2015-08-18,41.28,41.53,41.19,41.3,11199353,KO
2015-08-19,41.14,41.24,40.78,40.78,15796292,KO
2015-08-20,40.52,40.82,40.42,40.55,14217983,KO
2015-08-21,40.16,40.4728,39.51,39.53,28036173,KO
2015-08-24,37.99,38.94,36.56,38.38,44065301,KO
2015-08-25,39.13,39.275,37.93,37.99,31363717,KO
2015-08-26,38.75,38.83,37.89,38.73,23523272,KO
2015-08-27,39.06,39.38,38.6,39.27,18871551,KO
2015-08-28,39.11,39.47,39.05,39.45,14503887,KO
2015-08-31,39.15,39.45,39.0549,39.32,12673262,KO
2015-09-01,38.67,39.03,38.54,38.75,23703211,KO
2015-09-02,39.03,39.07,38.56,38.9,14054821,KO
2015-09-03,38.9,39.34,38.84,39.16,13311591,KO
2015-09-04,38.68,38.79,38.375,38.52,15450547,KO
2015-09-08,38.87,39.03,38.6,38.9,15273936,KO
2015-09-09,39.12,39.21,38.2,38.3,13764593,KO
2015-09-10,38.31,38.65,38.25,38.42,14952537,KO
2015-09-11,38.01,38.19,37.84,38.13,11802271,KO
2015-09-14,38.22,38.22,37.85,38.1,8950014,KO
2015-09-15,38.07,38.63,37.92,38.5,13019802,KO
2015-09-16,38.67,39.19,38.47,39.15,22233383,KO
2015-09-17,39.15,39.61,39.04,39.38,21232475,KO
2015-09-18,38.86,39.3,38.71,38.98,27527257,KO
2015-09-21,39.05,39.31,38.94,39.19,12935770,KO
2015-09-22,38.68,38.99,38.58,38.79,15021341,KO
2015-09-23,38.79,38.88,38.55,38.76,8910787,KO
2015-09-24,38.52,39.1975,38.51,39.15,19385676,KO
2015-09-25,39.43,40.08,39.33,39.62,22511328,KO
2015-09-28,39.52,39.82,39.33,39.53,19323124,KO
2015-09-29,39.52,39.71,39.33,39.66,14166903,KO
2015-09-30,39.88,40.23,39.8,40.12,19752636,KO
2015-10-01,40.22,40.47,39.6,39.8,19606626,KO
2015-10-02,39.56,40.39,39.36,40.39,15537258,KO
2015-10-05,40.45,41.05,40.43,41.01,15664041,KO
2015-10-06,41.04,41.34,40.93,40.96,14579392,KO
2015-10-07,41.14,41.61,41.1,41.52,14401357,KO
2015-10-08,41.26,41.99,41.26,41.98,11960174,KO
2015-10-09,41.82,42.12,41.78,42.02,13931163,KO
2015-10-12,41.83,42.29,41.81,42.0,12299062,KO
2015-10-13,41.8,41.91,41.54,41.65,12903557,KO
2015-10-14,41.56,41.96,41.56,41.68,14180003,KO
2015-10-15,41.87,42.0251,41.6,41.92,11801562,KO
2015-10-16,42.16,42.21,41.88,42.02,20384217,KO
2015-10-19,41.9,42.055,41.8,41.99,15553774,KO
2015-10-20,42.0,42.4,42.0,42.29,16199274,KO
2015-10-21,41.94,42.515,41.71,42.19,19441875,KO
2015-10-22,42.44,43.85,42.41,43.24,35920184,KO
2015-10-23,43.31,43.31,42.75,42.79,18796054,KO
2015-10-26,42.76,42.89,42.46,42.59,14788551,KO
2015-10-27,42.5,42.77,42.4801,42.61,30166606,KO
2015-10-28,42.75,42.835,42.21,42.73,13667307,KO
2015-10-29,42.66,42.9,42.335,42.79,9427360,KO
2015-10-30,42.8,42.86,42.35,42.35,15356150,KO
2015-11-02,42.32,42.36,41.9,42.24,16252244,KO
2015-11-03,42.18,42.32,41.81,42.16,9693096,KO
2015-11-04,42.27,42.39,41.89,41.97,10488505,KO
2015-11-05,42.0,42.35,41.98,42.33,9625114,KO
2015-11-06,41.97,42.215,41.61,41.96,11926701,KO
2015-11-09,41.7,41.79,41.34,41.54,10842712,KO
2015-11-10,41.44,41.81,41.43,41.77,8283092,KO
2015-11-11,41.94,42.2,41.92,42.04,9101167,KO
2015-11-12,42.01,42.05,41.57,41.58,10724972,KO
2015-11-13,41.46,41.7801,41.36,41.38,11619468,KO
2015-11-16,41.43,42.0,41.39,41.96,11244857,KO
2015-11-17,41.85,42.15,41.505,41.67,12739365,KO
2015-11-18,41.77,42.35,41.68,42.28,12966287,KO
2015-11-19,42.32,43.3,42.32,43.11,24090723,KO
2015-11-20,43.31,43.58,42.4,42.43,19780761,KO
2015-11-23,42.55,43.18,42.53,42.96,13338134,KO
2015-11-24,42.7,43.6,42.66,43.36,15767155,KO
2015-11-25,43.32,43.5,43.24,43.36,10344857,KO
2015-11-27,43.04,43.24,42.8,43.15,7236711,KO
2015-11-30,43.12,43.15,42.605,42.62,16063027,KO
2015-12-01,42.73,43.1,42.73,42.89,11153028,KO
2015-12-02,42.83,42.93,42.59,42.77,12598499,KO
2015-12-03,42.73,42.89,42.32,42.46,15004860,KO
2015-12-04,42.58,43.481,42.58,43.29,16487972,KO
2015-12-07,43.31,43.44,43.0,43.2,12030718,KO
2015-12-08,43.05,43.25,42.795,43.01,10736213,KO
2015-12-09,42.78,43.265,42.5,42.66,12945502,KO
2015-12-10,42.73,43.07,42.525,42.76,15483321,KO
2015-12-11,42.63,42.83,42.14,42.27,17313343,KO
2015-12-14,42.31,42.76,41.97,42.45,20092892,KO
2015-12-15,42.84,43.24,42.76,43.07,17916382,KO
2015-12-16,43.25,43.91,43.25,43.84,21868610,KO
2015-12-17,43.81,43.89,43.42,43.49,14697025,KO
2015-12-18,43.36,43.42,42.5,42.5,24583695,KO
2015-12-21,42.82,42.9362,42.46,42.78,10444353,KO
2015-12-22,42.86,43.39,42.71,43.29,12280757,KO
2015-12-23,43.39,43.725,43.35,43.67,9092284,KO
2015-12-24,43.49,43.72,43.42,43.54,3036573,KO
2015-12-28,43.44,43.52,43.31,43.49,6326143,KO
2015-12-29,43.54,43.78,43.5,43.71,7739815,KO
2015-12-30,43.75,43.77,43.45,43.57,5112475,KO
2015-12-31,43.3,43.34,42.87,42.96,9727907,KO
2016-01-04,42.34,42.5,41.965,42.4,16084145,KO
2016-01-05,42.31,42.625,42.17,42.55,15781895,KO
2016-01-06,42.2,42.51,42.04,42.32,16245132,KO
2016-01-07,41.65,42.11,41.4496,41.62,20563576,KO
2016-01-08,41.65,42.12,41.41,41.51,14645913,KO
2016-01-11,41.58,41.8599,41.29,41.58,15815238,KO
2016-01-12,42.3,42.45,41.87,42.12,21814837,KO
2016-01-13,42.17,42.57,41.79,41.85,16854282,KO
2016-01-14,41.99,42.17,41.64,41.88,16027968,KO
2016-01-15,40.95,41.59,40.926,41.5,21153592,KO
2016-01-19,41.77,42.12,41.65,41.92,15462240,KO
2016-01-20,41.45,41.62,40.75,41.38,19923495,KO
2016-01-21,41.45,41.51,41.0861,41.39,15568891,KO
2016-01-22,41.64,42.2385,41.45,42.06,15209235,KO
2016-01-25,42.24,42.5,41.93,42.16,12505160,KO
2016-01-26,42.16,42.5,41.93,42.08,13018471,KO
2016-01-27,42.18,42.46,41.81,42.09,14167021,KO
2016-01-28,42.18,42.72,42.06,42.57,16622840,KO
2016-01-29,42.86,43.26,42.65,42.92,20457028,KO
2016-02-01,42.6,43.15,42.57,43.0,17097846,KO
2016-02-02,42.7,42.79,42.405,42.44,12332896,KO
2016-02-03,42.8,42.935,42.28,42.72,15958302,KO
2016-02-04,42.52,42.89,42.4,42.53,14413744,KO
2016-02-05,42.93,42.99,42.26,42.44,17315697,KO
2016-02-08,42.17,42.7,41.9,42.65,17254432,KO
2016-02-09,42.26,43.49,42.26,43.3,24853835,KO
2016-02-10,43.34,43.39,42.51,42.55,16729648,KO
2016-02-11,42.03,42.61,41.98,42.41,16825341,KO
2016-02-12,42.72,43.135,42.56,43.11,15222405,KO
2016-02-16,43.32,43.46,43.02,43.36,12675861,KO
2016-02-17,43.42,43.62,43.28,43.49,12332503,KO
2016-02-18,43.63,43.73,43.3,43.61,11170259,KO
2016-02-19,43.58,43.77,43.28,43.77,12849973,KO
2016-02-22,43.76,44.16,43.63,43.94,20716140,KO
2016-02-23,43.74,44.05,43.66,43.69,11166383,KO
2016-02-24,43.564,43.94,43.37,43.91,10844226,KO
2016-02-25,43.96,44.18,43.865,44.16,10903294,KO
2016-02-26,44.04,44.055,43.105,43.14,18421002,KO
2016-02-29,43.17,43.6081,42.92,43.13,15049765,KO
2016-03-01,43.38,43.69,43.17,43.69,12358255,KO
2016-03-02,43.47,43.77,43.42,43.77,12856312,KO
2016-03-03,43.61,43.98,43.54,43.96,13134766,KO
2016-03-04,43.78,44.15,43.68,44.11,13691531,KO
2016-03-07,43.91,44.14,43.86,44.01,10695323,KO
2016-03-08,43.92,44.47,43.81,44.32,18900248,KO
2016-03-09,44.39,44.83,44.29,44.81,18466621,KO
2016-03-10,44.84,45.26,44.68,45.23,28908569,KO
2016-03-11,45.0,45.25,44.93,45.2,16129805,KO
2016-03-14,45.04,45.42,45.04,45.29,13206678,KO
2016-03-15,45.08,45.56,45.07,45.24,13686335,KO
2016-03-16,45.05,45.17,44.55,45.05,15386132,KO
2016-03-17,45.05,45.91,44.965,45.77,24076727,KO
2016-03-18,45.84,45.87,45.39,45.6,23853439,KO
2016-03-21,45.42,45.87,45.36,45.67,9740372,KO
2016-03-22,45.55,45.73,45.39,45.5,13788291,KO
2016-03-23,45.4,45.71,45.35,45.46,9292052,KO
2016-03-24,45.45,45.6,45.19,45.58,10890206,KO
2016-03-28,45.56,45.93,45.51,45.8,13306594,KO
2016-03-29,45.86,46.51,45.81,46.48,25010417,KO
2016-03-30,46.63,46.73,46.33,46.58,14312186,KO
2016-03-31,46.55,46.88,46.32,46.39,15544517,KO
2016-04-01,46.14,46.87,46.11,46.83,14922876,KO
2016-04-04,46.84,46.93,46.5001,46.89,10629837,KO
2016-04-05,46.62,46.81,46.44,46.53,10696703,KO
2016-04-06,46.57,46.73,46.38,46.71,9122659,KO
2016-04-07,46.5,46.58,46.16,46.36,9291960,KO
2016-04-08,46.44,46.98,46.44,46.87,11959305,KO
2016-04-11,46.9,47.13,46.41,46.44,11880062,KO
2016-04-12,46.41,46.76,46.35,46.65,11219103,KO
2016-04-13,46.77,46.78,45.82,46.04,13234140,KO
2016-04-14,46.06,46.22,45.745,45.83,12982242,KO
2016-04-15,45.82,46.155,45.68,46.1,13647784,KO
2016-04-18,46.13,46.28,45.82,46.22,11538098,KO
2016-04-19,46.31,46.62,46.15,46.6,14418258,KO
2016-04-20,45.34,45.38,44.06,44.37,40360297,KO
2016-04-21,44.26,44.28,42.87,43.66,37206893,KO
2016-04-22,43.79,44.66,43.79,44.54,25134220,KO
2016-04-25,44.5,44.72,44.38,44.71,11173788,KO
2016-04-26,44.92,44.96,44.43,44.53,13935517,KO
2016-04-27,44.64,44.86,44.25,44.68,11335539,KO
2016-04-28,44.5,44.9,44.46,44.63,10932525,KO
2016-04-29,44.53,44.86,44.5,44.8,11716045,KO
2016-05-02,44.57,45.19,44.57,44.98,12577467,KO
2016-05-03,44.87,45.065,44.65,44.84,10420484,KO
2016-05-04,44.72,45.11,44.505,44.98,9350517,KO
2016-05-05,44.93,45.49,44.87,45.06,8801093,KO
2016-05-06,45.06,45.41,44.915,45.32,8564035,KO
2016-05-09,45.32,45.5,45.17,45.24,8110576,KO
2016-05-10,45.44,45.84,45.42,45.75,8933457,KO
2016-05-11,45.73,45.88,45.45,45.46,8833105,KO
2016-05-12,45.55,45.895,45.485,45.83,10463436,KO
2016-05-13,45.75,45.83,45.23,45.35,10341197,KO
2016-05-16,45.16,45.73,45.14,45.62,9413602,KO
2016-05-17,45.45,45.56,44.71,44.75,17457008,KO
2016-05-18,44.56,44.8298,44.23,44.48,12524275,KO
2016-05-19,44.25,44.39,44.04,44.32,10659524,KO
2016-05-20,44.51,44.54,43.94,43.95,12914133,KO
2016-05-23,44.07,44.1559,43.94,43.97,13554700,KO
2016-05-24,44.1,44.42,44.0,44.37,12634212,KO
2016-05-25,44.51,44.63,44.25,44.38,9218444,KO
2016-05-26,44.53,44.765,44.44,44.69,8695753,KO
2016-05-27,44.71,44.96,44.65,44.78,7893894,KO
2016-05-31,44.98,44.98,44.26,44.6,18935249,KO
2016-06-01,44.6,44.775,44.49,44.7,8916015,KO
2016-06-02,44.7,44.72,44.5,44.72,6693945,KO
2016-06-03,44.75,45.05,44.68,45.04,13434865,KO
2016-06-06,45.09,45.4815,45.08,45.37,10310560,KO
2016-06-07,45.35,45.48,45.2,45.32,9812617,KO
2016-06-08,45.24,45.66,45.19,45.55,7915417,KO
2016-06-09,45.33,45.7998,45.31,45.76,8042866,KO
2016-06-10,45.62,46.01,45.56,46.0,12357013,KO
2016-06-13,45.48,45.67,45.09,45.12,10613533,KO
2016-06-14,44.85,45.13,44.44,45.04,11298208,KO
2016-06-15,45.12,45.34,44.875,45.01,8360350,KO
2016-06-16,44.87,45.34,44.7199,45.31,11305429,KO
2016-06-17,45.17,45.22,44.38,44.79,20805405,KO
2016-06-20,45.09,45.31,44.96,44.98,10712366,KO
2016-06-21,45.16,45.28,45.0,45.13,7919395,KO
2016-06-22,45.25,45.325,44.81,44.86,10738930,KO
2016-06-23,45.03,45.17,44.84,45.08,9655345,KO
2016-06-24,44.2,44.5561,43.82,43.93,26003657,KO
2016-06-27,43.67,43.885,43.315,43.78,15805581,KO
2016-06-28,44.06,44.19,43.67,44.18,16509784,KO
2016-06-29,44.39,44.71,44.24,44.44,12250905,KO
2016-06-30,44.52,45.33,44.49,45.33,16056522,KO
2016-07-01,45.32,45.41,45.07,45.12,11799738,KO
2016-07-05,45.16,45.67,45.15,45.43,12339123,KO
2016-07-06,45.5,45.55,44.915,45.27,10902573,KO
2016-07-07,45.42,45.52,44.97,45.09,9741108,KO
2016-07-08,45.3,45.52,45.0689,45.38,11127077,KO
2016-07-11,45.35,45.77,45.11,45.57,10937780,KO
2016-07-12,45.64,45.71,45.18,45.58,9746907,KO
2016-07-13,45.61,45.76,45.43,45.74,8028398,KO
2016-07-14,45.73,45.94,45.58,45.69,7621235,KO
2016-07-15,45.88,45.9,45.44,45.63,10620966,KO
2016-07-18,45.69,45.7,45.48,45.63,7958371,KO
2016-07-19,45.46,45.71,45.43,45.63,7761133,KO
2016-07-20,45.75,45.77,45.39,45.51,8478211,KO
2016-07-21,45.34,45.51,45.255,45.45,8150077,KO
2016-07-22,45.5,45.8375,45.46,45.83,8836148,KO
2016-07-25,45.81,45.83,45.47,45.57,9134338,KO
2016-07-26,45.53,45.65,44.83,44.88,15819907,KO
2016-07-27,43.9,44.06,43.1,43.4,37461073,KO
2016-07-28,43.27,43.69,43.22,43.65,13077828,KO
2016-07-29,43.72,43.75,43.48,43.63,16530511,KO
2016-08-01,43.69,43.83,43.43,43.45,12349682,KO
2016-08-02,43.35,43.58,43.31,43.53,12825187,KO
2016-08-03,43.66,43.7,43.37,43.64,12119080,KO
2016-08-04,43.56,43.795,43.4,43.51,11244053,KO
2016-08-05,43.65,43.75,43.41,43.48,10398203,KO
2016-08-08,43.43,43.5166,43.22,43.44,8680309,KO
2016-08-09,43.5,43.64,43.3762,43.47,7281332,KO
2016-08-10,43.64,43.69,43.5,43.61,8412055,KO
2016-08-11,43.72,43.87,43.62,43.75,11303281,KO
2016-08-12,43.91,44.19,43.79,44.03,10928925,KO
2016-08-15,44.1,44.33,44.01,44.24,10390642,KO
2016-08-16,44.25,44.25,43.83,43.83,9706132,KO
2016-08-17,44.01,44.07,43.78,44.06,11208499,KO
2016-08-18,44.01,44.26,44.0,44.1,9144293,KO
2016-08-19,44.05,44.06,43.74,43.92,9385920,KO
2016-08-22,43.94,43.945,43.725,43.74,8687524,KO
2016-08-23,43.85,43.98,43.74,43.85,8421061,KO
2016-08-24,43.82,43.94,43.6641,43.85,11508919,KO
2016-08-25,43.85,43.94,43.63,43.67,9815662,KO
2016-08-26,43.72,43.92,43.31,43.32,11824943,KO
2016-08-29,43.34,43.61,43.33,43.54,9544573,KO
2016-08-30,43.46,43.53,43.12,43.24,9720067,KO
2016-08-31,43.43,43.46,43.08,43.43,10217936,KO
2016-09-01,43.21,43.41,43.2,43.35,8457766,KO
2016-09-02,43.52,43.83,43.47,43.66,9026010,KO
2016-09-06,43.74,43.8,43.395,43.79,8600372,KO
2016-09-07,43.72,43.8,43.53,43.64,8656580,KO
2016-09-08,43.67,43.73,43.45,43.63,10020425,KO
2016-09-09,43.43,43.43,42.27,42.27,23624237,KO
2016-09-12,42.36,43.23,42.34,43.19,15932296,KO
2016-09-13,42.77,42.77,42.21,42.28,12962720,KO
2016-09-14,42.27,42.41,41.99,42.11,9823933,KO
2016-09-15,42.01,42.39,41.88,42.36,10244620,KO
2016-09-16,42.17,42.26,41.965,42.14,16353971,KO
2016-09-19,42.16,42.37,42.08,42.1,7659863,KO
2016-09-20,42.31,42.53,42.24,42.34,8407163,KO
2016-09-21,42.28,42.61,42.1,42.53,13654653,KO
2016-09-22,42.71,43.01,42.69,42.96,9288268,KO
2016-09-23,42.81,42.94,42.65,42.74,8852719,KO
2016-09-26,42.71,42.72,42.01,42.05,15036043,KO
2016-09-27,42.19,42.63,42.0,42.59,11920432,KO
2016-09-28,42.63,42.76,42.03,42.15,15523783,KO
2016-09-29,42.02,42.39,41.85,42.03,12671673,KO
2016-09-30,42.21,42.5,42.06,42.32,14375702,KO
2016-10-03,42.31,42.31,41.885,42.03,11152793,KO
2016-10-04,42.34,42.34,41.78,41.84,13682703,KO
2016-10-05,41.93,42.07,41.67,41.81,9607263,KO
2016-10-06,41.68,41.94,41.58,41.71,9722878,KO
2016-10-07,41.83,41.94,41.565,41.73,8122809,KO
2016-10-10,41.92,41.99,41.6,41.73,8983623,KO
2016-10-11,41.66,41.7,41.4,41.54,12249060,KO
2016-10-12,41.63,41.84,41.5,41.78,12216588,KO
2016-10-13,41.65,41.89,41.51,41.76,17655643,KO
2016-10-14,41.85,41.905,41.62,41.67,9893840,KO
2016-10-17,41.73,41.86,41.57,41.6,10792512,KO
2016-10-18,41.81,42.0,41.73,41.97,11297333,KO
2016-10-19,41.93,42.115,41.81,42.05,16367383,KO
2016-10-20,41.97,42.11,41.89,41.93,10620494,KO
2016-10-21,41.85,42.17,41.68,42.13,14401515,KO
2016-10-24,42.32,42.77,42.25,42.56,13439196,KO
2016-10-25,42.64,42.88,42.43,42.54,16484713,KO
2016-10-26,43.0,43.03,42.41,42.44,16886249,KO
2016-10-27,42.63,42.645,41.9,42.12,14537030,KO
2016-10-28,42.26,42.47,42.1,42.23,13398353,KO
2016-10-31,42.12,42.41,42.12,42.4,13327475,KO
2016-11-01,42.4,42.425,41.91,42.12,12223368,KO
2016-11-02,42.1,42.34,42.01,42.05,12034271,KO
2016-11-03,42.22,42.22,41.96,42.03,11257978,KO
2016-11-04,41.85,42.04,41.69,41.69,14464185,KO
2016-11-07,42.04,42.5,42.04,42.46,14038532,KO
2016-11-08,42.37,42.98,42.37,42.88,12036581,KO
2016-11-09,41.76,42.32,41.7,42.27,21350962,KO
2016-11-10,41.86,42.26,40.855,40.94,33245534,KO
2016-11-11,40.95,41.13,40.63,41.03,13420962,KO
2016-11-14,41.13,41.42,40.85,41.17,19514172,KO
2016-11-15,41.18,41.52,41.17,41.44,16553962,KO
2016-11-16,41.4,41.65,41.155,41.26,12681351,KO
2016-11-17,41.28,41.3,41.0,41.12,12398821,KO
2016-11-18,41.03,41.2,40.9,40.91,16345262,KO
2016-11-21,40.74,41.36,40.73,41.36,12307041,KO
2016-11-22,41.45,41.7,41.24,41.37,12743512,KO
2016-11-23,41.22,41.31,41.03,41.12,9294081,KO
2016-11-25,41.39,41.58,41.24,41.53,7402652,KO
2016-11-28,41.51,41.79,41.27,41.75,19424412,KO
2016-11-29,41.52,41.52,41.14,41.15,11421921,KO
2016-11-30,41.0,41.2,40.35,40.35,22410367,KO
2016-12-01,40.31,40.39,39.88,40.17,20409864,KO
2016-12-02,40.3,40.495,40.19,40.36,11176301,KO
2016-12-05,40.34,40.69,40.31,40.62,15977847,KO
2016-12-06,40.75,40.77,40.42,40.57,11303492,KO
2016-12-07,40.54,41.29,40.51,41.29,13726520,KO
2016-12-08,41.07,41.21,40.845,40.98,13077139,KO
2016-12-09,41.5,42.22,41.29,42.0,28125775,KO
2016-12-12,42.0,42.01,41.72,41.9,17561150,KO
2016-12-13,41.72,41.96,41.54,41.76,18985974,KO
2016-12-14,41.89,41.99,41.06,41.21,17937857,KO
2016-12-15,41.095,41.81,41.095,41.55,14265277,KO
2016-12-16,41.61,41.76,41.48,41.74,19675238,KO
2016-12-19,41.69,41.8,41.58,41.67,8687338,KO
2016-12-20,41.7,41.72,41.44,41.66,10603483,KO
2016-12-21,41.6,41.8301,41.52,41.57,9693613,KO
2016-12-22,41.57,41.62,41.08,41.55,11894113,KO
2016-12-23,41.62,41.69,41.35,41.6,6436556,KO
2016-12-27,41.56,41.76,41.54,41.61,6999169,KO
2016-12-28,41.49,41.67,41.39,41.39,8987984,KO
2016-12-29,41.38,41.69,41.38,41.6,6875301,KO
2016-12-30,41.69,41.84,41.35,41.46,11470194,KO
2017-01-03,41.5,41.81,41.28,41.8,14711049,KO
2017-01-04,41.88,41.97,41.59,41.65,9959402,KO
2017-01-05,41.66,41.86,41.525,41.75,8968258,KO
2017-01-06,41.7,41.81,41.54,41.74,10247235,KO
2017-01-09,41.23,41.58,41.21,41.32,14822501,KO
2017-01-10,41.44,41.44,40.86,41.04,19706782,KO
2017-01-11,40.85,41.12,40.83,41.05,9266213,KO
2017-01-12,41.01,41.04,40.8,40.95,8541181,KO
2017-01-13,41.0,41.04,40.69,40.88,8123494,KO
2017-01-17,40.84,41.3,40.8,41.22,12469432,KO
2017-01-18,41.25,41.379,41.14,41.29,10390485,KO
2017-01-19,41.14,41.29,41.03,41.14,10987072,KO
2017-01-20,41.27,41.44,41.13,41.32,14695409,KO
2017-01-23,41.31,41.5,41.21,41.43,11628909,KO
2017-01-24,41.47,41.97,41.47,41.9,17040102,KO
2017-01-25,41.94,42.25,41.9,42.12,12538163,KO
2017-01-26,42.03,42.11,41.79,41.81,8977135,KO
2017-01-27,41.91,41.95,41.42,41.45,12967305,KO
2017-01-30,41.3,41.48,41.205,41.38,11626225,KO
2017-01-31,41.39,41.685,41.36,41.57,12677977,KO
2017-02-01,41.52,41.66,41.25,41.26,11136077,KO
2017-02-02,41.41,41.49,41.25,41.4,9459722,KO
2017-02-03,41.58,41.79,41.455,41.54,11882373,KO
2017-02-06,41.53,41.67,41.4,41.56,15742824,KO
2017-02-07,41.7,41.98,41.67,41.9,13315185,KO
2017-02-08,41.91,42.15,41.84,42.02,14219667,KO
2017-02-09,41.52,41.68,40.72,41.25,27240268,KO
2017-02-10,41.02,41.2,40.55,40.58,28847307,KO
2017-02-13,40.77,40.83,40.5,40.62,23617075,KO
2017-02-14,40.38,40.6,40.22,40.53,32177836,KO
2017-02-15,40.42,40.63,40.395,40.44,26600788,KO
2017-02-16,40.55,41.28,40.5,41.2,22214839,KO
2017-02-17,41.13,41.36,41.05,41.23,15065148,KO
2017-02-21,41.2,41.5,41.2,41.46,17072551,KO
2017-02-22,41.51,41.68,41.4,41.6,11186823,KO
2017-02-23,41.67,42.0,41.62,41.66,12856844,KO
2017-02-24,41.7,41.91,41.6,41.78,13215306,KO
2017-02-27,41.75,41.75,41.585,41.67,12186364,KO
2017-02-28,41.68,42.07,41.64,41.96,15946816,KO
2017-03-01,42.01,42.35,41.88,42.16,14662016,KO
2017-03-02,42.08,42.56,42.07,42.47,15507623,KO
2017-03-03,42.44,42.49,42.25,42.48,11743030,KO
2017-03-06,42.34,42.43,42.12,42.18,16307783,KO
2017-03-07,42.0,42.24,41.95,41.99,11273704,KO
2017-03-08,42.0,42.025,41.74,41.99,14641689,KO
2017-03-09,42.09,42.11,41.92,42.03,14496447,KO
2017-03-10,42.23,42.4,42.15,42.29,16369676,KO
2017-03-13,41.92,42.12,41.84,42.03,12831543,KO
2017-03-14,41.98,42.1,41.83,41.97,9844453,KO
2017-03-15,41.98,42.275,41.97,42.12,22757762,KO
2017-03-16,42.03,42.39,41.9,42.25,16004192,KO
2017-03-17,42.28,42.35,42.01,42.03,37526506,KO
2017-03-20,42.1,42.34,42.0701,42.18,11484233,KO
2017-03-21,42.31,42.63,42.21,42.5,17187257,KO
2017-03-22,42.56,42.7,42.25,42.38,11605453,KO
2017-03-23,42.21,42.39,42.06,42.17,11503322,KO
2017-03-24,42.23,42.25,41.91,42.12,13804411,KO
2017-03-27,42.11,42.34,42.05,42.32,12387364,KO
2017-03-28,42.24,42.56,42.24,42.43,14123756,KO
2017-03-29,42.51,42.525,42.29,42.42,9580060,KO
2017-03-30,42.35,42.6155,42.26,42.6,11999910,KO
2017-03-31,42.55,42.65,42.43,42.44,11551767,KO
2017-04-03,42.58,42.625,42.27,42.41,11240037,KO
2017-04-04,42.51,42.69,42.37,42.68,10946230,KO
2017-04-05,42.65,42.855,42.53,42.57,10142817,KO
2017-04-06,42.58,42.76,42.47,42.67,14597765,KO
2017-04-07,42.64,42.74,42.51,42.61,11025314,KO
2017-04-10,42.73,42.8,42.5566,42.69,9426908,KO
2017-04-11,42.68,42.75,42.515,42.66,8909379,KO
2017-04-12,42.54,42.99,42.51,42.94,13417205,KO
2017-04-13,42.87,43.08,42.78,42.79,9891941,KO
2017-04-17,42.79,43.07,42.78,43.07,11318086,KO
2017-04-18,43.11,43.59,43.09,43.48,13181590,KO
2017-04-19,43.74,43.79,43.19,43.23,13893062,KO
2017-04-20,43.2,43.3,43.05,43.09,10838274,KO
2017-04-21,42.98,43.1,42.89,43.07,13833772,KO
2017-04-24,43.24,43.43,43.15,43.28,16703800,KO
2017-04-25,42.85,43.43,42.82,43.11,18745112,KO
2017-04-26,43.06,43.43,42.98,43.24,13626625,KO
2017-04-27,43.17,43.28,42.92,43.01,10386244,KO
2017-04-28,42.96,43.2,42.85,43.15,10337768,KO
2017-05-01,43.15,43.5,43.1,43.22,13208246,KO
2017-05-02,43.22,43.44,43.16,43.39,11823916,KO
2017-05-03,43.33,43.485,43.15,43.32,10389027,KO
2017-05-04,43.42,43.81,43.4,43.66,10193064,KO
2017-05-05,43.79,43.84,43.56,43.69,8133039,KO
2017-05-08,43.59,43.91,43.54,43.89,14284342,KO
2017-05-09,43.89,43.89,43.38,43.51,8694355,KO
2017-05-10,43.48,43.62,43.36,43.57,7597653,KO
2017-05-11,43.49,43.68,43.43,43.67,6860135,KO
2017-05-12,43.64,43.68,43.455,43.59,7275825,KO
2017-05-15,43.46,43.76,43.46,43.73,8493046,KO
2017-05-16,43.87,44.11,43.77,43.85,10454121,KO
2017-05-17,43.81,44.165,43.71,43.93,14538754,KO
2017-05-18,43.87,43.96,43.64,43.8,13832197,KO
2017-05-19,43.85,44.0,43.76,43.9,11796762,KO
2017-05-22,43.89,44.22,43.81,44.18,12857913,KO
2017-05-23,44.25,44.6,44.21,44.39,11996138,KO
2017-05-24,44.51,45.09,44.51,45.03,12872039,KO
2017-05-25,45.0,45.48,44.97,45.41,16704206,KO
2017-05-26,45.35,45.56,45.33,45.39,11341383,KO
2017-05-30,45.16,45.46,45.11,45.43,13093537,KO
2017-05-31,45.43,45.7,45.37,45.47,14148040,KO
2017-06-01,45.45,45.79,45.2332,45.79,11049283,KO
2017-06-02,45.83,45.89,45.605,45.89,9923724,KO
2017-06-05,45.78,45.99,45.69,45.99,10015163,KO
2017-06-06,45.9,46.06,45.78,45.98,9836725,KO
2017-06-07,45.5,45.7,45.35,45.51,12776279,KO
2017-06-08,45.39,45.51,45.03,45.13,12878998,KO
2017-06-09,45.06,45.35,44.97,45.32,9358824,KO
2017-06-12,45.35,45.48,45.15,45.33,11228502,KO
2017-06-13,45.0,45.11,44.8,45.03,10023358,KO
2017-06-14,45.18,45.47,45.16,45.3,11497520,KO
2017-06-15,45.18,45.34,45.04,45.25,9908718,KO
2017-06-16,45.31,45.35,45.01,45.31,27025333,KO
2017-06-19,45.35,45.38,45.1,45.38,7624663,KO
2017-06-20,45.35,45.865,45.32,45.61,14920858,KO
2017-06-21,45.62,45.68,45.165,45.22,9515844,KO
2017-06-22,45.17,45.28,45.03,45.07,7446300,KO
2017-06-23,45.05,45.38,45.03,45.25,9544792,KO
2017-06-26,45.32,45.51,45.3,45.43,7747057,KO
2017-06-27,45.34,45.395,45.0,45.05,11432191,KO
2017-06-28,45.25,45.5,45.23,45.32,9218750,KO
2017-06-29,45.13,45.24,44.65,44.83,9283457,KO
2017-06-30,44.89,45.12,44.85,44.85,9352785,KO
2017-07-03,45.11,45.27,44.76,44.76,6434460,KO
2017-07-05,44.79,44.99,44.73,44.82,6853558,KO
2017-07-06,44.72,44.85,44.29,44.4,13113019,KO
2017-07-07,44.47,44.52,44.24,44.39,9566044,KO
2017-07-10,44.45,44.575,44.23,44.38,9671953,KO
2017-07-11,44.32,44.48,44.15,44.33,10300706,KO
2017-07-12,44.59,44.77,44.44,44.51,7737362,KO
2017-07-13,44.49,44.525,44.37,44.43,6371855,KO
2017-07-14,44.52,44.72,44.495,44.68,8558718,KO
2017-07-17,44.66,44.785,44.61,44.73,7189214,KO
2017-07-18,44.78,44.85,44.615,44.67,9037162,KO
2017-07-19,44.67,44.84,44.545,44.83,6986937,KO
2017-07-20,44.9,44.98,44.75,44.82,7430262,KO
2017-07-21,44.78,45.07,44.67,45.03,8545560,KO
2017-07-24,45.04,45.045,44.83,44.84,9103586,KO
2017-07-25,45.02,45.29,44.935,45.24,14096307,KO
2017-07-26,44.55,45.79,44.31,45.74,13608926,KO
2017-07-27,45.8,46.425,45.7,46.12,15195172,KO
2017-07-28,46.0,46.12,45.73,46.01,11945270,KO
2017-07-31,46.0,46.0762,45.79,45.84,13622891,KO
2017-08-01,45.6,46.0,45.38,45.59,9899271,KO
2017-08-02,45.6,46.0,45.38,45.59,10187921,KO
2017-08-03,45.65,45.95,45.63,45.67,14261400,KO
2017-08-04,45.67,45.76,45.47,45.5,9523593,KO
2017-08-07,45.52,45.76,45.5,45.64,6226315,KO
2017-08-08,45.64,45.82,45.545,45.6,5747919,KO
2017-08-09,45.56,45.6611,45.325,45.59,9635260,KO
2017-08-10,45.56,45.84,45.46,45.74,8901554,KO
2017-08-11,45.86,45.9,45.57,45.59,8357607,KO
2017-08-14,45.67,45.94,45.62,45.8,8421179,KO
2017-08-15,45.8,46.25,45.8,46.19,9638061,KO
2017-08-16,46.15,46.34,46.12,46.2,8087313,KO
2017-08-17,46.12,46.33,45.85,45.86,8476994,KO
2017-08-18,45.8,45.9,45.63,45.67,10879794,KO
2017-08-21,45.67,45.8,45.5601,45.68,9429736,KO
2017-08-22,45.7,45.75,45.54,45.6,10536716,KO
2017-08-23,45.63,45.66,45.44,45.54,6528402,KO
2017-08-24,45.54,45.61,45.31,45.41,7534364,KO
2017-08-25,45.6,45.76,45.56,45.57,8807143,KO
2017-08-28,45.63,45.69,45.38,45.42,8024028,KO
2017-08-29,45.4,45.57,45.25,45.45,7762162,KO
2017-08-30,45.36,45.54,45.29,45.39,7134910,KO
2017-08-31,45.4,45.65,45.34,45.55,14264572,KO
2017-09-01,45.64,45.8,45.54,45.78,7391249,KO
2017-09-05,45.75,45.93,45.65,45.92,10463902,KO
2017-09-06,45.98,46.04,45.79,45.96,9238867,KO
2017-09-07,46.01,46.32,45.96,46.28,9418365,KO
2017-09-08,46.19,46.37,46.02,46.3,10534915,KO
2017-09-11,46.35,46.59,46.22,46.52,10430254,KO
2017-09-12,46.5,46.75,46.45,46.72,8567619,KO
2017-09-13,46.68,46.98,46.65,46.87,10217985,KO
2017-09-14,46.4,46.465,45.94,46.11,13768837,KO
2017-09-15,46.3,46.36,46.0,46.18,16141413,KO
2017-09-18,46.15,46.24,45.91,46.11,8535331,KO
2017-09-19,46.14,46.19,45.89,45.98,7297932,KO
2017-09-20,45.76,46.145,45.55,45.78,11026594,KO
2017-09-21,45.71,45.79,45.36,45.4,7555292,KO
2017-09-22,45.45,45.63,45.37,45.49,8024827,KO
2017-09-25,45.5,45.76,45.35,45.69,9215326,KO
2017-09-26,45.69,45.87,45.56,45.57,6480138,KO
2017-09-27,45.47,45.5,44.38,44.64,14816247,KO
2017-09-28,44.67,45.0,44.65,44.91,8789517,KO
2017-09-29,44.86,45.11,44.79,45.01,10082221,KO
2017-10-02,45.05,45.265,44.745,44.8,10707763,KO
2017-10-03,44.86,45.26,44.76,45.19,12038102,KO
2017-10-04,45.11,45.56,44.935,45.5,14060338,KO
2017-10-05,45.51,45.745,45.5,45.52,10215323,KO
2017-10-06,45.39,45.52,45.28,45.49,5437871,KO
2017-10-09,45.55,45.65,45.34,45.41,5268348,KO
2017-10-10,45.6,45.9,45.525,45.87,6310445,KO
2017-10-11,45.88,46.2,45.87,46.1,6638173,KO
2017-10-12,45.98,46.14,45.94,46.11,7710216,KO
2017-10-13,46.25,46.38,46.15,46.18,7126020,KO
2017-10-16,46.12,46.75,46.1003,46.62,12708563,KO
2017-10-17,46.53,46.63,46.31,46.52,7699367,KO
2017-10-18,46.41,46.535,46.24,46.4,6272155,KO
2017-10-19,46.37,46.79,46.32,46.59,7515545,KO
2017-10-20,46.58,46.59,46.28,46.38,9646790,KO
2017-10-23,46.38,46.65,46.23,46.32,7153607,KO
2017-10-24,46.26,46.29,45.95,46.18,9539484,KO
2017-10-25,46.37,46.76,45.93,46.05,9480869,KO
2017-10-26,46.32,46.75,46.22,46.23,10569064,KO
2017-10-27,46.13,46.33,45.91,46.07,9987969,KO
2017-10-30,46.0,46.07,45.82,45.86,7201867,KO
2017-10-31,45.92,46.17,45.84,45.98,6560545,KO
2017-11-01,45.75,46.09,45.63,45.8,7067635,KO
2017-11-02,45.81,45.95,45.745,45.88,8317810,KO
2017-11-03,45.97,46.155,45.9166,45.97,4730358,KO
2017-11-06,45.91,45.92,45.42,45.47,7451311,KO
2017-11-07,45.41,45.95,45.31,45.94,9868033,KO
2017-11-08,45.98,46.19,45.87,46.18,7586867,KO
2017-11-09,46.12,46.385,46.02,46.23,6501893,KO
2017-11-10,46.2,46.64,46.135,46.54,8022885,KO
2017-11-13,46.6,46.815,46.54,46.72,7653580,KO
2017-11-14,46.71,47.48,46.62,47.43,17200736,KO
2017-11-15,47.32,47.46,46.78,46.81,12419146,KO
2017-11-16,46.95,46.98,46.51,46.55,12506380,KO
2017-11-17,46.34,46.38,45.25,45.71,19720707,KO
2017-11-20,45.65,45.88,45.42,45.46,19160872,KO
2017-11-21,45.56,45.95,45.54,45.78,10280791,KO
2017-11-22,45.89,45.93,45.54,45.84,8434404,KO
2017-11-24,45.89,46.045,45.86,45.88,2996338,KO
2017-11-27,45.88,45.99,45.81,45.9,5649156,KO
2017-11-28,45.99,46.15,45.78,45.83,8432783,KO
2017-11-29,45.77,45.82,45.21,45.5,16502110,KO
2017-11-30,45.14,45.84,45.03,45.77,17147588,KO
2017-12-01,45.8,46.02,45.21,45.97,12468785,KO
2017-12-04,45.99,46.378,45.77,46.23,17523581,KO
2017-12-05,46.25,46.44,46.06,46.26,13670758,KO
2017-12-06,46.33,46.48,46.2612,46.45,8153957,KO
2017-12-07,46.29,46.32,45.72,45.78,9106494,KO
2017-12-08,45.7,45.73,45.05,45.31,13238583,KO
2017-12-11,45.18,45.41,44.92,45.33,9698673,KO
2017-12-12,45.25,45.52,45.06,45.29,13999340,KO
2017-12-13,45.45,46.05,45.4,45.9,12418663,KO
2017-12-14,45.9,46.17,45.8,46.03,9028977,KO
2017-12-15,46.29,46.42,46.04,46.19,21181606,KO
2017-12-18,46.23,46.38,45.91,45.93,10156757,KO
2017-12-19,46.08,46.38,45.91,46.13,8253158,KO
2017-12-20,46.18,46.3,45.955,46.08,7310961,KO
2017-12-21,46.15,46.22,45.56,45.6,9657134,KO
2017-12-22,45.64,45.73,45.55,45.59,5406307,KO
2017-12-26,45.7,45.855,45.61,45.81,6100436,KO
2017-12-27,45.9,45.94,45.715,45.93,5660633,KO
2017-12-28,45.91,45.99,45.64,45.72,6538851,KO
2017-12-29,45.7,46.18,45.6925,45.88,8371536,KO
2018-01-02,45.91,45.94,45.505,45.54,10872178,KO
2018-01-03,45.49,45.69,45.34,45.44,12635589,KO
2018-01-04,45.56,46.215,45.45,46.08,12709370,KO
2018-01-05,46.02,46.2,45.79,46.07,13113148,KO
2018-01-08,45.95,46.1,45.88,46.0,7068611,KO
2018-01-09,46.0,46.36,45.935,46.23,9962424,KO
2018-01-10,46.23,46.26,45.93,46.07,10700671,KO
2018-01-11,46.23,46.23,45.86,46.04,7583180,KO
2018-01-12,46.28,46.39,46.03,46.15,14570149,KO
2018-01-16,46.15,46.62,46.14,46.53,16459289,KO
2018-01-17,46.58,47.0,46.55,46.82,12143081,KO
2018-01-18,46.75,47.07,46.61,46.88,11952931,KO
2018-01-19,46.99,47.25,46.87,47.16,16187425,KO
2018-01-22,47.14,47.5,47.09,47.38,9577437,KO
2018-01-23,47.21,47.7,47.13,47.45,11463742,KO
2018-01-24,47.53,47.95,47.48,47.83,15964475,KO
2018-01-25,47.7,48.0,47.7,47.84,11755001,KO
2018-01-26,47.78,48.615,47.74,48.53,16671227,KO
2018-01-29,48.21,48.46,47.575,47.7,11662632,KO
2018-01-30,47.73,48.16,47.4,47.41,12404757,KO
2018-01-31,47.45,47.9,47.37,47.59,10960082,KO
2018-02-01,47.41,47.73,47.11,47.45,10279439,KO
2018-02-02,47.35,47.41,46.63,46.73,12912307,KO
2018-02-05,46.65,46.92,44.411,44.89,23261475,KO
2018-02-06,43.87,44.74,43.44,44.67,25184306,KO
2018-02-07,44.58,45.495,44.28,44.56,18041614,KO
2013-02-08,27.35,27.71,27.31,27.55,33318306,MSFT
2013-02-11,27.65,27.92,27.5,27.86,32247549,MSFT
2013-02-12,27.88,28.0,27.75,27.88,35990829,MSFT
2013-02-13,27.93,28.11,27.88,28.03,41715530,MSFT
2013-02-14,27.92,28.06,27.87,28.04,32663174,MSFT
2013-02-15,28.04,28.16,27.875,28.01,49650538,MSFT
2013-02-19,27.8801,28.09,27.8,28.045,38804616,MSFT
2013-02-20,28.13,28.2,27.83,27.87,44109412,MSFT
2013-02-21,27.74,27.74,27.23,27.49,49078338,MSFT
2013-02-22,27.68,27.76,27.48,27.76,31425726,MSFT
2013-02-25,27.97,28.05,27.37,27.37,48011248,MSFT
2013-02-26,27.38,27.6,27.34,27.37,49917353,MSFT
2013-02-27,27.42,28.0,27.33,27.81,36390889,MSFT
2013-02-28,27.88,27.97,27.74,27.8,35836861,MSFT
2013-03-01,27.72,27.98,27.52,27.95,34849287,MSFT
2013-03-04,27.85,28.15,27.7,28.15,38163549,MSFT
2013-03-05,28.29,28.54,28.16,28.35,41431097,MSFT
2013-03-06,28.21,28.23,27.78,28.09,51448452,MSFT
2013-03-07,28.11,28.28,28.005,28.14,29196691,MSFT
2013-03-08,28.25,28.33,27.96,28.0,37667133,MSFT
2013-03-11,27.94,27.97,27.67,27.87,36627200,MSFT
2013-03-12,27.84,27.95,27.64,27.91,39252591,MSFT
2013-03-13,27.87,28.02,27.75,27.915,29093296,MSFT
2013-03-14,28.0,28.16,27.93,28.135,55910657,MSFT
2013-03-15,28.03,28.16,27.98,28.035,92709815,MSFT
2013-03-18,27.88,28.28,27.81,28.1,44825522,MSFT
2013-03-19,28.12,28.22,28.03,28.18,51901568,MSFT
2013-03-20,28.34,28.49,28.18,28.315,35447348,MSFT
2013-03-21,28.11,28.36,28.05,28.11,34233061,MSFT
2013-03-22,28.19,28.3379,28.1,28.25,28689434,MSFT
2013-03-25,28.3,28.35,27.96,28.16,44153931,MSFT
2013-03-26,28.24,28.34,28.11,28.155,27822154,MSFT
2013-03-27,28.14,28.445,28.08,28.37,36046203,MSFT
2013-03-28,28.32,28.66,28.26,28.605,55453713,MSFT
2013-04-01,28.64,28.66,28.36,28.61,29199115,MSFT
2013-04-02,28.59,28.85,28.52,28.8,28455715,MSFT
2013-04-03,28.75,28.95,28.54,28.56,35062269,MSFT
2013-04-04,28.39,28.61,28.27,28.595,45262208,MSFT
2013-04-05,28.22,28.78,28.11,28.7,50927261,MSFT
2013-04-08,28.73,28.73,28.47,28.59,34759424,MSFT
2013-04-09,28.73,29.815,28.68,29.61,77733607,MSFT
2013-04-10,29.57,30.32,29.52,30.28,71024236,MSFT
2013-04-11,29.1,29.2,28.73,28.935,130903838,MSFT
2013-04-12,28.85,29.02,28.66,28.79,62882640,MSFT
2013-04-15,28.65,28.98,28.51,28.69,56332862,MSFT
2013-04-16,28.9,29.14,28.695,28.97,52795256,MSFT
2013-04-17,28.85,29.04,28.6,28.825,52840621,MSFT
2013-04-18,28.95,28.98,28.5,28.79,56772087,MSFT
2013-04-19,29.62,30.24,29.61,29.765,99790116,MSFT
2013-04-22,30.3,31.18,30.27,30.83,137901279,MSFT
2013-04-23,30.7,30.9,30.38,30.6,59027213,MSFT
2013-04-24,30.62,31.92,30.6,31.76,90897055,MSFT
2013-04-25,31.71,32.84,31.54,31.94,110685794,MSFT
2013-04-26,31.9,31.98,31.45,31.79,47799284,MSFT
2013-04-29,31.8,32.68,31.77,32.61,59116288,MSFT
2013-04-30,32.56,33.11,32.28,33.1,75116271,MSFT
2013-05-01,32.93,33.08,32.6,32.72,54328805,MSFT
2013-05-02,32.63,33.17,32.39,33.16,46055944,MSFT
2013-05-03,33.23,33.52,33.08,33.49,46784484,MSFT
2013-05-06,33.42,33.91,33.25,33.75,40978078,MSFT
2013-05-07,33.65,33.79,33.24,33.31,42916453,MSFT
2013-05-08,33.0667,33.24,32.65,32.99,51643216,MSFT
2013-05-09,32.85,33.0,32.59,32.66,46399199,MSFT
2013-05-10,32.67,32.72,32.32,32.69,36394841,MSFT
2013-05-13,32.61,33.07,32.55,33.03,36027027,MSFT
2013-05-14,32.8601,33.53,32.8,33.53,56867771,MSFT
2013-05-15,33.45,33.9,33.43,33.845,46303779,MSFT
2013-05-16,33.64,34.15,33.55,34.08,59381496,MSFT
2013-05-17,34.1301,34.87,34.1,34.87,60666467,MSFT
2013-05-20,34.73,35.095,34.68,35.08,54020102,MSFT
2013-05-21,35.1,35.2725,34.72,34.85,48693429,MSFT
2013-05-22,34.79,34.84,34.36,34.61,66043135,MSFT
2013-05-23,34.23,34.55,33.9,34.15,51102326,MSFT
2013-05-24,33.92,34.28,33.9,34.269,33174304,MSFT
2013-05-28,34.42,35.18,34.41,35.02,48211220,MSFT
2013-05-29,34.74,35.02,34.57,34.88,38411673,MSFT
2013-05-30,34.85,35.25,34.813,35.03,51130805,MSFT
2013-05-31,34.82,35.28,34.79,34.9,56162496,MSFT
2013-06-03,34.92,35.63,34.83,35.59,51249396,MSFT
2013-06-04,35.62,35.74,34.771,34.99,65529399,MSFT
2013-06-05,34.6,34.89,34.43,34.78,46023857,MSFT
2013-06-06,34.84,35.11,34.49,34.96,37617747,MSFT
2013-06-07,35.25,35.78,35.06,35.67,40757245,MSFT
2013-06-10,35.51,35.65,35.14,35.47,35991809,MSFT
2013-06-11,35.05,35.18,34.68,34.84,39435445,MSFT
2013-06-12,35.14,35.27,34.85,35.0,37371982,MSFT
2013-06-13,34.99,35.02,34.59,34.715,45635878,MSFT
2013-06-14,34.55,34.6901,34.25,34.4,53191609,MSFT
2013-06-17,34.69,35.16,34.63,35.0,49670032,MSFT
2013-06-18,34.97,35.17,34.895,34.98,28614869,MSFT
2013-06-19,34.96,35.09,34.59,34.59,30816008,MSFT
2013-06-20,34.26,34.33,33.37,33.49,54493643,MSFT
2013-06-21,33.66,33.73,33.05,33.265,85337340,MSFT
2013-06-24,32.94,34.2,32.57,33.715,56108988,MSFT
2013-06-25,34.08,34.38,33.46,33.67,44051085,MSFT
2013-06-26,34.12,34.48,33.8875,34.35,48665592,MSFT
2013-06-27,34.52,34.78,34.5,34.62,28993042,MSFT
2013-06-28,34.38,34.79,34.34,34.545,65545445,MSFT
2013-07-01,34.75,34.99,34.33,34.36,31054868,MSFT
2013-07-02,34.41,34.4389,33.63,33.94,37629522,MSFT
2013-07-03,33.66,34.37,33.6,34.01,15994380,MSFT
2013-07-05,34.09,34.24,33.581,34.21,26085831,MSFT
2013-07-08,34.35,34.59,33.98,34.325,32396842,MSFT
2013-07-09,34.58,34.6,34.14,34.35,25318501,MSFT
2013-07-10,34.34,34.81,34.32,34.7,29863085,MSFT
2013-07-11,35.0,35.77,34.9,35.685,53618047,MSFT
2013-07-12,35.58,35.73,35.28,35.67,35501154,MSFT
2013-07-15,35.66,36.22,35.58,36.17,34142125,MSFT
2013-07-16,36.01,36.4299,35.96,36.27,36378481,MSFT
2013-07-17,36.34,36.39,35.49,35.74,37281516,MSFT
2013-07-18,35.72,35.89,35.22,35.44,49118611,MSFT
2013-07-19,32.4,32.67,31.02,31.4,248354245,MSFT
2013-07-22,31.7,32.01,31.6,32.01,79024753,MSFT
2013-07-23,31.91,32.04,31.71,31.82,65810331,MSFT
2013-07-24,32.035,32.19,31.89,31.96,52802180,MSFT
2013-07-25,31.62,31.65,31.25,31.39,63212927,MSFT
2013-07-26,31.26,31.62,31.205,31.62,38633539,MSFT
2013-07-29,31.47,31.6,31.4,31.54,28873969,MSFT
2013-07-30,31.78,32.12,31.55,31.85,45799476,MSFT
2013-07-31,31.97,32.05,31.71,31.84,43898435,MSFT
2013-08-01,32.06,32.09,31.6,31.67,42552467,MSFT
2013-08-02,31.69,31.9,31.565,31.89,29121484,MSFT
2013-08-05,31.9,32.0,31.64,31.7,30984542,MSFT
2013-08-06,31.55,31.67,31.38,31.58,36331541,MSFT
2013-08-07,31.54,32.1,31.25,32.063,38060978,MSFT
2013-08-08,32.24,33.07,32.05,32.89,59035735,MSFT
2013-08-09,32.77,32.9,32.47,32.7,26801087,MSFT
2013-08-12,32.46,32.97,32.46,32.87,25494043,MSFT
2013-08-13,32.51,32.55,32.21,32.23,39464299,MSFT
2013-08-14,32.14,33.36,31.7,32.35,48520460,MSFT
2013-08-15,32.0,32.18,30.84,31.79,33337991,MSFT
2013-08-16,31.79,31.99,31.66,31.8,32864665,MSFT
2013-08-19,31.76,31.97,31.38,31.393,27902716,MSFT
2013-08-20,31.44,31.9,31.37,31.62,22979513,MSFT
2013-08-21,31.61,32.01,31.54,31.61,37398935,MSFT
2013-08-22,32.185,32.49,32.1,32.39,31123321,MSFT
2013-08-23,35.17,35.2,34.0,34.75,225442537,MSFT
2013-08-26,34.4,34.67,34.03,34.15,72553311,MSFT
2013-08-27,33.515,34.1,33.15,33.26,58519145,MSFT
2013-08-28,33.39,33.6,33.0,33.02,44258420,MSFT
2013-08-29,32.93,33.6,32.8,33.55,45271567,MSFT
2013-08-30,33.37,33.48,33.09,33.4,42774005,MSFT
2013-09-03,31.75,32.07,31.29,31.88,154489546,MSFT
2013-09-04,31.39,31.47,31.11,31.195,142273577,MSFT
2013-09-05,31.1,31.44,30.95,31.235,71623991,MSFT
2013-09-06,31.31,31.39,31.13,31.152,75436430,MSFT
2013-09-09,31.2208,31.79,31.2,31.655,49610584,MSFT
2013-09-10,31.9,32.4,31.79,32.39,56881864,MSFT
2013-09-11,32.57,32.93,32.53,32.74,39069730,MSFT
2013-09-12,32.72,32.78,32.59,32.69,32861951,MSFT
2013-09-13,32.77,33.07,32.505,33.03,40899039,MSFT
2013-09-16,33.38,33.5,32.73,32.801,55010116,MSFT
2013-09-17,33.42,33.47,32.9,32.93,84683924,MSFT
2013-09-18,32.99,33.4,32.83,33.32,64100189,MSFT
2013-09-19,33.48,33.68,33.32,33.64,42015792,MSFT
2013-09-20,33.41,33.48,32.685,32.791,102862119,MSFT
2013-09-23,32.5401,32.969,32.5,32.74,39826261,MSFT
2013-09-24,32.87,32.87,32.15,32.455,40245140,MSFT
2013-09-25,32.49,32.8,32.4,32.505,28830930,MSFT
2013-09-26,32.64,33.0,32.59,32.77,28483079,MSFT
2013-09-27,32.88,33.75,32.87,33.27,55330514,MSFT
2013-09-30,33.0,33.31,32.7,33.28,39838108,MSFT
2013-10-01,33.35,33.61,33.3,33.58,36691926,MSFT
2013-10-02,33.36,34.03,33.29,33.92,46931866,MSFT
2013-10-03,33.88,34.0,33.42,33.86,38704461,MSFT
2013-10-04,33.69,33.99,33.62,33.88,32988495,MSFT
2013-10-07,33.6,33.71,33.2,33.3,35067124,MSFT
2013-10-08,33.31,33.33,32.8,33.01,41095160,MSFT
2013-10-09,33.07,33.3499,32.96,33.07,35843167,MSFT
2013-10-10,33.31,33.89,33.26,33.76,42875141,MSFT
2013-10-11,33.68,34.14,33.68,34.13,30033336,MSFT
2013-10-14,33.9,34.5,33.78,34.45,27757870,MSFT
2013-10-15,34.67,34.99,34.47,34.49,47107657,MSFT
2013-10-16,34.6,34.895,34.56,34.64,35111593,MSFT
2013-10-17,34.45,34.99,34.37,34.92,31359198,MSFT
2013-10-18,34.82,34.99,34.33,34.96,41811699,MSFT
2013-10-21,34.98,35.2,34.91,34.99,27436505,MSFT
2013-10-22,35.02,35.1,34.52,34.58,40438546,MSFT
2013-10-23,34.35,34.49,33.674,33.76,58600499,MSFT
2013-10-24,33.82,34.1,33.57,33.72,53209728,MSFT
2013-10-25,35.88,36.29,35.47,35.73,113493954,MSFT
2013-10-28,35.61,35.73,35.27,35.57,38383594,MSFT
2013-10-29,35.6301,35.72,35.26,35.52,31702613,MSFT
2013-10-30,35.53,35.79,35.43,35.54,37002061,MSFT
2013-10-31,35.66,35.69,35.34,35.405,41689563,MSFT
2013-11-01,35.67,35.69,35.39,35.525,40271887,MSFT
2013-11-04,35.59,35.98,35.55,35.94,28061873,MSFT
2013-11-05,35.7899,36.71,35.77,36.64,51681868,MSFT
2013-11-06,37.24,38.22,37.06,38.18,88948830,MSFT
2013-11-07,37.96,38.01,37.43,37.5,60445258,MSFT
2013-11-08,37.67,37.78,37.34,37.78,36743157,MSFT
2013-11-11,37.69,37.775,37.355,37.59,26872537,MSFT
2013-11-12,37.38,37.595,37.2,37.36,31651589,MSFT
2013-11-13,36.98,38.16,36.9,38.155,44957611,MSFT
2013-11-14,37.87,38.13,37.72,38.021,46186577,MSFT
2013-11-15,37.95,38.02,37.72,37.841,50602034,MSFT
2013-11-18,37.35,37.58,37.07,37.2,53277485,MSFT
2013-11-19,36.85,37.23,36.67,36.74,44274987,MSFT
2013-11-20,36.87,37.41,36.86,37.08,32231827,MSFT
2013-11-21,37.27,37.53,37.26,37.4,23064699,MSFT
2013-11-22,37.525,37.68,37.33,37.57,27981996,MSFT
2013-11-25,37.93,37.95,37.57,37.64,30648148,MSFT
2013-11-26,37.57,37.65,37.35,37.35,34468069,MSFT
2013-11-27,37.57,37.76,37.49,37.6,26002050,MSFT
2013-11-29,37.82,38.29,37.82,38.13,22090428,MSFT
2013-12-02,38.09,38.78,38.06,38.45,42950373,MSFT
2013-12-03,38.14,38.49,38.08,38.31,52109760,MSFT
2013-12-04,38.21,38.98,38.12,38.94,51983578,MSFT
2013-12-05,38.85,38.875,37.18,38.0,116313834,MSFT
2013-12-06,38.42,38.55,37.99,38.36,36457292,MSFT
2013-12-09,38.56,38.87,38.37,38.705,30286015,MSFT
2013-12-10,38.61,38.9,38.02,38.11,37828593,MSFT
2013-12-11,38.06,38.3,37.39,37.61,39853379,MSFT
2013-12-12,37.64,37.64,37.18,37.22,36012761,MSFT
2013-12-13,37.42,37.45,36.62,36.69,40074360,MSFT
2013-12-16,36.73,37.0,36.54,36.885,31734515,MSFT
2013-12-17,36.94,37.11,36.3344,36.52,45687679,MSFT
2013-12-18,36.3601,36.6,35.53,36.58,63192067,MSFT
2013-12-19,36.51,36.55,36.08,36.25,34157264,MSFT
2013-12-20,36.2,36.93,36.185,36.8,62650324,MSFT
2013-12-23,36.81,36.89,36.55,36.62,25128740,MSFT
2013-12-24,36.72,37.17,36.64,37.08,14242997,MSFT
2013-12-26,37.2,37.49,37.17,37.44,17614984,MSFT
2013-12-27,37.58,37.62,37.17,37.29,14563533,MSFT
2013-12-30,37.22,37.38,36.9006,37.29,16290475,MSFT
2013-12-31,37.4,37.58,37.217,37.41,17505770,MSFT
2014-01-02,37.35,37.4,37.1,37.16,30643745,MSFT
2014-01-03,37.2,37.22,36.6,36.91,31134795,MSFT
2014-01-06,36.85,36.89,36.11,36.13,43615035,MSFT
2014-01-07,36.325,36.49,36.21,36.41,35924726,MSFT
2014-01-08,36.0,36.14,35.58,35.76,59979542,MSFT
2014-01-09,35.88,35.91,35.4,35.53,36520448,MSFT
2014-01-10,35.9,36.15,35.75,36.04,40558766,MSFT
2014-01-13,35.99,36.02,34.83,34.98,45923872,MSFT
2014-01-14,34.73,35.88,34.63,35.78,41627325,MSFT
2014-01-15,35.9,36.79,35.85,36.76,44909545,MSFT
2014-01-16,36.69,37.0,36.31,36.89,38035708,MSFT
2014-01-17,36.83,36.83,36.15,36.38,46298736,MSFT
2014-01-21,36.82,36.82,36.06,36.17,31578979,MSFT
2014-01-22,36.26,36.32,35.75,35.93,21965266,MSFT
2014-01-23,36.09,36.13,35.52,36.055,44515126,MSFT
2014-01-24,37.45,37.55,36.53,36.805,77051806,MSFT
2014-01-27,36.87,36.89,35.98,36.03,44485767,MSFT
2014-01-28,36.12,36.39,35.75,36.27,36225755,MSFT
2014-01-29,35.98,36.88,35.9,36.66,52790351,MSFT
2014-01-30,36.79,36.88,36.23,36.86,35111959,MSFT
2014-01-31,36.95,37.89,36.56,37.84,93190755,MSFT
2014-02-03,37.74,37.985,36.43,36.48,64102391,MSFT
2014-02-04,36.97,37.189,36.25,36.35,55526924,MSFT
2014-02-05,36.29,36.47,35.8,35.82,55841097,MSFT
2014-02-06,35.8,36.25,35.69,36.18,35380994,MSFT
2014-02-07,36.32,36.59,36.01,36.56,33348008,MSFT
2014-02-10,36.63,36.8,36.29,36.8,26782083,MSFT
2014-02-11,36.88,37.26,36.86,37.175,32164989,MSFT
2014-02-12,37.35,37.6,37.3,37.47,27055869,MSFT
2014-02-13,37.33,37.86,37.33,37.61,37647772,MSFT
2014-02-14,37.39,37.78,37.33,37.62,42986738,MSFT
2014-02-18,37.63,37.78,37.41,37.42,32839707,MSFT
2014-02-19,37.22,37.75,37.21,37.51,29794084,MSFT
2014-02-20,37.57,37.87,37.395,37.75,27541038,MSFT
2014-02-21,37.94,38.35,37.86,37.98,38030656,MSFT
2014-02-24,37.69,37.975,37.54,37.69,32143395,MSFT
2014-02-25,37.61,37.85,37.35,37.54,30867657,MSFT
2014-02-26,37.5801,37.74,37.19,37.47,41042629,MSFT
2014-02-27,37.45,37.89,37.23,37.86,33919024,MSFT
2014-02-28,37.98,38.46,37.82,38.31,41217028,MSFT
2014-03-03,37.92,38.13,37.495,37.78,29716052,MSFT
2014-03-04,38.2,38.48,38.07,38.41,26868337,MSFT
2014-03-05,38.25,38.2699,37.93,38.11,20520432,MSFT
2014-03-06,38.14,38.24,37.89,38.15,23605310,MSFT
2014-03-07,38.28,38.36,37.69,37.9,26596635,MSFT
2014-03-10,37.99,38.01,37.72,37.82,19007850,MSFT
2014-03-11,37.87,38.23,37.72,38.02,25218133,MSFT
2014-03-12,37.8,38.43,37.79,38.27,30496295,MSFT
2014-03-13,38.42,38.45,37.6414,37.89,32169650,MSFT
2014-03-14,37.651,38.135,37.5058,37.7,27195638,MSFT
2014-03-17,37.9,38.41,37.79,38.05,20479610,MSFT
2014-03-18,38.26,39.9,38.22,39.55,64063866,MSFT
2014-03-19,39.47,39.55,38.91,39.27,35597241,MSFT
2014-03-20,39.25,40.649,39.24,40.33,59269801,MSFT
2014-03-21,40.72,40.94,40.01,40.16,80731942,MSFT
2014-03-24,40.34,40.64,39.86,40.5,46098374,MSFT
2014-03-25,40.66,40.99,39.9599,40.34,43193147,MSFT
2014-03-26,40.48,40.705,39.6,39.79,41982966,MSFT
2014-03-27,39.74,39.97,39.34,39.36,35369170,MSFT
2014-03-28,39.79,40.635,39.68,40.3,43472747,MSFT
2014-03-31,40.43,41.5,40.4,40.99,46886284,MSFT
2014-04-01,41.15,41.59,41.07,41.42,32610395,MSFT
2014-04-02,41.44,41.66,41.17,41.35,28607267,MSFT
2014-04-03,41.29,41.29,40.71,41.01,30139567,MSFT
2014-04-04,41.25,41.39,39.64,39.87,51409573,MSFT
2014-04-07,39.96,40.27,39.74,39.8,37559615,MSFT
2014-04-08,39.75,39.93,39.2,39.82,35919609,MSFT
2014-04-09,39.93,40.55,39.88,40.47,27398687,MSFT
2014-04-10,40.44,40.69,39.09,39.36,45960848,MSFT
2014-04-11,39.0,39.79,39.0,39.209,34333298,MSFT
2014-04-14,39.11,39.41,38.9,39.18,32006651,MSFT
2014-04-15,39.34,39.96,39.05,39.75,33978673,MSFT
2014-04-16,40.06,40.415,39.905,40.4,30616304,MSFT
2014-04-17,40.01,40.195,39.51,40.01,36689399,MSFT
2014-04-21,40.13,40.15,39.79,39.94,22222222,MSFT
2014-04-22,39.96,40.14,39.83,39.99,27057271,MSFT
2014-04-23,39.99,39.99,39.47,39.69,24602781,MSFT
2014-04-24,39.74,39.97,39.3,39.86,42381594,MSFT
2014-04-25,40.29,40.68,39.75,39.91,56883812,MSFT
2014-04-28,40.14,41.29,40.09,40.87,50610208,MSFT
2014-04-29,41.1,41.19,40.39,40.51,29637370,MSFT
2014-04-30,40.4,40.5,40.1699,40.4,35464148,MSFT
2014-05-01,40.2401,40.36,39.95,40.0,28791455,MSFT
2014-05-02,40.31,40.34,39.66,39.69,43417914,MSFT
2014-05-05,39.52,39.6399,39.3,39.43,22460928,MSFT
2014-05-06,39.29,39.35,38.95,39.06,27112373,MSFT
2014-05-07,39.22,39.51,38.51,39.425,41749497,MSFT
2014-05-08,39.34,39.9,38.97,39.64,32123032,MSFT
2014-05-09,39.54,39.85,39.37,39.54,29647646,MSFT
2014-05-12,39.74,40.02,39.65,39.97,22787185,MSFT
2014-05-13,39.92,40.5,39.85,40.42,27004768,MSFT
2014-05-14,40.3,40.45,40.05,40.24,18818711,MSFT
2014-05-15,40.09,40.4,39.51,39.6,37793243,MSFT
2014-05-16,39.67,39.84,39.27,39.83,29868272,MSFT
2014-05-19,39.61,39.82,39.46,39.75,24537438,MSFT
2014-05-20,39.68,39.94,39.46,39.68,21322341,MSFT
2014-05-21,39.8,40.35,39.7399,40.35,22399392,MSFT
2014-05-22,40.29,40.35,39.85,40.1,20202485,MSFT
2014-05-23,40.37,40.37,40.0,40.12,18020866,MSFT
2014-05-27,40.26,40.26,39.81,40.19,26161164,MSFT
2014-05-28,40.14,40.19,39.82,40.01,25711565,MSFT
2014-05-29,40.15,40.35,39.91,40.34,19893872,MSFT
2014-05-30,40.45,40.97,40.25,40.94,34575579,MSFT
2014-06-02,40.95,41.09,40.68,40.79,18504300,MSFT
2014-06-03,40.6,40.68,40.25,40.29,18071096,MSFT
2014-06-04,40.21,40.37,39.86,40.32,23210341,MSFT
2014-06-05,40.59,41.25,40.4,41.21,31865213,MSFT
2014-06-06,41.48,41.66,41.24,41.48,24060542,MSFT
2014-06-09,41.39,41.48,41.02,41.27,15019425,MSFT
2014-06-10,41.03,41.16,40.86,41.11,15117689,MSFT
2014-06-11,40.93,41.07,40.765,40.86,18039990,MSFT
2014-06-12,40.81,40.88,40.29,40.58,29823030,MSFT
2014-06-13,41.1,41.565,40.86,41.23,26310697,MSFT
2014-06-16,41.04,41.61,41.04,41.5,24205297,MSFT
2014-06-17,41.29,41.91,40.335,41.68,22518630,MSFT
2014-06-18,41.605,41.74,41.18,41.65,27097228,MSFT
2014-06-19,41.57,41.77,41.3301,41.51,19837767,MSFT
2014-06-20,41.445,41.83,41.38,41.68,47765407,MSFT
2014-06-23,41.73,42.0,41.69,41.99,18743905,MSFT
2014-06-24,41.83,41.94,41.56,41.745,26518274,MSFT
2014-06-25,41.7,42.05,41.46,42.03,20051576,MSFT
2014-06-26,41.93,41.94,41.43,41.72,23604409,MSFT
2014-06-27,41.61,42.29,41.51,42.25,74641945,MSFT
2014-06-30,42.17,42.21,41.7,41.7,30805472,MSFT
2014-07-01,41.86,42.15,41.69,41.87,26922597,MSFT
2014-07-02,41.73,41.9,41.53,41.9,20208526,MSFT
2014-07-03,41.91,41.99,41.56,41.8,15969310,MSFT
2014-07-07,41.75,42.12,41.71,41.99,21953619,MSFT
2014-07-08,41.87,42.0,41.61,41.78,31218208,MSFT
2014-07-09,41.98,41.99,41.53,41.67,18445910,MSFT
2014-07-10,41.37,42.0,41.05,41.685,21856832,MSFT
2014-07-11,41.7,42.09,41.48,42.09,24087374,MSFT
2014-07-14,42.22,42.45,42.04,42.14,21882943,MSFT
2014-07-15,42.33,42.47,42.03,42.45,28758961,MSFT
2014-07-16,42.51,44.31,42.48,44.08,63322372,MSFT
2014-07-17,45.45,45.71,44.25,44.53,82180263,MSFT
2014-07-18,44.65,44.84,44.25,44.69,43407490,MSFT
2014-07-21,44.56,45.16,44.22,44.835,37604378,MSFT
2014-07-22,45.0,45.15,44.59,44.83,43095820,MSFT
2014-07-23,45.45,45.45,44.62,44.87,52363948,MSFT
2014-07-24,44.93,45.0,44.32,44.4,30725348,MSFT
2014-07-25,44.3,44.66,44.3,44.5,26737724,MSFT
2014-07-28,44.36,44.51,43.93,43.97,29687677,MSFT
2014-07-29,43.91,44.09,43.64,43.885,27764099,MSFT
2014-07-30,44.07,44.1,43.29,43.5785,31925735,MSFT
2014-07-31,43.38,43.69,43.08,43.16,31540882,MSFT
2014-08-01,43.21,43.25,42.6,42.86,31171094,MSFT
2014-08-04,42.97,43.47,42.81,43.37,34277387,MSFT
2014-08-05,43.31,43.46,42.83,43.08,26267500,MSFT
2014-08-06,42.74,43.17,42.21,42.74,24633966,MSFT
2014-08-07,42.84,43.45,42.65,43.23,30315183,MSFT
2014-08-08,43.23,43.315,42.91,43.2,28943024,MSFT
2014-08-11,43.26,43.45,43.02,43.2,20351600,MSFT
2014-08-12,43.04,43.59,43.0,43.52,21433589,MSFT
2014-08-13,43.68,44.18,43.52,44.08,22851136,MSFT
2014-08-14,44.08,44.417,44.01,44.27,19313194,MSFT
2014-08-15,44.58,44.895,44.4,44.79,41611308,MSFT
2014-08-18,44.94,45.11,44.68,45.11,26895359,MSFT
2014-08-19,44.97,45.34,44.83,45.33,28139494,MSFT
2014-08-20,45.34,45.4,44.9,44.95,24770487,MSFT
2014-08-21,44.84,45.25,44.83,45.22,22285502,MSFT
2014-08-22,45.35,45.47,45.07,45.15,18294741,MSFT
2014-08-25,45.4,45.44,45.04,45.17,16909999,MSFT
2014-08-26,45.31,45.395,44.94,45.005,14877669,MSFT
2014-08-27,44.9,45.0,44.76,44.87,21287931,MSFT
2014-08-28,44.75,44.98,44.61,44.88,17657643,MSFT
2014-08-29,45.09,45.44,44.855,45.43,21608625,MSFT
2014-09-02,45.43,45.46,44.85,45.09,22976775,MSFT
2014-09-03,44.53,45.11,44.53,44.96,33689341,MSFT
2014-09-04,44.74,45.27,44.72,45.26,26478082,MSFT
2014-09-05,45.11,45.93,45.11,45.91,36939360,MSFT
2014-09-08,46.02,46.8,45.99,46.47,45736730,MSFT
2014-09-09,46.47,46.97,46.42,46.76,40302386,MSFT
2014-09-10,46.8201,46.94,46.28,46.84,27304409,MSFT
2014-09-11,46.74,47.0,46.47,47.0,29216560,MSFT
2014-09-12,46.91,47.02,46.6,46.695,38247122,MSFT
2014-09-15,46.54,46.71,46.1,46.24,37667644,MSFT
2014-09-16,46.39,46.85,46.29,46.76,27910571,MSFT
2014-09-17,46.26,46.69,46.23,46.52,38311924,MSFT
2014-09-18,46.59,46.83,46.46,46.68,35556632,MSFT
2014-09-19,46.81,47.57,46.6,47.52,202526536,MSFT
2014-09-22,47.3,47.38,46.98,47.06,38686091,MSFT
2014-09-23,46.85,46.98,46.47,46.56,33431078,MSFT
2014-09-24,46.63,47.11,46.34,47.08,26582713,MSFT
2014-09-25,46.88,47.09,46.03,46.04,33077385,MSFT
2014-09-26,45.93,46.62,45.76,46.41,27078764,MSFT
2014-09-29,45.98,46.56,45.76,46.44,26090980,MSFT
2014-09-30,46.37,46.4763,46.01,46.36,33033086,MSFT
2014-10-01,46.27,46.53,45.845,45.9,38088355,MSFT
2014-10-02,45.83,46.1,45.64,45.76,25119508,MSFT
2014-10-03,45.98,46.3,45.61,46.09,32453273,MSFT
2014-10-06,46.12,46.3,45.9199,46.09,20603960,MSFT
2014-10-07,45.86,45.93,45.42,45.53,25724544,MSFT
2014-10-08,45.48,46.89,45.34,46.78,33030972,MSFT
2014-10-09,46.5,46.8,45.74,45.85,34426595,MSFT
2014-10-10,45.6,46.12,43.95,44.03,51978146,MSFT
2014-10-13,43.82,44.56,43.49,43.65,37100207,MSFT
2014-10-14,43.87,44.38,43.56,43.73,38120558,MSFT
2014-10-15,43.0,43.39,42.1,43.22,60220961,MSFT
2014-10-16,42.53,43.08,42.22,42.74,49040989,MSFT
2014-10-17,43.2,43.935,42.79,43.63,40683346,MSFT
2014-10-20,43.06,44.14,42.81,44.08,34530887,MSFT
2014-10-21,44.36,44.975,44.19,44.88,36433824,MSFT
2014-10-22,45.0,45.07,44.225,44.38,33579817,MSFT
2014-10-23,44.62,45.445,44.53,45.02,45451869,MSFT
2014-10-24,46.83,46.9,45.18,46.13,61081039,MSFT
2014-10-27,45.71,46.1,45.71,45.91,30371308,MSFT
2014-10-28,45.86,46.5,45.77,46.49,29049750,MSFT
2014-10-29,46.44,46.7,46.34,46.62,30283622,MSFT
2014-10-30,46.32,46.32,45.77,46.05,30073873,MSFT
2014-10-31,46.94,46.97,46.48,46.95,35849656,MSFT
2014-11-03,46.89,47.46,46.73,47.44,23130397,MSFT
2014-11-04,47.301,47.73,47.25,47.57,21530813,MSFT
2014-11-05,47.8,47.9,47.26,47.86,22449594,MSFT
2014-11-06,47.86,48.86,47.79,48.7,33037841,MSFT
2014-11-07,48.92,48.92,48.2901,48.68,28000598,MSFT
2014-11-10,48.65,49.15,48.55,48.89,36370067,MSFT
2014-11-11,48.85,48.93,48.645,48.87,23445239,MSFT
2014-11-12,48.56,48.92,48.52,48.78,22722123,MSFT
2014-11-13,48.81,49.645,48.705,49.61,26210433,MSFT
2014-11-14,49.74,50.045,49.39,49.58,29081657,MSFT
2014-11-17,49.41,49.705,49.14,49.46,30318648,MSFT
2014-11-18,49.13,49.325,48.7,48.74,23996457,MSFT
2014-11-19,48.66,48.7549,47.93,48.22,26177450,MSFT
2014-11-20,48.0,48.7,47.87,48.7,21510587,MSFT
2014-11-21,49.02,49.05,47.57,47.98,42884795,MSFT
2014-11-24,47.99,48.0,47.39,47.59,35434245,MSFT
2014-11-25,47.66,47.97,47.45,47.47,28007993,MSFT
2014-11-26,47.49,47.99,47.28,47.75,27164877,MSFT
2014-11-28,47.95,48.195,47.61,47.81,21534426,MSFT
2014-12-01,47.88,48.78,47.71,48.62,31191575,MSFT
2014-12-02,48.84,49.05,48.2,48.46,25773478,MSFT
2014-12-03,48.44,48.5,47.805,48.08,23534752,MSFT
2014-12-04,48.39,49.06,48.2,48.84,30345132,MSFT
2014-12-05,48.82,48.97,48.38,48.42,27313449,MSFT
2014-12-08,48.26,48.35,47.445,47.695,26663107,MSFT
2014-12-09,47.11,47.92,47.05,47.59,24330506,MSFT
2014-12-10,47.58,47.66,46.7001,46.9,30431788,MSFT
2014-12-11,47.08,47.74,46.68,47.17,29061918,MSFT
2014-12-12,46.78,47.73,46.67,46.95,34248371,MSFT
2014-12-15,47.2,47.67,46.55,46.67,29247761,MSFT
2014-12-16,45.9,46.34,45.13,45.16,47801392,MSFT
2014-12-17,45.05,45.945,44.9,45.74,34970865,MSFT
2014-12-18,46.58,47.52,46.3386,47.52,40105550,MSFT
2014-12-19,47.63,48.1,47.17,47.66,64551182,MSFT
2014-12-22,47.78,48.12,47.71,47.98,26565984,MSFT
2014-12-23,48.37,48.8,48.13,48.45,23656529,MSFT
2014-12-24,48.64,48.64,48.08,48.14,11442790,MSFT
2014-12-26,48.41,48.41,47.82,47.88,13197817,MSFT
2014-12-29,47.7,47.78,47.26,47.45,14439518,MSFT
2014-12-30,47.44,47.62,46.84,47.02,16384692,MSFT
2014-12-31,46.73,47.44,46.45,46.45,21552450,MSFT
2015-01-02,46.66,47.42,46.54,46.76,27913852,MSFT
2015-01-05,46.37,46.73,46.25,46.325,39673865,MSFT
2015-01-06,46.38,46.749,45.54,45.65,36447854,MSFT
2015-01-07,45.98,46.46,45.49,46.23,29114061,MSFT
2015-01-08,46.75,47.7499,46.72,47.59,29645202,MSFT
2015-01-09,47.61,47.82,46.9,47.19,23944181,MSFT
2015-01-12,47.42,47.54,46.36,46.6,23651887,MSFT
2015-01-13,46.97,47.91,46.06,46.355,35270601,MSFT
2015-01-14,45.96,46.24,45.62,45.955,29719580,MSFT
2015-01-15,46.22,46.38,45.41,45.48,32750779,MSFT
2015-01-16,45.31,46.28,45.17,46.24,35695289,MSFT
2015-01-20,46.3,46.65,45.57,46.39,36161860,MSFT
2015-01-21,45.94,46.14,45.48,45.92,39081143,MSFT
2015-01-22,46.38,47.135,46.08,47.13,35898035,MSFT
2015-01-23,47.36,47.39,46.8,47.18,26211594,MSFT
2015-01-26,47.0,47.1339,46.2399,47.01,42525530,MSFT
2015-01-27,42.95,43.2,42.105,42.66,169163953,MSFT
2015-01-28,42.74,42.79,41.16,41.19,84507078,MSFT
2015-01-29,40.93,42.12,40.79,42.01,63585273,MSFT
2015-01-30,41.55,41.58,40.35,40.4,78004944,MSFT
2015-02-02,40.59,41.37,40.23,41.28,50352532,MSFT
2015-02-03,41.63,41.93,41.045,41.6,52082448,MSFT
2015-02-04,41.94,42.21,41.36,41.84,41614812,MSFT
2015-02-05,42.22,42.64,41.855,42.45,36548168,MSFT
2015-02-06,42.68,42.79,42.15,42.41,34616554,MSFT
2015-02-09,42.24,42.74,42.21,42.36,31381061,MSFT
2015-02-10,42.74,42.77,42.18,42.6,29670676,MSFT
2015-02-11,42.65,42.65,42.21,42.38,38262509,MSFT
2015-02-12,42.66,43.09,42.51,43.09,33268831,MSFT
2015-02-13,43.38,43.87,43.15,43.87,40264887,MSFT
2015-02-17,43.97,44.0,43.19,43.58,33695749,MSFT
2015-02-18,43.63,43.7,43.39,43.53,27111657,MSFT
2015-02-19,43.18,43.5263,43.05,43.5,27603420,MSFT
2015-02-20,43.51,43.88,43.29,43.855,29721133,MSFT
2015-02-23,43.7,44.19,43.65,44.15,32518754,MSFT
2015-02-24,44.15,44.3,43.92,44.09,25271747,MSFT
2015-02-25,43.95,44.09,43.8,43.99,29759820,MSFT
2015-02-26,43.99,44.23,43.89,44.055,28957329,MSFT
2015-02-27,44.13,44.2,43.66,43.85,33807740,MSFT
2015-03-02,43.67,44.19,43.55,43.88,31924049,MSFT
2015-03-03,43.56,43.825,43.09,43.28,31748648,MSFT
2015-03-04,43.01,43.21,42.88,43.055,25748692,MSFT
2015-03-05,43.07,43.24,42.82,43.11,23193541,MSFT
2015-03-06,43.0,43.11,42.15,42.36,36248785,MSFT
2015-03-09,42.19,43.125,42.19,42.85,32107957,MSFT
2015-03-10,42.35,42.71,42.03,42.03,39159730,MSFT
2015-03-11,42.31,42.37,41.84,41.98,32215314,MSFT
2015-03-12,41.33,41.65,40.86,41.02,59992502,MSFT
2015-03-13,40.7,41.47,40.61,41.38,58007705,MSFT
2015-03-16,41.47,41.64,41.28,41.56,35273452,MSFT
2015-03-17,41.37,41.83,41.15,41.695,31673448,MSFT
2015-03-18,41.43,42.83,41.33,42.5,44194771,MSFT
2015-03-19,42.26,42.59,42.22,42.285,33879066,MSFT
2015-03-20,42.56,42.98,42.49,42.88,71904529,MSFT
2015-03-23,42.88,43.13,42.78,42.855,26246086,MSFT
2015-03-24,42.78,43.17,42.75,42.9,25513252,MSFT
2015-03-25,42.92,42.925,41.44,41.46,43469907,MSFT
2015-03-26,41.22,41.61,40.92,41.21,37495627,MSFT
2015-03-27,41.12,41.43,40.83,40.97,34401398,MSFT
2015-03-30,41.1,41.54,40.91,40.96,35049662,MSFT
2015-03-31,40.78,41.03,40.54,40.655,34887219,MSFT
2015-04-01,40.6,40.76,40.31,40.72,36865322,MSFT
2015-04-02,40.66,40.74,40.12,40.29,37487476,MSFT
2015-04-06,40.34,41.78,40.18,41.545,39223692,MSFT
2015-04-07,41.61,41.91,41.31,41.53,28809375,MSFT
2015-04-08,41.46,41.69,41.04,41.42,24753438,MSFT
2015-04-09,41.25,41.62,41.25,41.48,25723861,MSFT
2015-04-10,41.63,41.95,41.41,41.72,28022002,MSFT
2015-04-13,41.4,42.06,41.39,41.76,30276692,MSFT
2015-04-14,41.8,42.03,41.39,41.65,24244382,MSFT
2015-04-15,41.76,42.46,41.68,42.255,27343581,MSFT
2015-04-16,41.95,42.34,41.82,42.16,22509652,MSFT
2015-04-17,41.67,41.74,41.16,41.615,42387608,MSFT
2015-04-20,41.73,43.17,41.68,42.905,46057733,MSFT
2015-04-21,43.0,43.15,42.53,42.635,26013844,MSFT
2015-04-22,42.67,43.13,42.55,42.985,25064273,MSFT
2015-04-23,42.89,43.61,42.8,43.34,46309530,MSFT
2015-04-24,45.66,48.14,45.65,47.87,130933665,MSFT
2015-04-27,47.23,48.13,47.22,48.03,59248172,MSFT
2015-04-28,47.78,49.21,47.7,49.155,60730778,MSFT
2015-04-29,48.72,49.31,48.5,49.06,47804562,MSFT
2015-04-30,48.7,49.54,48.6,48.64,64725457,MSFT
2015-05-01,48.58,48.875,48.4,48.655,38937336,MSFT
2015-05-04,48.37,48.87,48.18,48.24,34039485,MSFT
2015-05-05,47.82,48.16,47.31,47.6,50369191,MSFT
2015-05-06,47.57,47.77,46.02,46.28,52433020,MSFT
2015-05-07,46.27,47.085,46.16,46.7,32971654,MSFT
2015-05-08,47.55,47.98,47.52,47.75,35364911,MSFT
2015-05-11,47.55,47.91,47.37,47.37,24609416,MSFT
2015-05-12,46.85,47.68,46.42,47.35,29928264,MSFT
2015-05-13,48.19,48.32,47.57,47.625,34184613,MSFT
2015-05-14,48.0301,48.82,48.03,48.72,32980892,MSFT
2015-05-15,48.87,48.905,48.05,48.295,28642694,MSFT
2015-05-18,47.98,48.22,47.61,48.01,24136502,MSFT
2015-05-19,47.56,47.81,47.18,47.58,28574813,MSFT
2015-05-20,47.39,47.93,47.27,47.58,25047919,MSFT
2015-05-21,47.28,47.6,47.005,47.42,22410698,MSFT
2015-05-22,47.3,47.35,46.82,46.9,25720583,MSFT
2015-05-26,46.83,46.88,46.19,46.59,29581860,MSFT
2015-05-27,46.82,47.77,46.62,47.61,27335639,MSFT
2015-05-28,47.5,48.02,47.39,47.45,19283666,MSFT
2015-05-29,47.43,47.57,46.59,46.86,36519594,MSFT
2015-06-01,47.06,47.77,46.62,47.23,28837332,MSFT
2015-06-02,46.93,47.35,46.62,46.92,21498326,MSFT
2015-06-03,47.37,47.735,46.82,46.85,28002154,MSFT
2015-06-04,46.79,47.16,46.2,46.36,27745512,MSFT
2015-06-05,46.31,46.52,45.84,46.14,25438086,MSFT
2015-06-08,46.3,46.43,45.67,45.73,22121634,MSFT
2015-06-09,45.76,45.94,45.46,45.65,24406057,MSFT
2015-06-10,45.79,46.83,45.69,46.61,28417405,MSFT
2015-06-11,46.66,46.92,46.13,46.44,27347758,MSFT
2015-06-12,46.22,46.47,45.9,45.97,23930972,MSFT
2015-06-15,45.45,45.65,45.0201,45.475,33254517,MSFT
2015-06-16,45.35,46.24,45.3,45.83,27070306,MSFT
2015-06-17,45.73,46.07,45.36,45.97,28704061,MSFT
2015-06-18,46.22,46.8,46.17,46.72,32658343,MSFT
2015-06-19,46.79,46.825,45.99,46.1,63837036,MSFT
2015-06-22,46.33,46.72,46.16,46.23,20318055,MSFT
2015-06-23,46.13,46.28,45.62,45.91,25896473,MSFT
2015-06-24,45.67,46.245,45.55,45.635,34890901,MSFT
2015-06-25,46.03,46.06,45.5,45.65,20615995,MSFT
2015-06-26,45.65,46.28,45.03,45.26,49835287,MSFT
2015-06-29,45.04,45.23,44.36,44.37,34081746,MSFT
2015-06-30,44.71,44.72,43.94,44.15,35945384,MSFT
2015-07-01,44.46,45.23,44.1,44.445,28343907,MSFT
2015-07-02,44.48,44.75,44.06,44.4,21752013,MSFT
2015-07-06,43.96,44.48,43.95,44.39,23033961,MSFT
2015-07-07,44.34,44.49,43.32,44.3,36435827,MSFT
2015-07-08,44.44,44.9,44.03,44.24,39785901,MSFT
2015-07-09,44.75,45.22,44.5,44.52,32424672,MSFT
2015-07-10,45.01,45.14,44.57,44.61,25465757,MSFT
2015-07-13,44.975,45.62,44.9501,45.54,28178329,MSFT
2015-07-14,45.45,45.96,45.31,45.62,22880260,MSFT
2015-07-15,45.68,45.89,45.43,45.76,26629615,MSFT
2015-07-16,46.01,46.69,45.965,46.66,26271673,MSFT
2015-07-17,46.55,46.78,46.26,46.62,29467107,MSFT
2015-07-20,46.65,47.13,46.44,46.92,30631905,MSFT
2015-07-21,46.78,47.33,46.48,47.28,42781899,MSFT
2015-07-22,45.44,46.93,45.203,45.54,59152427,MSFT
2015-07-23,45.27,46.23,45.1,46.11,33934010,MSFT
2015-07-24,45.91,46.32,45.8,45.94,32333244,MSFT
2015-07-27,45.94,46.01,45.25,45.35,39701420,MSFT
2015-07-28,45.58,45.639,44.79,45.34,34328948,MSFT
2015-07-29,45.4,46.78,45.26,46.29,40945864,MSFT
2015-07-30,46.26,47.4,45.93,46.88,39777883,MSFT
2015-07-31,47.29,47.37,46.5,46.7,31201480,MSFT
2015-08-03,46.98,47.0,46.45,46.81,24125886,MSFT
2015-08-04,46.75,47.71,46.68,47.54,33403916,MSFT
2015-08-05,47.98,48.41,47.54,47.58,26959655,MSFT
2015-08-06,47.71,47.77,46.33,46.62,27368000,MSFT
2015-08-07,46.39,46.78,46.26,46.74,19163038,MSFT
2015-08-10,46.95,47.49,46.84,47.33,23079870,MSFT
2015-08-11,46.82,46.94,45.9,46.41,29237402,MSFT
2015-08-12,46.19,46.9,45.705,46.74,30198532,MSFT
2015-08-13,47.06,47.1,46.49,46.73,22627241,MSFT
2015-08-14,46.53,47.1,46.52,47.0,21473402,MSFT
2015-08-17,46.81,47.45,46.57,47.32,21099746,MSFT
2015-08-18,46.84,47.43,46.7,47.27,23574104,MSFT
2015-08-19,46.78,47.08,46.3,46.61,31485511,MSFT
2015-08-20,46.07,46.47,45.66,45.66,36238227,MSFT
2015-08-21,45.3,45.48,43.07,43.07,70053084,MSFT
2015-08-24,40.45,43.31,39.72,41.68,88753660,MSFT
2015-08-25,42.565,43.24,40.39,40.47,70616597,MSFT
2015-08-26,42.01,42.84,41.06,42.71,63407996,MSFT
2015-08-27,43.14,43.95,42.925,43.9,50943211,MSFT
2015-08-28,43.47,44.15,43.39,43.93,28246725,MSFT
2015-08-31,43.74,43.93,43.1,43.52,34441662,MSFT
2015-09-01,42.23,42.59,41.66,41.82,49688896,MSFT
2015-09-02,42.24,43.38,41.88,43.36,37671518,MSFT
2015-09-03,43.41,43.98,43.28,43.5,28285205,MSFT
2015-09-04,42.81,43.04,42.195,42.61,37138775,MSFT
2015-09-08,43.3,44.0,43.2,43.89,32469766,MSFT
2015-09-09,44.21,44.4,42.91,43.07,33469485,MSFT
2015-09-10,43.12,43.79,42.745,43.29,31366630,MSFT
2015-09-11,43.14,43.59,42.9399,43.48,27132527,MSFT
2015-09-14,43.43,43.44,42.86,43.04,23656048,MSFT
2015-09-15,43.19,44.29,43.08,43.98,28882206,MSFT
2015-09-16,43.97,44.38,43.84,44.3,23372162,MSFT
2015-09-17,44.29,45.0,44.08,44.25,32768161,MSFT
2015-09-18,43.5,43.99,43.33,43.48,63143684,MSFT
2015-09-21,43.62,44.47,43.6,44.11,26177224,MSFT
2015-09-22,43.38,44.05,43.31,43.9,28085903,MSFT
2015-09-23,43.93,44.17,43.51,43.87,17145238,MSFT
2015-09-24,43.45,44.13,43.27,43.91,27905607,MSFT
2015-09-25,44.48,44.73,43.76,43.94,29384601,MSFT
2015-09-28,43.83,44.085,43.205,43.29,27613785,MSFT
2015-09-29,43.37,43.57,43.05,43.44,32763557,MSFT
2015-09-30,43.88,44.3,43.66,44.26,34958880,MSFT
2015-10-01,44.75,44.75,43.75,44.61,28657859,MSFT
2015-10-02,44.27,45.57,43.92,45.57,41839035,MSFT
2015-10-05,45.745,46.89,45.7,46.63,34369286,MSFT
2015-10-06,46.33,47.175,46.22,46.75,27510808,MSFT
2015-10-07,47.1,47.35,45.95,46.8,27711492,MSFT
2015-10-08,46.56,47.515,46.5,47.45,33772709,MSFT
2015-10-09,47.45,47.54,46.92,47.11,28600632,MSFT
2015-10-12,46.98,47.07,46.5,47.0,19769066,MSFT
2015-10-13,46.56,47.1299,46.56,46.89,19987816,MSFT
2015-10-14,46.65,47.1,46.53,46.68,24697766,MSFT
2015-10-15,47.01,47.03,46.53,47.01,27189370,MSFT
2015-10-16,47.02,47.54,46.897,47.51,26450334,MSFT
2015-10-19,47.42,47.88,47.02,47.62,29387581,MSFT
2015-10-20,47.44,47.81,47.02,47.77,30802235,MSFT
2015-10-21,47.92,47.99,47.11,47.2,25264710,MSFT
2015-10-22,47.53,48.95,47.09,48.03,56637074,MSFT
2015-10-23,52.3,54.07,52.25,52.87,135227059,MSFT
2015-10-26,52.53,54.32,52.5,54.25,64633324,MSFT
2015-10-27,53.99,54.37,53.58,53.69,50999907,MSFT
2015-10-28,53.54,53.98,52.86,53.98,47000753,MSFT
2015-10-29,53.54,53.83,53.22,53.36,30202078,MSFT
2015-10-30,53.32,53.99,52.62,52.64,46619761,MSFT
2015-11-02,52.85,53.36,52.62,53.24,30284982,MSFT
2015-11-03,52.93,54.39,52.9,54.15,36596931,MSFT
2015-11-04,54.18,54.88,54.06,54.4,37087849,MSFT
2015-11-05,54.49,54.7,54.0,54.38,31468485,MSFT
2015-11-06,54.085,54.98,53.964,54.92,32851204,MSFT
2015-11-09,54.55,54.87,53.56,54.16,32513067,MSFT
2015-11-10,54.07,54.13,53.27,53.51,55283697,MSFT
2015-11-11,53.7,54.2,53.46,53.65,36516260,MSFT
2015-11-12,53.48,53.9791,53.19,53.32,35361095,MSFT
2015-11-13,53.07,53.29,52.53,52.84,36848175,MSFT
2015-11-16,53.08,53.89,52.85,53.765,32165198,MSFT
2015-11-17,53.17,53.53,52.85,52.97,31551255,MSFT
2015-11-18,53.0,53.98,52.9799,53.85,29710030,MSFT
2015-11-19,53.99,54.66,53.781,53.94,28149228,MSFT
2015-11-20,54.25,54.3,53.265,54.19,37147608,MSFT
2015-11-23,54.25,54.46,53.75,54.19,28235918,MSFT
2015-11-24,53.92,54.44,53.58,54.25,24600043,MSFT
2015-11-25,54.09,54.23,53.69,53.69,21005147,MSFT
2015-11-27,53.8,54.08,53.79,53.93,9009132,MSFT
2015-11-30,54.54,54.96,53.9999,54.35,56241417,MSFT
2015-12-01,54.41,55.23,54.3,55.22,39952779,MSFT
2015-12-02,55.32,55.96,55.06,55.21,47274879,MSFT
2015-12-03,55.49,55.77,53.93,54.2,38627835,MSFT
2015-12-04,54.12,56.23,54.1,55.91,43963662,MSFT
2015-12-07,55.79,55.97,55.29,55.81,30709765,MSFT
2015-12-08,55.47,56.1,54.99,55.79,32878026,MSFT
2015-12-09,55.37,55.87,54.51,54.98,36373209,MSFT
2015-12-10,55.39,55.655,55.01,55.27,31775826,MSFT
2015-12-11,54.71,55.1,54.01,54.06,39549497,MSFT
2015-12-14,54.33,55.21,53.68,55.14,47006491,MSFT
2015-12-15,55.66,55.9,55.09,55.2,39842998,MSFT
2015-12-16,55.54,56.245,54.76,56.13,37503300,MSFT
2015-12-17,56.36,56.79,55.5348,55.7,41280907,MSFT
2015-12-18,55.77,56.0,54.03,54.13,84684164,MSFT
2015-12-21,54.88,55.35,54.2262,54.83,37246325,MSFT
2015-12-22,54.99,55.48,54.5,55.35,28322241,MSFT
2015-12-23,55.7,55.88,55.44,55.82,27279832,MSFT
2015-12-24,55.86,55.96,55.43,55.67,9570002,MSFT
2015-12-28,55.35,55.95,54.98,55.95,22458293,MSFT
2015-12-29,56.29,56.85,56.06,56.55,27731403,MSFT
2015-12-30,56.47,56.78,56.2875,56.31,21704505,MSFT
2015-12-31,56.04,56.19,55.42,55.48,27334061,MSFT
2016-01-04,54.32,54.8,53.39,54.8,53777963,MSFT
2016-01-05,54.93,55.39,54.54,55.05,34079674,MSFT
2016-01-06,54.32,54.4001,53.64,54.05,39518863,MSFT
2016-01-07,52.7,53.485,52.07,52.17,56564852,MSFT
2016-01-08,52.37,53.28,52.15,52.33,48753969,MSFT
2016-01-11,52.51,52.85,51.46,52.3,36943756,MSFT
2016-01-12,52.76,53.1,52.06,52.78,36095539,MSFT
2016-01-13,53.8,54.07,51.3038,51.64,66883571,MSFT
2016-01-14,52.0,53.4163,51.57,53.11,52381918,MSFT
2016-01-15,51.31,51.97,50.34,50.99,71820697,MSFT
2016-01-19,51.48,51.68,50.06,50.56,43564538,MSFT
2016-01-20,49.98,51.38,49.1,50.79,63272993,MSFT
2016-01-21,51.0,51.58,50.3,50.48,40191157,MSFT
2016-01-22,51.41,52.33,51.26,52.29,37555789,MSFT
2016-01-25,51.94,52.65,51.65,51.79,34707717,MSFT
2016-01-26,51.79,52.44,51.55,52.17,28900820,MSFT
2016-01-27,52.01,52.2,51.0201,51.22,36775194,MSFT
2016-01-28,51.86,52.21,51.25,52.055,62513789,MSFT
2016-01-29,54.73,55.09,54.0,55.09,83611686,MSFT
2016-02-01,54.88,55.09,54.495,54.71,44208542,MSFT
2016-02-02,54.17,54.26,52.65,53.0,56313753,MSFT
2016-02-03,53.25,53.39,51.26,52.16,57559814,MSFT
2016-02-04,52.1,52.81,51.37,52.0,46987123,MSFT
2016-02-05,51.94,52.0,49.56,50.16,62008994,MSFT
2016-02-08,49.55,49.57,48.19,49.41,59290497,MSFT
2016-02-09,49.02,50.24,48.67,49.28,46740474,MSFT
2016-02-10,49.89,50.39,49.52,49.71,38236954,MSFT
2016-02-11,48.68,50.11,48.51,49.69,48878571,MSFT
2016-02-12,50.25,50.68,49.75,50.5,34243324,MSFT
2016-02-16,50.9,51.09,50.13,51.09,37291208,MSFT
2016-02-17,51.49,52.77,51.45,52.42,40788968,MSFT
2016-02-18,52.33,52.95,52.1,52.19,27176035,MSFT
2016-02-19,51.97,52.28,51.53,51.82,33559073,MSFT
2016-02-22,52.28,53.0,52.28,52.65,25008291,MSFT
2016-02-23,52.34,52.37,50.98,51.18,28895274,MSFT
2016-02-24,50.69,51.5,50.2,51.36,33014457,MSFT
2016-02-25,51.73,52.1,50.61,52.1,26939467,MSFT
2016-02-26,52.6,52.68,51.1,51.3,35975925,MSFT
2016-02-29,51.35,51.65,50.66,50.88,31654036,MSFT
2016-03-01,50.97,52.59,50.9199,52.58,33024535,MSFT
2016-03-02,52.41,52.96,52.155,52.95,29289884,MSFT
2016-03-03,52.97,52.97,51.78,52.35,24427813,MSFT
2016-03-04,52.4,52.45,51.71,52.03,33034150,MSFT
2016-03-07,51.56,51.8,50.58,51.03,38428816,MSFT
2016-03-08,50.8,52.13,50.595,51.65,33835119,MSFT
2016-03-09,51.89,52.85,51.855,52.84,28251588,MSFT
2016-03-10,52.93,52.94,51.16,52.05,38387804,MSFT
2016-03-11,53.0,53.07,52.38,53.07,32275677,MSFT
2016-03-14,52.71,53.59,52.63,53.17,24083616,MSFT
2016-03-15,52.75,53.59,52.74,53.59,21104763,MSFT
2016-03-16,53.45,54.6,53.4,54.35,31691742,MSFT
2016-03-17,54.21,55.0,54.0,54.66,28223947,MSFT
2016-03-18,54.92,54.97,53.445,53.49,67625518,MSFT
2016-03-21,53.25,53.9298,52.93,53.86,23925716,MSFT
2016-03-22,53.61,54.25,53.46,54.07,23124143,MSFT
2016-03-23,54.11,54.24,53.74,53.97,20129015,MSFT
2016-03-24,53.84,54.33,53.73,54.21,19949972,MSFT
2016-03-28,54.21,54.29,53.33,53.54,17025050,MSFT
2016-03-29,53.66,54.86,53.45,54.71,23924329,MSFT
2016-03-30,54.93,55.64,54.9,55.05,23008260,MSFT
2016-03-31,54.95,55.59,54.86,55.23,26360495,MSFT
2016-04-01,55.05,55.61,54.57,55.57,24399193,MSFT
2016-04-04,55.43,55.66,55.0,55.43,18928810,MSFT
2016-04-05,55.19,55.3,54.46,54.56,19272255,MSFT
2016-04-06,54.36,55.2,54.21,55.12,21188682,MSFT
2016-04-07,54.87,54.91,54.23,54.46,19225092,MSFT
2016-04-08,54.67,55.28,54.32,54.42,22167223,MSFT
2016-04-11,54.49,55.15,54.3,54.31,21414227,MSFT
2016-04-12,54.37,54.78,53.76,54.65,24944288,MSFT
2016-04-13,55.12,55.4375,54.89,55.35,20817961,MSFT
2016-04-14,55.22,55.575,55.07,55.36,20877108,MSFT
2016-04-15,55.3,55.92,55.11,55.65,28793753,MSFT
2016-04-18,55.49,56.59,55.21,56.46,23785950,MSFT
2016-04-19,56.63,56.77,55.68,56.39,29596827,MSFT
2016-04-20,56.29,56.5,55.485,55.59,36195714,MSFT
2016-04-21,55.8,56.23,55.415,55.78,38909096,MSFT
2016-04-22,51.91,52.4297,50.77,51.78,126834091,MSFT
2016-04-25,51.78,52.13,51.63,52.11,33226948,MSFT
2016-04-26,52.26,52.35,51.09,51.44,33532636,MSFT
2016-04-27,51.48,51.5,50.55,50.94,43369256,MSFT
2016-04-28,50.62,50.77,49.56,49.9,43134846,MSFT
2016-04-29,49.35,50.25,49.35,49.87,48411684,MSFT
2016-05-02,50.0,50.75,49.7799,50.61,33114539,MSFT
2016-05-03,50.34,50.41,49.6,49.78,26460244,MSFT
2016-05-04,49.84,50.06,49.46,49.87,24257556,MSFT
2016-05-05,49.87,50.3,49.73,49.94,25390718,MSFT
2016-05-06,49.92,50.39,49.66,50.39,24787301,MSFT
2016-05-09,50.49,50.585,50.0,50.07,17951598,MSFT
2016-05-10,50.33,51.1,50.19,51.02,22890966,MSFT
2016-05-11,51.13,51.78,51.0,51.05,24039140,MSFT
2016-05-12,51.2,51.81,50.92,51.51,24102781,MSFT
2016-05-13,51.44,51.895,51.04,51.08,22592342,MSFT
2016-05-16,50.8,51.96,50.75,51.83,20032017,MSFT
2016-05-17,51.72,51.73,50.36,50.51,27803514,MSFT
2016-05-18,50.48,51.14,50.3,50.81,24907532,MSFT
2016-05-19,50.47,50.62,49.82,50.32,23842358,MSFT
2016-05-20,50.48,51.22,50.4,50.62,23905769,MSFT
2016-05-23,50.6,50.68,49.98,50.03,26118720,MSFT
2016-05-24,50.7,51.71,50.4,51.59,34757944,MSFT
2016-05-25,51.92,52.49,51.79,52.12,24204566,MSFT
2016-05-26,51.93,51.9793,51.36,51.89,24335223,MSFT
2016-05-27,51.92,52.32,51.77,52.32,17721438,MSFT
2016-05-31,52.26,53.0,52.08,53.0,37653081,MSFT
2016-06-01,52.44,52.95,52.44,52.85,25324828,MSFT
2016-06-02,52.64,52.74,51.835,52.48,22840779,MSFT
2016-06-03,52.38,52.42,51.6,51.79,23368291,MSFT
2016-06-06,51.99,52.35,51.89,52.13,18243271,MSFT
2016-06-07,52.24,52.73,52.1,52.1,20866770,MSFT
2016-06-08,52.02,52.44,51.87,52.04,21149438,MSFT
2016-06-09,52.0,52.0,51.49,51.62,20305664,MSFT
2016-06-10,51.05,52.05,51.04,51.48,25833151,MSFT
2016-06-13,49.58,50.715,49.06,50.14,83217844,MSFT
2016-06-14,49.9,50.1,49.57,49.83,42577106,MSFT
2016-06-15,49.78,50.12,49.69,49.69,33757639,MSFT
2016-06-16,49.52,50.47,49.5068,50.39,31188605,MSFT
2016-06-17,50.41,50.43,49.82,50.13,45710516,MSFT
2016-06-20,50.64,50.83,50.03,50.07,35607946,MSFT
2016-06-21,50.2,51.43,50.16,51.19,34097825,MSFT
2016-06-22,51.08,51.46,50.9525,50.99,28816848,MSFT
2016-06-23,51.28,52.06,51.15,51.91,29028833,MSFT
2016-06-24,49.81,50.94,49.52,49.83,133502985,MSFT
2016-06-27,49.1,49.1466,48.035,48.43,50576699,MSFT
2016-06-28,48.92,49.47,48.67,49.44,38140658,MSFT
2016-06-29,49.91,50.72,49.8,50.54,31304021,MSFT
2016-06-30,50.72,51.3,50.5,51.17,28527781,MSFT
2016-07-01,51.13,51.72,51.07,51.16,21400392,MSFT
2016-07-05,50.83,51.28,50.74,51.17,24806351,MSFT
2016-07-06,50.78,51.54,50.39,51.38,28167461,MSFT
2016-07-07,51.42,51.61,51.07,51.38,19585194,MSFT
2016-07-08,51.73,52.36,51.55,52.3,28391026,MSFT
2016-07-11,52.5,52.83,52.47,52.59,22269203,MSFT
2016-07-12,52.94,53.4,52.785,53.21,27317555,MSFT
2016-07-13,53.56,53.86,53.18,53.51,25356841,MSFT
2016-07-14,53.84,53.99,53.58,53.74,24545520,MSFT
2016-07-15,53.95,54.0,53.21,53.7,32024385,MSFT
2016-07-18,53.7,54.34,53.55,53.96,31433864,MSFT
2016-07-19,53.71,53.9,52.93,53.09,53336533,MSFT
2016-07-20,56.15,56.84,55.53,55.91,89893301,MSFT
2016-07-21,55.98,56.23,55.76,55.8,32776653,MSFT
2016-07-22,56.08,56.6275,55.78,56.57,32157167,MSFT
2016-07-25,56.47,56.74,56.255,56.73,25610587,MSFT
2016-07-26,56.52,57.29,56.51,56.76,28078995,MSFT
2016-07-27,56.61,56.8,56.11,56.19,32327477,MSFT
2016-07-28,56.0,56.37,55.72,56.21,37550411,MSFT
2016-07-29,56.26,56.76,56.05,56.68,30558718,MSFT
2016-08-01,56.6,56.75,56.14,56.58,26003419,MSFT
2016-08-02,56.85,56.9,56.31,56.58,35121958,MSFT
2016-08-03,56.68,57.11,56.49,56.97,22075616,MSFT
2016-08-04,56.8,57.5193,56.67,57.39,26587749,MSFT
2016-08-05,57.65,58.21,57.45,57.96,29335221,MSFT
2016-08-08,58.055,58.085,57.78,58.06,19473499,MSFT
2016-08-09,58.17,58.5,58.02,58.2,16920721,MSFT
2016-08-10,58.16,58.32,57.82,58.02,15756913,MSFT
2016-08-11,58.03,58.45,58.03,58.3,18162301,MSFT
2016-08-12,58.03,58.19,57.62,57.94,21655161,MSFT
2016-08-15,58.01,58.5,57.96,58.12,19283902,MSFT
2016-08-16,57.61,57.62,57.27,57.44,20523493,MSFT
2016-08-17,57.54,57.68,57.23,57.56,18856423,MSFT
2016-08-18,57.42,57.7,57.27,57.6,14214341,MSFT
2016-08-19,57.43,57.73,57.2,57.62,17271044,MSFT
2016-08-22,57.6,57.75,57.26,57.67,15221922,MSFT
2016-08-23,57.9,58.18,57.85,57.89,18732373,MSFT
2016-08-24,57.8,58.04,57.715,57.95,18151506,MSFT
2016-08-25,57.88,58.29,57.78,58.17,18552579,MSFT
2016-08-26,58.28,58.7,57.69,58.03,20971202,MSFT
2016-08-29,58.18,58.6,58.1,58.1,16417207,MSFT
2016-08-30,57.98,58.19,57.61,57.89,16930185,MSFT
2016-08-31,57.65,57.8,57.3,57.46,20860269,MSFT
2016-09-01,57.01,57.82,57.01,57.59,26075363,MSFT
2016-09-02,57.67,58.19,57.42,57.67,18900489,MSFT
2016-09-06,57.78,57.8,57.21,57.61,16278416,MSFT
2016-09-07,57.47,57.84,57.405,57.66,17493359,MSFT
2016-09-08,57.63,57.79,57.18,57.43,20146083,MSFT
2016-09-09,56.79,57.52,56.21,56.21,35113934,MSFT
2016-09-12,56.0,57.205,55.61,57.05,29302962,MSFT
2016-09-13,56.5,56.65,56.05,56.53,30130213,MSFT
2016-09-14,56.39,56.63,56.03,56.26,24274273,MSFT
2016-09-15,56.15,57.35,55.98,57.19,27062614,MSFT
2016-09-16,57.63,57.63,56.75,57.25,44606965,MSFT
2016-09-19,57.27,57.75,56.85,56.93,20937104,MSFT
2016-09-20,57.35,57.35,56.75,56.81,17383982,MSFT
2016-09-21,57.51,57.85,57.08,57.76,33707272,MSFT
2016-09-22,57.92,58.0,57.63,57.82,19822203,MSFT
2016-09-23,57.87,57.91,57.38,57.43,19955336,MSFT
2016-09-26,57.08,57.14,56.83,56.9,21688720,MSFT
2016-09-27,56.93,58.06,56.681,57.95,28065071,MSFT
2016-09-28,57.88,58.06,57.67,58.03,20536400,MSFT
2016-09-29,57.81,58.1679,57.21,57.4,25463536,MSFT
2016-09-30,57.57,57.77,57.34,57.6,29910788,MSFT
2016-10-03,57.405,57.55,57.06,57.42,19189515,MSFT
2016-10-04,57.27,57.595,56.97,57.24,20085874,MSFT
2016-10-05,57.29,57.9601,57.26,57.64,16726411,MSFT
2016-10-06,57.74,57.86,57.28,57.74,16212611,MSFT
2016-10-07,57.85,57.98,57.42,57.8,20089020,MSFT
2016-10-10,57.91,58.39,57.87,58.04,18196509,MSFT
2016-10-11,57.89,58.02,56.89,57.19,26497418,MSFT
2016-10-12,57.11,57.27,56.4,57.11,22177464,MSFT
2016-10-13,56.7,57.3,56.315,56.92,25313748,MSFT
2016-10-14,57.12,57.74,57.12,57.42,27402451,MSFT
2016-10-17,57.36,57.46,56.87,57.22,23830014,MSFT
2016-10-18,57.53,57.945,57.41,57.66,19149538,MSFT
2016-10-19,57.47,57.84,57.395,57.53,22878397,MSFT
2016-10-20,57.5,57.52,56.66,57.25,49455612,MSFT
2016-10-21,60.28,60.45,59.485,59.66,80032206,MSFT
2016-10-24,59.94,61.0,59.93,61.0,54066978,MSFT
2016-10-25,60.85,61.3699,60.8,60.99,35137164,MSFT
2016-10-26,60.81,61.2,60.47,60.63,29911608,MSFT
2016-10-27,60.61,60.83,60.09,60.1,28479856,MSFT
2016-10-28,60.01,60.52,59.58,59.87,33574684,MSFT
2016-10-31,60.16,60.42,59.92,59.92,26434697,MSFT
2016-11-01,59.97,60.02,59.25,59.8,24532986,MSFT
2016-11-02,59.82,59.93,59.3,59.43,22147005,MSFT
2016-11-03,59.53,59.64,59.11,59.21,21600427,MSFT
2016-11-04,58.65,59.28,58.52,58.71,28697016,MSFT
2016-11-07,59.78,60.52,59.78,60.42,31664798,MSFT
2016-11-08,60.55,60.78,60.15,60.47,22935355,MSFT
2016-11-09,60.0,60.59,59.2,60.17,49632479,MSFT
2016-11-10,60.48,60.49,57.6302,58.7,57822394,MSFT
2016-11-11,58.23,59.116,58.01,59.02,38767843,MSFT
2016-11-14,59.02,59.08,57.28,58.12,41328422,MSFT
2016-11-15,58.33,59.49,58.315,58.87,35904126,MSFT
2016-11-16,58.94,59.66,58.81,59.65,27332475,MSFT
2016-11-17,60.41,60.95,59.965,60.64,32132728,MSFT
2016-11-18,60.78,61.14,60.3,60.35,27686311,MSFT
2016-11-21,60.5,60.97,60.42,60.86,19652595,MSFT
2016-11-22,60.98,61.26,60.805,61.12,23206700,MSFT
2016-11-23,61.01,61.1,60.25,60.4,21848913,MSFT
2016-11-25,60.3,60.53,60.13,60.53,8409616,MSFT
2016-11-28,60.34,61.02,60.21,60.61,20732619,MSFT
2016-11-29,60.65,61.41,60.52,61.09,22366721,MSFT
2016-11-30,60.86,61.18,60.215,60.26,34655435,MSFT
2016-12-01,60.11,60.15,58.935,59.2,34542121,MSFT
2016-12-02,59.08,59.47,58.8,59.25,25515665,MSFT
2016-12-05,59.7,60.585,59.56,60.22,23552658,MSFT
2016-12-06,60.43,60.46,59.8,59.95,19907035,MSFT
2016-12-07,60.01,61.38,59.8,61.37,30808969,MSFT
2016-12-08,61.3,61.58,60.84,61.01,21220753,MSFT
2016-12-09,61.18,61.99,61.125,61.97,27349356,MSFT
2016-12-12,61.82,62.3,61.72,62.17,20198081,MSFT
2016-12-13,62.5,63.42,62.24,62.98,35718868,MSFT
2016-12-14,63.0,63.45,62.53,62.68,30352654,MSFT
2016-12-15,62.7,63.1535,62.3,62.58,27669868,MSFT
2016-12-16,62.95,62.95,62.115,62.3,42453083,MSFT
2016-12-19,62.56,63.77,62.42,63.62,34338219,MSFT
2016-12-20,63.69,63.8,63.025,63.54,26028379,MSFT
2016-12-21,63.43,63.7,63.12,63.54,17096304,MSFT
2016-12-22,63.84,64.1,63.405,63.55,22176585,MSFT
2016-12-23,63.45,63.54,62.8,63.24,12403819,MSFT
2016-12-27,63.21,64.07,63.21,63.28,11763173,MSFT
2016-12-28,63.4,63.4,62.83,62.99,14653348,MSFT
2016-12-29,62.86,63.2,62.73,62.9,10250582,MSFT
2016-12-30,62.96,62.99,62.03,62.14,25579908,MSFT
2017-01-03,62.79,62.84,62.125,62.58,20694101,MSFT
2017-01-04,62.48,62.75,62.12,62.3,21339969,MSFT
2017-01-05,62.19,62.66,62.03,62.3,24875968,MSFT
2017-01-06,62.3,63.15,62.04,62.84,19922919,MSFT
2017-01-09,62.76,63.08,62.54,62.64,20382730,MSFT
2017-01-10,62.73,63.07,62.28,62.62,18593004,MSFT
2017-01-11,62.61,63.23,62.43,63.19,21517335,MSFT
2017-01-12,63.06,63.4,61.95,62.61,20968223,MSFT
2017-01-13,62.62,62.865,62.35,62.7,19422310,MSFT
2017-01-17,62.68,62.7,62.03,62.53,20663983,MSFT
2017-01-18,62.67,62.7,62.12,62.5,19670102,MSFT
2017-01-19,62.24,62.98,62.195,62.3,18451655,MSFT
2017-01-20,62.67,62.82,62.37,62.74,30213462,MSFT
2017-01-23,62.7,63.1159,62.57,62.96,23097581,MSFT
2017-01-24,63.2,63.735,62.94,63.52,24672940,MSFT
2017-01-25,63.95,64.1,63.45,63.68,24654933,MSFT
2017-01-26,64.12,64.535,63.55,64.27,43554645,MSFT
2017-01-27,65.39,65.91,64.89,65.78,44817972,MSFT
2017-01-30,65.69,65.79,64.8,65.13,31651445,MSFT
2017-01-31,64.86,65.15,64.26,64.65,25270549,MSFT
2017-02-01,64.355,64.62,63.47,63.58,39671528,MSFT
2017-02-02,63.25,63.41,62.75,63.17,45827013,MSFT
2017-02-03,63.5,63.7,63.07,63.68,30301759,MSFT
2017-02-06,63.5,63.65,63.14,63.64,19796360,MSFT
2017-02-07,63.74,63.78,63.23,63.43,20277226,MSFT
2017-02-08,63.57,63.81,63.22,63.34,18096358,MSFT
2017-02-09,63.52,64.435,63.32,64.06,22644443,MSFT
2017-02-10,64.25,64.3,63.975,64.0,18170729,MSFT
2017-02-13,64.24,64.86,64.13,64.72,22920101,MSFT
2017-02-14,64.41,64.72,64.02,64.57,23108426,MSFT
2017-02-15,64.5,64.57,64.155,64.53,17005157,MSFT
2017-02-16,64.74,65.24,64.44,64.52,20546345,MSFT
2017-02-17,64.47,64.69,64.3,64.62,21248818,MSFT
2017-02-21,64.61,64.95,64.45,64.49,20655869,MSFT
2017-02-22,64.33,64.39,64.05,64.36,19292651,MSFT
2017-02-23,64.42,64.7285,64.195,64.62,20273128,MSFT
2017-02-24,64.53,64.8,64.135,64.62,21796800,MSFT
2017-02-27,64.54,64.54,64.045,64.23,15871507,MSFT
2017-02-28,64.08,64.2,63.76,63.98,23239825,MSFT
2017-03-01,64.13,64.99,64.0218,64.94,26937459,MSFT
2017-03-02,64.69,64.75,63.88,64.01,24539597,MSFT
2017-03-03,63.99,64.28,63.62,64.25,18139405,MSFT
2017-03-06,63.97,64.56,63.81,64.27,18750255,MSFT
2017-03-07,64.19,64.775,64.19,64.4,18520987,MSFT
2017-03-08,64.26,65.085,64.25,64.99,21510907,MSFT
2017-03-09,65.19,65.2,64.48,64.73,19846832,MSFT
2017-03-10,65.11,65.26,64.75,64.93,19538245,MSFT
2017-03-13,65.01,65.195,64.57,64.71,20100035,MSFT
2017-03-14,64.53,64.55,64.15,64.41,14280202,MSFT
2017-03-15,64.55,64.92,64.25,64.75,24833810,MSFT
2017-03-16,64.75,64.76,64.3,64.64,20674296,MSFT
2017-03-17,64.91,65.24,64.68,64.87,49219686,MSFT
2017-03-20,64.91,65.175,64.72,64.93,14598083,MSFT
2017-03-21,65.19,65.5,64.13,64.21,26640480,MSFT
2017-03-22,64.12,65.14,64.12,65.03,20680015,MSFT
2017-03-23,64.94,65.235,64.765,64.87,19269203,MSFT
2017-03-24,65.36,65.45,64.76,64.98,22617105,MSFT
2017-03-27,64.63,65.22,64.35,65.1,18614662,MSFT
2017-03-28,64.96,65.47,64.65,65.29,20080358,MSFT
2017-03-29,65.12,65.5,64.9475,65.47,13618424,MSFT
2017-03-30,65.42,65.98,65.36,65.71,15122823,MSFT
2017-03-31,65.65,66.19,65.45,65.86,21040331,MSFT
2017-04-03,65.81,65.94,65.19,65.55,20400871,MSFT
2017-04-04,65.39,65.81,65.28,65.73,12997449,MSFT
2017-04-05,66.3,66.35,65.4443,65.56,21448594,MSFT
2017-04-06,65.6,66.055,65.48,65.73,18103453,MSFT
2017-04-07,65.85,65.96,65.44,65.68,14089274,MSFT
2017-04-10,65.61,65.82,65.36,65.53,17952742,MSFT
2017-04-11,65.6,65.61,64.85,65.48,18791533,MSFT
2017-04-12,65.42,65.51,65.11,65.23,17108513,MSFT
2017-04-13,65.29,65.86,64.95,64.95,17896483,MSFT
2017-04-17,65.04,65.49,65.01,65.48,16689265,MSFT
2017-04-18,65.33,65.71,65.16,65.39,15155611,MSFT
2017-04-19,65.65,65.75,64.89,65.04,26992771,MSFT
2017-04-20,65.46,65.75,65.14,65.5,22299477,MSFT
2017-04-21,65.67,66.7,65.45,66.4,32522645,MSFT
2017-04-24,67.48,67.66,67.1,67.53,29769976,MSFT
2017-04-25,67.9,68.04,67.6,67.92,30242730,MSFT
2017-04-26,68.08,68.31,67.62,67.83,26190770,MSFT
2017-04-27,68.15,68.38,67.58,68.27,34970953,MSFT
2017-04-28,68.91,69.14,67.69,68.46,39548818,MSFT
2017-05-01,68.68,69.55,68.5,69.41,31954362,MSFT
2017-05-02,69.71,69.71,69.13,69.3,23906119,MSFT
2017-05-03,69.38,69.38,68.71,69.08,28927973,MSFT
2017-05-04,69.03,69.08,68.64,68.81,21749409,MSFT
2017-05-05,68.9,69.03,68.485,69.0,19128782,MSFT
2017-05-08,68.97,69.05,68.42,68.94,18566087,MSFT
2017-05-09,68.86,69.28,68.68,69.04,22858414,MSFT
2017-05-10,68.99,69.56,68.92,69.31,17977830,MSFT
2017-05-11,68.36,68.73,68.12,68.46,28789413,MSFT
2017-05-12,68.61,68.61,68.04,68.38,18714123,MSFT
2017-05-15,68.14,68.48,67.57,68.43,31530301,MSFT
2017-05-16,68.23,69.44,68.16,69.41,34956038,MSFT
2017-05-17,68.89,69.1,67.43,67.48,30548781,MSFT
2017-05-18,67.4,68.13,67.14,67.71,25201274,MSFT
2017-05-19,67.5,68.095,67.43,67.69,26961119,MSFT
2017-05-22,67.89,68.5,67.5,68.45,16237550,MSFT
2017-05-23,68.72,68.75,68.38,68.68,15425824,MSFT
2017-05-24,68.87,68.88,68.45,68.77,14666865,MSFT
2017-05-25,68.97,69.88,68.91,69.62,21854095,MSFT
2017-05-26,69.8,70.22,69.52,69.96,19827923,MSFT
2017-05-30,69.79,70.41,69.77,70.41,17072838,MSFT
2017-05-31,70.53,70.74,69.81,69.84,30436364,MSFT
2017-06-01,70.24,70.61,69.451,70.1,21603601,MSFT
2017-06-02,70.44,71.86,70.24,71.76,34770261,MSFT
2017-06-05,71.97,72.89,71.81,72.28,33316760,MSFT
2017-06-06,72.3,72.62,72.27,72.52,31511065,MSFT
2017-06-07,72.635,72.77,71.95,72.39,22301765,MSFT
2017-06-08,72.51,72.52,71.5,71.95,24588270,MSFT
2017-06-09,72.035,72.08,68.59,70.32,49187396,MSFT
2017-06-12,69.25,69.94,68.13,69.78,47761743,MSFT
2017-06-13,70.02,70.82,69.96,70.65,25258614,MSFT
2017-06-14,70.91,71.1,69.43,70.27,25510685,MSFT
2017-06-15,69.27,70.21,68.8,69.9,26068709,MSFT
2017-06-16,69.73,70.0252,69.22,70.0,48345085,MSFT
2017-06-19,70.5,70.945,70.35,70.87,23798268,MSFT
2017-06-20,70.82,70.87,69.87,69.91,21512231,MSFT
2017-06-21,70.21,70.62,69.94,70.27,19891051,MSFT
2017-06-22,70.54,70.59,69.71,70.26,22965738,MSFT
2017-06-23,70.09,71.25,69.92,71.21,27617291,MSFT
2017-06-26,71.4,71.71,70.445,70.53,19606974,MSFT
2017-06-27,70.11,70.18,69.18,69.21,25215128,MSFT
2017-06-28,69.21,69.841,68.79,69.8,25806200,MSFT
2017-06-29,69.38,69.49,68.09,68.49,28918715,MSFT
2017-06-30,68.78,69.38,68.74,68.93,24161068,MSFT
2017-07-03,69.33,69.6,68.02,68.17,16165538,MSFT
2017-07-05,68.255,69.44,68.22,69.08,21176272,MSFT
2017-07-06,68.27,68.78,68.12,68.57,21117572,MSFT
2017-07-07,68.7,69.84,68.7,69.46,16878317,MSFT
2017-07-10,69.46,70.25,69.2,69.98,15014503,MSFT
2017-07-11,70.0,70.68,69.75,69.99,17460022,MSFT
2017-07-12,70.69,71.28,70.55,71.15,17750925,MSFT
2017-07-13,71.5,72.0399,71.31,71.77,20269816,MSFT
2017-07-14,72.24,73.27,71.96,72.78,25868086,MSFT
2017-07-17,72.8,73.45,72.72,73.35,21803907,MSFT
2017-07-18,73.09,73.39,72.66,73.3,26435296,MSFT
2017-07-19,73.5,74.04,73.45,73.86,22416222,MSFT
2017-07-20,74.18,74.3,73.28,74.22,42361025,MSFT
2017-07-21,73.45,74.29,73.17,73.79,46717082,MSFT
2017-07-24,73.53,73.75,73.13,73.6,21394826,MSFT
2017-07-25,73.8,74.31,73.5,74.19,22018681,MSFT
2017-07-26,74.34,74.38,73.81,74.05,16252233,MSFT
2017-07-27,73.76,74.42,72.32,73.16,36844220,MSFT
2017-07-28,72.67,73.31,72.54,73.04,18306680,MSFT
2017-07-31,73.3,73.44,72.41,72.7,23600054,MSFT
2017-08-01,73.1,73.42,72.49,72.58,20823890,MSFT
2017-08-02,72.55,72.56,71.445,72.26,26499158,MSFT
2017-08-03,72.19,72.44,71.845,72.15,18214424,MSFT
2017-08-04,72.4,73.04,72.24,72.68,22578952,MSFT
2017-08-07,72.8,72.9,72.26,72.4,18705681,MSFT
2017-08-08,72.09,73.13,71.75,72.79,22044587,MSFT
2017-08-09,72.25,72.51,72.05,72.47,22213410,MSFT
2017-08-10,71.9,72.19,71.35,71.41,24734461,MSFT
2017-08-11,71.61,72.7,71.28,72.5,21443675,MSFT
2017-08-14,73.06,73.72,72.95,73.59,20096592,MSFT
2017-08-15,73.59,73.59,73.04,73.22,19181402,MSFT
2017-08-16,73.34,74.1,73.17,73.65,18150402,MSFT
2017-08-17,73.58,73.87,72.4,72.4,22977519,MSFT
2017-08-18,72.27,72.84,71.93,72.49,18761491,MSFT
2017-08-21,72.47,72.48,71.7,72.15,17734767,MSFT
2017-08-22,72.35,73.24,72.35,73.16,14343674,MSFT
2017-08-23,72.96,73.15,72.53,72.72,13766507,MSFT
2017-08-24,72.74,72.86,72.07,72.69,17098282,MSFT
2017-08-25,72.86,73.35,72.48,72.82,12794301,MSFT
2017-08-28,73.06,73.09,72.55,72.83,14569715,MSFT
2017-08-29,72.25,73.16,72.05,73.05,11478382,MSFT
2017-08-30,73.01,74.2099,72.8293,74.01,16897801,MSFT
2017-08-31,74.03,74.96,73.8,74.77,27652811,MSFT
2017-09-01,74.71,74.74,73.64,73.94,21736161,MSFT
2017-09-05,73.34,73.89,72.98,73.61,22242384,MSFT
2017-09-06,73.74,74.04,73.35,73.4,16535785,MSFT
2017-09-07,73.68,74.6,73.6,74.34,17471200,MSFT
2017-09-08,74.33,74.44,73.84,73.98,14703816,MSFT
2017-09-11,74.31,74.945,74.31,74.76,17910383,MSFT
2017-09-12,74.76,75.24,74.37,74.68,14394850,MSFT
2017-09-13,74.93,75.23,74.55,75.21,13380802,MSFT
2017-09-14,75.0,75.49,74.52,74.77,15733914,MSFT
2017-09-15,74.83,75.39,74.07,75.31,38578441,MSFT
2017-09-18,75.23,75.97,75.04,75.16,23306959,MSFT
2017-09-19,75.21,75.71,75.01,75.44,16093344,MSFT
2017-09-20,75.35,75.55,74.31,74.94,21587878,MSFT
2017-09-21,75.11,75.24,74.11,74.21,19186140,MSFT
2017-09-22,73.99,74.51,73.85,74.41,14111365,MSFT
2017-09-25,74.09,74.25,72.92,73.26,24149163,MSFT
2017-09-26,73.67,73.81,72.99,73.26,18019577,MSFT
2017-09-27,73.55,74.17,73.17,73.85,19565135,MSFT
2017-09-28,73.54,73.97,73.31,73.87,10883787,MSFT
2017-09-29,73.94,74.535,73.88,74.49,17079114,MSFT
2017-10-02,74.71,75.01,74.295,74.61,15304762,MSFT
2017-10-03,74.67,74.88,74.195,74.26,12190403,MSFT
2017-10-04,74.0,74.72,73.71,74.69,13317681,MSFT
2017-10-05,75.22,76.12,74.96,75.97,21195261,MSFT
2017-10-06,75.67,76.03,75.54,76.0,13959814,MSFT
2017-10-09,75.97,76.55,75.86,76.29,11386502,MSFT
2017-10-10,76.33,76.63,76.14,76.29,13944545,MSFT
2017-10-11,76.36,76.46,75.95,76.42,15388898,MSFT
2017-10-12,76.49,77.29,76.37,77.12,16876538,MSFT
2017-10-13,77.59,77.87,77.29,77.49,15335742,MSFT
2017-10-16,77.42,77.81,77.35,77.65,12380093,MSFT
2017-10-17,77.47,77.62,77.25,77.59,16823989,MSFT
2017-10-18,77.67,77.85,77.37,77.61,13300701,MSFT
2017-10-19,77.57,77.93,77.35,77.91,15092758,MSFT
2017-10-20,78.32,78.97,78.22,78.81,22866426,MSFT
2017-10-23,78.99,79.34,78.76,78.83,20627173,MSFT
2017-10-24,78.9,79.2,78.46,78.86,17517182,MSFT
2017-10-25,78.58,79.1,78.01,78.63,20410808,MSFT
2017-10-26,79.2,79.42,78.75,78.76,32120717,MSFT
2017-10-27,84.37,86.2,83.61,83.81,71066729,MSFT
2017-10-30,83.7,84.325,83.105,83.89,31756653,MSFT
2017-10-31,84.36,84.36,83.11,83.18,27086575,MSFT
2017-11-01,83.68,83.76,82.88,83.18,22307371,MSFT
2017-11-02,83.35,84.46,83.12,84.05,23992945,MSFT
2017-11-03,84.08,84.54,83.4,84.14,17633543,MSFT
2017-11-06,84.2,84.7,84.0825,84.47,19860852,MSFT
2017-11-07,84.77,84.9,83.93,84.27,17939727,MSFT
2017-11-08,84.14,84.61,83.83,84.56,18034170,MSFT
2017-11-09,84.11,84.27,82.9,84.09,21171550,MSFT
2017-11-10,83.79,84.095,83.23,83.87,19397793,MSFT
2017-11-13,83.66,83.94,83.46,83.93,14196896,MSFT
2017-11-14,83.5,84.1,82.98,84.05,18801280,MSFT
2017-11-15,83.47,83.69,82.69,82.98,19383102,MSFT
2017-11-16,83.1,83.42,82.94,83.2,20962750,MSFT
2017-11-17,83.12,83.12,82.24,82.4,22078993,MSFT
2017-11-20,82.4,82.59,82.25,82.53,16314978,MSFT
2017-11-21,82.74,83.84,82.74,83.72,21237454,MSFT
2017-11-22,83.83,83.9,83.04,83.11,20553089,MSFT
2017-11-24,83.01,83.43,82.78,83.26,7425603,MSFT
2017-11-27,83.31,83.98,83.3,83.87,18265242,MSFT
2017-11-28,84.07,85.06,84.02,84.88,21925959,MSFT
2017-11-29,84.71,84.9172,83.175,83.34,27381109,MSFT
2017-11-30,83.51,84.52,83.34,84.17,33054647,MSFT
2017-12-01,83.6,84.81,83.22,84.26,29532132,MSFT
2017-12-04,84.42,84.4299,80.7,81.08,39094880,MSFT
2017-12-05,81.34,82.68,80.9801,81.59,26152261,MSFT
2017-12-06,81.55,83.14,81.43,82.78,26162054,MSFT
2017-12-07,82.54,82.8,82.0,82.49,23184547,MSFT
2017-12-08,83.63,84.58,83.33,84.16,24489106,MSFT
2017-12-11,84.29,85.37,84.12,85.23,22857854,MSFT
2017-12-12,85.31,86.05,85.08,85.58,23924105,MSFT
2017-12-13,85.74,86.0,85.17,85.35,22062679,MSFT
2017-12-14,85.43,85.8739,84.53,84.69,19305961,MSFT
2017-12-15,85.26,87.09,84.88,86.85,53936687,MSFT
2017-12-18,87.12,87.4999,86.23,86.38,22283752,MSFT
2017-12-19,86.35,86.35,85.27,85.83,23524787,MSFT
2017-12-20,86.2,86.3,84.71,85.52,23674931,MSFT
2017-12-21,86.05,86.1,85.4,85.5,17990745,MSFT
2017-12-22,85.4,85.63,84.92,85.51,14145841,MSFT
2017-12-26,85.31,85.5346,85.03,85.4,9891237,MSFT
2017-12-27,85.65,85.98,85.215,85.71,14678025,MSFT
2017-12-28,85.9,85.93,85.55,85.72,10594344,MSFT
2017-12-29,85.63,86.05,85.5,85.54,18717406,MSFT
2018-01-02,86.125,86.31,85.5,85.95,22483797,MSFT
2018-01-03,86.055,86.51,85.97,86.35,26061439,MSFT
2018-01-04,86.59,87.66,86.57,87.11,21911974,MSFT
2018-01-05,87.66,88.41,87.43,88.19,23407110,MSFT
2018-01-08,88.2,88.58,87.6046,88.28,22113049,MSFT
2018-01-09,88.65,88.7272,87.86,88.22,19484317,MSFT
2018-01-10,87.86,88.19,87.41,87.82,18652201,MSFT
2018-01-11,88.13,88.13,87.24,88.08,17808877,MSFT
2018-01-12,88.67,89.78,88.45,89.6,24271531,MSFT
2018-01-16,90.1,90.79,88.0104,88.35,36599736,MSFT
2018-01-17,89.08,90.28,88.75,90.14,25621164,MSFT
2018-01-18,89.8,90.67,89.66,90.1,24159683,MSFT
2018-01-19,90.14,90.61,89.66,90.0,36875013,MSFT
2018-01-22,90.0,91.62,89.74,91.61,23601555,MSFT
2018-01-23,91.9,92.3,91.54,91.9,23412841,MSFT
2018-01-24,92.55,93.43,91.58,91.82,33277483,MSFT
2018-01-25,92.465,93.24,91.93,92.33,26383238,MSFT
2018-01-26,93.12,94.06,92.58,94.06,29172167,MSFT
2018-01-29,95.14,95.45,93.72,93.92,31569940,MSFT
2018-01-30,93.3,93.66,92.1,92.74,38635053,MSFT
2018-01-31,93.75,95.4,93.51,95.01,48756338,MSFT
2018-02-01,94.79,96.07,93.5813,94.26,47227882,MSFT
2018-02-02,93.64,93.97,91.5,91.78,47867753,MSFT
2018-02-05,90.56,93.24,88.0,88.0,51031465,MSFT
2018-02-06,86.89,91.475,85.25,91.33,67998564,MSFT
2018-02-07,90.49,91.77,89.2,89.61,41107592,MSFT
2013-02-08,12.37,12.4699,12.29,12.37,7677336,NVDA
2013-02-11,12.47,12.635,12.35,12.51,10207599,NVDA
2013-02-12,12.395,12.565,12.38,12.43,6945065,NVDA
2013-02-13,12.44,12.665,12.33,12.37,21322573,NVDA
2013-02-14,12.2,12.74,12.05,12.73,22049335,NVDA
2013-02-15,12.7,12.79,12.45,12.731,18346464,NVDA
2013-02-19,12.74,12.75,12.48,12.555,10838622,NVDA
2013-02-20,12.6,12.8,12.34,12.38,17825217,NVDA
2013-02-21,12.36,12.5,12.26,12.29,14510133,NVDA
2013-02-22,12.37,12.53,12.3,12.52,9253663,NVDA
2013-02-25,12.55,12.65,12.28,12.3,16111033,NVDA
2013-02-26,12.25,12.435,12.2091,12.37,12187503,NVDA
2013-02-27,12.37,12.69,12.34,12.6,11924412,NVDA
2013-02-28,12.56,12.85,12.51,12.66,14784738,NVDA
2013-03-01,12.57,12.75,12.455,12.71,9734824,NVDA
2013-03-04,12.62,12.775,12.52,12.655,8841914,NVDA
2013-03-05,12.73,12.82,12.665,12.8,9152494,NVDA
2013-03-06,12.88,13.0,12.73,12.79,8572283,NVDA
2013-03-07,12.86,12.99,12.6871,12.76,7869650,NVDA
2013-03-08,12.79,12.88,12.73,12.82,6161582,NVDA
2013-03-11,12.69,12.75,12.59,12.695,7493637,NVDA
2013-03-12,12.68,12.78,12.56,12.74,7771097,NVDA
2013-03-13,12.74,12.9562,12.62,12.74,12145898,NVDA
2013-03-14,12.82,12.86,12.67,12.75,9582541,NVDA
2013-03-15,12.75,12.75,12.59,12.64,8894379,NVDA
2013-03-18,12.56,12.67,12.46,12.55,7457792,NVDA
2013-03-19,12.56,12.62,12.38,12.47,8869010,NVDA
2013-03-20,12.59,12.66,12.475,12.62,8514701,NVDA
2013-03-21,12.55,12.57,12.4,12.42,8475752,NVDA
2013-03-22,12.46,12.53,12.41,12.48,5764549,NVDA
2013-03-25,12.55,12.56,12.32,12.41,9051901,NVDA
2013-03-26,12.44,12.51,12.39,12.5,5813496,NVDA
2013-03-27,12.45,12.72,12.42,12.65,6372811,NVDA
2013-03-28,12.62,12.84,12.53,12.83,8731828,NVDA
2013-04-01,12.8,12.8,12.32,12.41,11070635,NVDA
2013-04-02,12.42,12.45,12.2,12.275,9288074,NVDA
2013-04-03,12.26,12.33,12.04,12.126,8812967,NVDA
2013-04-04,12.09,12.29,12.05,12.245,7366850,NVDA
2013-04-05,12.07,12.46,12.04,12.46,13783274,NVDA
2013-04-08,12.47,12.47,12.195,12.43,8166419,NVDA
2013-04-09,12.44,12.72,12.35,12.63,9514523,NVDA
2013-04-10,12.64,12.85,12.61,12.83,9617104,NVDA
2013-04-11,12.65,12.85,12.3,12.77,24229958,NVDA
2013-04-12,12.83,13.23,12.72,13.09,19262936,NVDA
2013-04-15,13.05,13.09,12.74,12.82,10760467,NVDA
2013-04-16,12.94,13.05,12.87,12.96,11721027,NVDA
2013-04-17,12.86,12.98,12.71,12.785,13323630,NVDA
2013-04-18,12.82,12.9,12.54,12.54,10063689,NVDA
2013-04-19,12.53,12.605,12.37,12.57,7575697,NVDA
2013-04-22,12.56,12.7,12.46,12.59,6139119,NVDA
2013-04-23,12.7,13.05,12.68,12.92,9422491,NVDA
2013-04-24,12.96,13.47,12.95,13.36,13913473,NVDA
2013-04-25,13.43,13.5,13.31,13.47,8830561,NVDA
2013-04-26,13.45,13.47,13.335,13.41,8108269,NVDA
2013-04-29,13.43,13.62,13.37,13.57,6742210,NVDA
2013-04-30,13.6,13.77,13.51,13.77,6917579,NVDA
2013-05-01,13.77,13.86,13.6025,13.65,8532822,NVDA
2013-05-02,13.64,13.85,13.56,13.81,8086750,NVDA
2013-05-03,13.9,13.97,13.82,13.87,7346592,NVDA
2013-05-06,13.87,13.945,13.75,13.83,5427497,NVDA
2013-05-07,13.83,13.86,13.52,13.65,11201659,NVDA
2013-05-08,13.67,13.98,13.62,13.899,8348753,NVDA
2013-05-09,13.65,13.97,13.63,13.91,14147961,NVDA
2013-05-10,14.2,14.6,14.2,14.54,21528101,NVDA
2013-05-13,14.44,14.5,14.18,14.24,7245247,NVDA
2013-05-14,14.41,14.57,14.265,14.45,11353420,NVDA
2013-05-15,14.38,14.75,14.38,14.695,7829110,NVDA
2013-05-16,14.68,14.83,14.58,14.63,7709115,NVDA
2013-05-17,14.7,14.97,14.59,14.87,7802832,NVDA
2013-05-20,14.81,14.895,14.76,14.84,5909473,NVDA
2013-05-21,14.85,14.98,14.675,14.92,8944627,NVDA
2013-05-22,14.98,14.98,14.34,14.4,12009887,NVDA
2013-05-23,14.23,14.675,14.19,14.63,9847057,NVDA
2013-05-24,14.55,14.67,14.38,14.54,7082532,NVDA
2013-05-28,14.65,14.69,14.39,14.53,6982413,NVDA
2013-05-29,14.44,14.5301,14.38,14.44,8376206,NVDA
2013-05-30,14.42,14.775,14.38,14.63,7112502,NVDA
2013-05-31,14.55,14.76,14.47,14.47,14437491,NVDA
2013-06-03,14.49,14.6,14.15,14.45,11111622,NVDA
2013-06-04,14.54,14.8,14.38,14.47,9091806,NVDA
2013-06-05,14.45,14.56,14.12,14.16,11612947,NVDA
2013-06-06,14.16,14.36,14.15,14.25,8393406,NVDA
2013-06-07,14.35,14.54,14.29,14.445,6864547,NVDA
2013-06-10,14.41,14.53,14.33,14.44,5603577,NVDA
2013-06-11,14.25,14.45,14.17,14.17,7407635,NVDA
2013-06-12,14.24,14.355,13.97,14.05,7814620,NVDA
2013-06-13,14.0,14.44,13.99,14.37,5905741,NVDA
2013-06-14,14.42,14.441,14.25,14.35,5900263,NVDA
2013-06-17,14.46,14.62,14.38,14.49,6383306,NVDA
2013-06-18,14.56,14.72,14.28,14.4,12169286,NVDA
2013-06-19,14.53,15.48,14.48,14.84,28989638,NVDA
2013-06-20,14.72,14.74,14.335,14.44,15717345,NVDA
2013-06-21,14.52,14.57,14.18,14.415,17856555,NVDA
2013-06-24,14.21,14.39,13.91,14.12,14519268,NVDA
2013-06-25,14.27,14.3,14.07,14.22,11433991,NVDA
2013-06-26,14.38,14.395,14.08,14.14,14493715,NVDA
2013-06-27,14.18,14.2,13.86,14.01,20200844,NVDA
2013-06-28,14.01,14.18,13.83,14.04,10788354,NVDA
2013-07-01,14.14,14.17,14.0149,14.1,4988089,NVDA
2013-07-02,14.02,14.3,13.96,14.09,6409772,NVDA
2013-07-03,13.97,14.3,13.97,14.13,3509626,NVDA
2013-07-05,14.17,14.27,14.075,14.24,4617003,NVDA
2013-07-08,14.28,14.35,14.09,14.165,6552091,NVDA
2013-07-09,14.2,14.3275,14.16,14.241,3934067,NVDA
2013-07-10,14.24,14.47,14.2,14.43,5211631,NVDA
2013-07-11,14.51,14.65,14.48,14.63,5995754,NVDA
2013-07-12,14.6,14.78,14.55,14.64,5408977,NVDA
2013-07-15,14.67,14.67,14.38,14.61,5033274,NVDA
2013-07-16,14.67,14.77,14.595,14.69,4063924,NVDA
2013-07-17,14.69,14.74,14.57,14.61,4152447,NVDA
2013-07-18,14.59,14.64,14.36,14.55,8611201,NVDA
2013-07-19,14.46,14.53,14.09,14.24,12013213,NVDA
2013-07-22,14.35,14.48,14.17,14.23,7309515,NVDA
2013-07-23,14.41,14.41,14.14,14.21,6169787,NVDA
2013-07-24,14.34,14.38,14.19,14.21,7106268,NVDA
2013-07-25,14.2,14.445,14.1,14.26,6082933,NVDA
2013-07-26,14.09,14.285,14.09,14.2,5683999,NVDA
2013-07-29,14.17,14.35,14.13,14.17,4488482,NVDA
2013-07-30,14.22,14.6,14.21,14.41,6651862,NVDA
2013-07-31,14.34,14.58,14.33,14.435,6753993,NVDA
2013-08-01,14.49,14.67,14.32,14.64,6940830,NVDA
2013-08-02,14.61,14.79,14.51,14.76,5228977,NVDA
2013-08-05,14.72,14.88,14.645,14.83,4629714,NVDA
2013-08-06,14.84,14.87,14.58,14.61,5165229,NVDA
2013-08-07,14.53,14.75,14.52,14.6,6110689,NVDA
2013-08-08,14.68,14.765,14.51,14.699,8623655,NVDA
2013-08-09,14.12,14.71,14.11,14.49,22655840,NVDA
2013-08-12,13.9,14.58,13.11,14.37,6439163,NVDA
2013-08-13,14.39,14.48,14.3,14.42,4936666,NVDA
2013-08-14,14.39,15.12,14.38,15.03,20717958,NVDA
2013-08-15,14.87,15.25,14.81,15.125,18090389,NVDA
2013-08-16,15.1,15.4,15.07,15.189,16511365,NVDA
2013-08-19,15.1,15.15,14.94,14.95,9835807,NVDA
2013-08-20,14.87,15.05,14.85,14.95,5855371,NVDA
2013-08-21,14.86,15.05,14.82,14.88,6538524,NVDA
2013-08-22,14.87,15.1,14.87,14.96,3225090,NVDA
2013-08-23,14.98,15.1,14.93,14.96,6131533,NVDA
2013-08-26,14.97,15.03,14.93,14.995,7508270,NVDA
2013-08-27,14.85,14.95,14.75,14.805,6936522,NVDA
2013-08-28,14.83,14.94,14.74,14.8,7970607,NVDA
2013-08-29,14.75,14.91,14.71,14.77,6905449,NVDA
2013-08-30,14.78,14.82,14.68,14.75,9497289,NVDA
2013-09-03,14.79,14.97,14.67,14.76,7116950,NVDA
2013-09-04,14.76,14.99,14.74,14.9,5551997,NVDA
2013-09-05,14.84,15.0,14.83,14.94,4343331,NVDA
2013-09-06,14.95,15.03,14.765,14.88,5669014,NVDA
2013-09-09,15.0,15.13,14.96,15.125,6160150,NVDA
2013-09-10,15.24,15.46,15.17,15.45,7303331,NVDA
2013-09-11,15.43,15.75,15.323,15.71,9904141,NVDA
2013-09-12,15.63,15.9,15.63,15.7,7595431,NVDA
2013-09-13,15.75,15.87,15.64,15.8,3992418,NVDA
2013-09-16,15.93,16.04,15.75,15.81,5889358,NVDA
2013-09-17,15.87,15.99,15.8,15.86,4215183,NVDA
2013-09-18,15.87,16.04,15.79,15.999,6704142,NVDA
2013-09-19,16.07,16.1,15.86,15.925,5689280,NVDA
2013-09-20,15.97,16.069,15.76,15.795,8881511,NVDA
2013-09-23,15.78,15.91,15.55,15.64,6781230,NVDA
2013-09-24,15.65,15.76,15.56,15.7,5710758,NVDA
2013-09-25,15.67,15.84,15.6,15.725,5828944,NVDA
2013-09-26,15.76,15.79,15.58,15.67,3720367,NVDA
2013-09-27,15.55,15.68,15.49,15.58,3797976,NVDA
2013-09-30,15.42,15.67,15.33,15.56,5667976,NVDA
2013-10-01,15.58,15.655,15.465,15.55,5674359,NVDA
2013-10-02,15.39,15.6,15.39,15.54,4050894,NVDA
2013-10-03,15.55,15.692,15.305,15.38,10919158,NVDA
2013-10-04,15.36,15.72,15.32,15.59,6143372,NVDA
2013-10-07,15.53,15.7,15.45,15.59,4248798,NVDA
2013-10-08,15.55,15.77,15.34,15.46,7269775,NVDA
2013-10-09,15.56,15.57,15.14,15.22,6896549,NVDA
2013-10-10,15.33,15.43,15.22,15.385,5587344,NVDA
2013-10-11,15.15,15.34,15.1,15.26,5342613,NVDA
2013-10-14,15.22,15.49,15.22,15.49,4165705,NVDA
2013-10-15,15.49,15.5799,15.4,15.41,5221695,NVDA
2013-10-16,15.5,15.66,15.48,15.6,5251781,NVDA
2013-10-17,15.48,15.67,15.48,15.63,5333061,NVDA
2013-10-18,15.6,15.86,15.54,15.81,6376653,NVDA
2013-10-21,16.0,16.01,15.8,15.85,4875242,NVDA
2013-10-22,15.85,15.86,15.63,15.77,4486650,NVDA
2013-10-23,15.74,15.74,15.45,15.501,6305779,NVDA
2013-10-24,15.54,15.64,15.364,15.385,5910900,NVDA
2013-10-25,15.47,15.48,15.19,15.24,8262549,NVDA
2013-10-28,15.22,15.29,15.0,15.21,9850566,NVDA
2013-10-29,15.19,15.26,15.05,15.23,9698815,NVDA
2013-10-30,15.28,15.35,15.09,15.22,5100763,NVDA
2013-10-31,15.24,15.35,15.16,15.189,7334228,NVDA
2013-11-01,15.27,15.33,15.15,15.255,5153427,NVDA
2013-11-04,15.31,15.31,14.79,14.82,10257119,NVDA
2013-11-05,14.73,14.865,14.57,14.8,10559379,NVDA
2013-11-06,14.8,14.91,14.65,14.9,4951107,NVDA
2013-11-07,14.85,14.89,14.52,14.545,13826909,NVDA
2013-11-08,15.0,15.61,14.935,15.56,18364379,NVDA
2013-11-11,15.5,15.73,15.47,15.69,7442225,NVDA
2013-11-12,15.76,15.85,15.54,15.715,7901138,NVDA
2013-11-13,15.68,16.15,15.65,16.15,8319942,NVDA
2013-11-14,16.1,16.315,16.09,16.22,7699506,NVDA
2013-11-15,16.28,16.3,16.01,16.17,11258291,NVDA
2013-11-18,15.82,15.96,15.74,15.78,7924864,NVDA
2013-11-19,15.62,15.76,15.42,15.44,5167934,NVDA
2013-11-20,15.45,15.49,15.18,15.21,5119353,NVDA
2013-11-21,15.23,15.36,15.16,15.33,5339156,NVDA
2013-11-22,15.35,15.35,15.15,15.18,3966684,NVDA
2013-11-25,15.18,15.53,15.18,15.51,6205194,NVDA
2013-11-26,15.68,15.805,15.575,15.64,18830379,NVDA
2013-11-27,15.63,15.745,15.53,15.7,4531837,NVDA
2013-11-29,15.7,15.74,15.5,15.6,2924092,NVDA
2013-12-02,15.54,15.86,15.51,15.75,9346848,NVDA
2013-12-03,15.8,15.955,15.64,15.74,7264021,NVDA
2013-12-04,15.7,15.99,15.655,15.96,12329427,NVDA
2013-12-05,15.99,15.99,15.68,15.7,6795314,NVDA
2013-12-06,15.89,15.89,15.43,15.47,7025014,NVDA
2013-12-09,15.47,15.52,15.18,15.205,9632780,NVDA
2013-12-10,15.21,15.63,15.19,15.56,13106821,NVDA
2013-12-11,15.59,15.61,15.38,15.41,10353895,NVDA
2013-12-12,15.36,15.44,15.08,15.11,6468071,NVDA
2013-12-13,15.14,15.25,15.0,15.02,4614824,NVDA
2013-12-16,15.03,15.17,15.02,15.04,5944503,NVDA
2013-12-17,15.03,15.15,14.9,15.11,6856787,NVDA
2013-12-18,15.14,15.35,14.95,15.32,10655787,NVDA
2013-12-19,15.3,15.4,15.2,15.38,6465532,NVDA
2013-12-20,15.41,15.7,15.37,15.685,9552017,NVDA
2013-12-23,15.78,15.91,15.65,15.78,4214188,NVDA
2013-12-24,15.87,15.87,15.66,15.82,1990034,NVDA
2013-12-26,15.88,15.925,15.63,15.67,4223004,NVDA
2013-12-27,15.75,15.79,15.66,15.76,5274425,NVDA
2013-12-30,15.77,15.98,15.75,15.97,6205267,NVDA
2013-12-31,16.0,16.1,15.9,16.02,5894631,NVDA
2014-01-02,15.92,15.98,15.72,15.86,6502296,NVDA
2014-01-03,15.89,15.9201,15.62,15.67,6483288,NVDA
2014-01-06,15.83,16.0,15.68,15.88,10237417,NVDA
2014-01-07,16.04,16.2,15.925,16.14,8332170,NVDA
2014-01-08,16.2,16.44,16.14,16.36,7704980,NVDA
2014-01-09,16.11,16.14,15.7,15.75,7305079,NVDA
2014-01-10,15.8,15.91,15.59,15.73,5462334,NVDA
2014-01-13,15.73,15.825,15.33,15.36,6083299,NVDA
2014-01-14,15.44,15.87,15.37,15.84,6045663,NVDA
2014-01-15,15.91,16.065,15.84,16.01,4376071,NVDA
2014-01-16,16.01,16.09,15.9401,16.06,5516399,NVDA
2014-01-17,16.06,16.25,15.89,15.99,8510019,NVDA
2014-01-21,16.01,16.15,15.88,16.05,6151916,NVDA
2014-01-22,16.08,16.1,15.84,16.03,8448495,NVDA
2014-01-23,15.98,16.15,15.85,15.97,4625672,NVDA
2014-01-24,15.84,15.9,15.56,15.56,6206187,NVDA
2014-01-27,15.56,15.78,15.37,15.46,5845310,NVDA
2014-01-28,15.43,15.62,15.37,15.61,4199851,NVDA
2014-01-29,15.55,15.64,15.45,15.46,3963038,NVDA
2014-01-30,15.55,15.75,15.5,15.72,5072356,NVDA
2014-01-31,15.5,15.79,15.49,15.7,8383660,NVDA
2014-02-03,15.81,15.83,15.43,15.49,10793190,NVDA
2014-02-04,15.48,15.61,15.4,15.58,7017337,NVDA
2014-02-05,15.47,15.52,15.32,15.44,5366932,NVDA
2014-02-06,15.46,15.68,15.44,15.64,4209541,NVDA
2014-02-07,15.68,15.89,15.54,15.87,3934156,NVDA
2014-02-10,15.85,16.13,15.835,15.92,8109337,NVDA
2014-02-11,16.01,16.29,15.9301,16.25,5887273,NVDA
2014-02-12,16.3,16.95,16.3,16.83,18640751,NVDA
2014-02-13,17.25,17.46,16.95,17.36,22572405,NVDA
2014-02-14,17.2,17.95,17.19,17.91,20442453,NVDA
2014-02-18,17.92,17.98,17.75,17.9,10727375,NVDA
2014-02-19,17.9,18.3,17.82,18.14,11261515,NVDA
2014-02-20,18.18,18.815,18.15,18.78,9952295,NVDA
2014-02-21,18.75,18.99,18.52,18.64,11276326,NVDA
2014-02-24,18.6,19.05,18.43,18.91,10081460,NVDA
2014-02-25,18.8,18.88,18.54,18.74,6063033,NVDA
2014-02-26,18.7,18.98,18.65,18.71,9022436,NVDA
2014-02-27,18.71,18.9,18.45,18.5,9721168,NVDA
2014-02-28,18.4,18.58,18.1144,18.38,8042268,NVDA
2014-03-03,17.97,18.29,17.81,18.29,9398673,NVDA
2014-03-04,18.38,18.6,18.35,18.48,6512928,NVDA
2014-03-05,18.46,18.65,18.38,18.64,6037348,NVDA
2014-03-06,18.67,18.77,18.35,18.38,7253593,NVDA
2014-03-07,18.46,18.49,18.215,18.36,6711381,NVDA
2014-03-10,18.3,18.38,18.01,18.09,7522349,NVDA
2014-03-11,18.18,18.43,18.12,18.27,7433477,NVDA
2014-03-12,18.18,18.43,18.11,18.32,5988435,NVDA
2014-03-13,18.36,18.43,17.65,17.74,9629303,NVDA
2014-03-14,17.56,17.98,17.56,17.82,11501151,NVDA
2014-03-17,17.87,18.0,17.8,17.82,7492810,NVDA
2014-03-18,17.89,18.36,17.81,18.24,7347616,NVDA
2014-03-19,18.38,18.91,18.33,18.555,9154164,NVDA
2014-03-20,18.46,18.73,18.38,18.57,4795035,NVDA
2014-03-21,18.73,18.88,18.44,18.54,14152926,NVDA
2014-03-24,18.55,18.7,18.18,18.45,7652386,NVDA
2014-03-25,18.65,18.67,18.31,18.45,7610605,NVDA
2014-03-26,18.62,18.97,17.87,18.03,13944439,NVDA
2014-03-27,17.99,18.14,17.585,17.79,13518378,NVDA
2014-03-28,17.76,18.01,17.71,17.9,9970737,NVDA
2014-03-31,17.93,18.09,17.805,17.91,6835058,NVDA
2014-04-01,18.48,18.87,18.26,18.65,16408058,NVDA
2014-04-02,18.65,18.69,18.45,18.53,5998666,NVDA
2014-04-03,18.57,19.185,18.56,18.73,14991601,NVDA
2014-04-04,18.83,18.94,18.065,18.15,9200826,NVDA
2014-04-07,18.16,18.56,18.06,18.21,10714407,NVDA
2014-04-08,18.21,18.91,18.1803,18.86,11767342,NVDA
2014-04-09,18.95,19.11,18.69,18.84,10549192,NVDA
2014-04-10,18.76,19.02,18.32,18.38,9321880,NVDA
2014-04-11,18.24,18.52,17.88,18.12,8827791,NVDA
2014-04-14,18.24,18.39,18.12,18.32,7254648,NVDA
2014-04-15,18.34,18.55,18.16,18.45,7615921,NVDA
2014-04-16,18.54,18.56,18.255,18.49,5878433,NVDA
2014-04-17,18.42,18.73,18.38,18.56,3838325,NVDA
2014-04-21,18.57,18.76,18.45,18.71,2925085,NVDA
2014-04-22,18.74,18.99,18.64,18.87,6379060,NVDA
2014-04-23,18.9,19.14,18.87,19.09,6539608,NVDA
2014-04-24,19.22,19.46,19.22,19.26,9787503,NVDA
2014-04-25,19.22,19.4,18.69,18.73,7840012,NVDA
2014-04-28,18.88,18.98,18.42,18.65,5669699,NVDA
2014-04-29,18.72,18.757,18.48,18.69,4282994,NVDA
2014-04-30,18.66,18.68,18.43,18.47,7644474,NVDA
2014-05-01,18.75,18.79,18.42,18.57,4952689,NVDA
2014-05-02,18.66,18.66,18.32,18.43,3909378,NVDA
2014-05-05,18.41,18.77,18.39,18.63,5981457,NVDA
2014-05-06,18.81,18.97,18.2,18.25,10404742,NVDA
2014-05-07,18.25,18.42,18.07,18.275,7350440,NVDA
2014-05-08,18.2,18.79,18.11,18.5,10818490,NVDA
2014-05-09,17.94,18.11,17.71,18.05,13488260,NVDA
2014-05-12,18.09,18.62,18.08,18.58,7496353,NVDA
2014-05-13,18.33,18.63,18.22,18.28,5527597,NVDA
2014-05-14,18.29,18.36,18.09,18.1,5358034,NVDA
2014-05-15,18.06,18.16,17.82,18.0,8147862,NVDA
2014-05-16,17.86,18.09,17.86,17.96,7098958,NVDA
2014-05-19,18.15,18.64,18.07,18.54,9002026,NVDA
2014-05-20,18.46,18.51,18.15,18.24,6405005,NVDA
2014-05-21,18.31,18.465,18.125,18.24,5417775,NVDA
2014-05-22,18.2,18.42,18.2,18.32,3259588,NVDA
2014-05-23,18.42,18.58,18.31,18.49,4566438,NVDA
2014-05-27,18.6,18.82,18.54,18.82,5242005,NVDA
2014-05-28,18.89,19.1,18.71,18.98,5617852,NVDA
2014-05-29,18.97,19.13,18.91,18.95,4297080,NVDA
2014-05-30,18.95,19.05,18.85,19.0,5977913,NVDA
2014-06-02,19.06,19.18,18.78,18.94,4537471,NVDA
2014-06-03,18.98,19.0,18.61,18.86,6080259,NVDA
2014-06-04,18.81,19.02,18.8,18.88,4030858,NVDA
2014-06-05,18.91,19.02,18.8,18.96,4717374,NVDA
2014-06-06,19.05,19.2,18.98,19.03,4026269,NVDA
2014-06-09,19.01,19.23,18.88,19.05,6186356,NVDA
2014-06-10,18.98,19.24,18.9,19.15,5440162,NVDA
2014-06-11,19.08,19.445,19.08,19.4,6655773,NVDA
2014-06-12,19.4,19.61,19.23,19.52,8429047,NVDA
2014-06-13,19.72,19.73,19.35,19.54,5696281,NVDA
2014-06-16,19.45,19.61,19.31,19.48,4965472,NVDA
2014-06-17,19.5,19.69,19.4,19.61,3940353,NVDA
2014-06-18,19.56,19.68,19.38,19.59,5388381,NVDA
2014-06-19,19.23,19.33,19.0,19.138,11864822,NVDA
2014-06-20,19.19,19.255,18.78,18.93,8828658,NVDA
2014-06-23,18.68,18.72,18.46,18.71,10355032,NVDA
2014-06-24,18.68,18.83,18.34,18.42,6894480,NVDA
2014-06-25,18.47,18.62,18.3,18.61,5385489,NVDA
2014-06-26,18.61,18.62,18.3,18.36,6422671,NVDA
2014-06-27,18.34,18.49,18.23,18.38,7570516,NVDA
2014-06-30,18.31,18.59,18.31,18.54,4514184,NVDA
2014-07-01,18.52,18.855,18.46,18.75,8029625,NVDA
2014-07-02,18.68,18.76,18.57,18.6825,4482096,NVDA
2014-07-03,18.51,18.9,18.51,18.85,3422256,NVDA
2014-07-07,18.88,18.89,18.67,18.7,3187483,NVDA
2014-07-08,18.65,18.73,18.37,18.55,5550035,NVDA
2014-07-09,18.71,19.19,18.57,19.11,9691765,NVDA
2014-07-10,18.75,19.09,18.6,19.005,6657739,NVDA
2014-07-11,19.03,19.11,18.96,19.05,4780418,NVDA
2014-07-14,19.13,19.34,19.06,19.29,6815867,NVDA
2014-07-15,19.32,19.42,19.19,19.37,9885981,NVDA
2014-07-16,19.45,19.6,19.24,19.35,7993210,NVDA
2014-07-17,19.13,19.5,19.13,19.3,8122920,NVDA
2014-07-18,18.9,19.05,18.41,18.44,14196417,NVDA
2014-07-21,18.37,18.68,18.37,18.55,6084223,NVDA
2014-07-22,18.69,18.79,18.43,18.47,7470420,NVDA
2014-07-23,18.48,18.49,18.06,18.08,7433795,NVDA
2014-07-24,18.18,18.23,17.98,18.11,6364433,NVDA
2014-07-25,18.05,18.09,17.76,17.79,6653367,NVDA
2014-07-28,17.87,17.87,17.415,17.72,8258849,NVDA
2014-07-29,17.73,18.02,17.72,17.78,5449327,NVDA
2014-07-30,17.89,18.13,17.84,18.08,6155073,NVDA
2014-07-31,17.86,18.0,17.465,17.5,10047917,NVDA
2014-08-01,17.5,17.79,17.44,17.69,5497060,NVDA
2014-08-04,17.67,17.82,17.56,17.65,6043554,NVDA
2014-08-05,17.6,17.92,17.45,17.66,7458434,NVDA
2014-08-06,17.54,17.86,17.41,17.64,5586470,NVDA
2014-08-07,17.79,17.95,17.34,17.46,10200345,NVDA
2014-08-08,18.22,19.1,18.22,19.0,22366081,NVDA
2014-08-11,19.02,19.1,18.85,18.9,8615557,NVDA
2014-08-12,18.89,19.0,18.69,18.9,7403784,NVDA
2014-08-13,18.93,19.17,18.81,19.01,6414874,NVDA
2014-08-14,19.08,19.08,18.72,18.8,6399781,NVDA
2014-08-15,18.86,19.145,18.68,19.04,9249383,NVDA
2014-08-18,19.12,19.32,18.93,19.3,7102895,NVDA
2014-08-19,19.22,19.47,19.15,19.37,6206499,NVDA
2014-08-20,19.3,19.39,19.205,19.25,5536746,NVDA
2014-08-21,19.2,19.3,19.04,19.07,6819882,NVDA
2014-08-22,19.05,19.24,18.93,19.08,6280582,NVDA
2014-08-25,19.16,19.29,19.07,19.11,3834454,NVDA
2014-08-26,19.16,19.49,19.09,19.455,6740958,NVDA
2014-08-27,19.33,19.475,19.2,19.23,4574336,NVDA
2014-08-28,19.19,19.43,19.13,19.39,4492628,NVDA
2014-08-29,19.46,19.49,19.25,19.45,5198761,NVDA
2014-09-02,19.5,19.5,19.315,19.495,4815883,NVDA
2014-09-03,19.6,19.75,19.47,19.685,6486429,NVDA
2014-09-04,19.65,20.15,19.64,20.03,12295805,NVDA
2014-09-05,20.01,20.1,19.84,19.97,6344896,NVDA
2014-09-08,19.95,19.99,19.71,19.79,7982245,NVDA
2014-09-09,19.7,19.83,19.52,19.54,4964806,NVDA
2014-09-10,19.65,19.685,19.425,19.61,4309435,NVDA
2014-09-11,19.47,19.54,19.2,19.41,6267986,NVDA
2014-09-12,19.53,19.53,19.095,19.12,6563409,NVDA
2014-09-15,19.18,19.21,18.78,18.86,7353902,NVDA
2014-09-16,18.81,19.24,18.75,19.135,5498477,NVDA
2014-09-17,19.09,19.33,19.0,19.15,4339601,NVDA
2014-09-18,19.27,19.46,19.21,19.44,5490120,NVDA
2014-09-19,19.5,19.52,19.05,19.08,15033424,NVDA
2014-09-22,19.47,19.47,18.87,18.89,5536598,NVDA
2014-09-23,18.79,19.02,18.72,18.81,4903604,NVDA
2014-09-24,18.8,18.98,18.78,18.92,3989961,NVDA
2014-09-25,18.9,18.95,18.47,18.51,7460994,NVDA
2014-09-26,18.57,18.69,18.49,18.545,6029702,NVDA
2014-09-29,18.4,18.65,18.2236,18.515,5213585,NVDA
2014-09-30,18.44,18.58,18.2301,18.45,6930130,NVDA
2014-10-01,18.48,18.61,18.22,18.27,8775121,NVDA
2014-10-02,18.24,18.33,17.77,18.19,7224861,NVDA
2014-10-03,18.3,18.55,18.23,18.23,5978474,NVDA
2014-10-06,18.3,18.45,18.0,18.12,4975777,NVDA
2014-10-07,18.04,18.215,17.905,17.925,7547439,NVDA
2014-10-08,17.91,18.35,17.77,18.26,6504284,NVDA
2014-10-09,18.18,18.195,17.76,17.91,7674982,NVDA
2014-10-10,17.77,17.83,16.84,16.845,17284422,NVDA
2014-10-13,16.96,17.3,16.77,16.785,9940730,NVDA
2014-10-14,17.02,17.65,16.92,17.175,9415488,NVDA
2014-10-15,16.93,17.53,16.815,17.44,10110978,NVDA
2014-10-16,17.13,17.65,17.09,17.45,8777944,NVDA
2014-10-17,17.66,17.865,17.35,17.42,7268519,NVDA
2014-10-20,17.42,17.725,17.3,17.57,5008404,NVDA
2014-10-21,17.7,18.34,17.65,18.32,8778272,NVDA
2014-10-22,18.29,18.35,17.89,17.89,5987921,NVDA
2014-10-23,18.2,18.42,18.07,18.285,5367494,NVDA
2014-10-24,18.4,18.59,18.285,18.48,5254152,NVDA
2014-10-27,18.47,18.56,18.27,18.49,3627782,NVDA
2014-10-28,18.44,18.955,18.42,18.93,4814453,NVDA
2014-10-29,18.85,18.96,18.64,18.805,4208504,NVDA
2014-10-30,18.76,18.84,18.45,18.69,4256451,NVDA
2014-10-31,19.12,19.55,19.02,19.54,6408266,NVDA
2014-11-03,19.99,20.06,19.77,19.87,7719851,NVDA
2014-11-04,20.0,20.2,19.67,20.13,9004886,NVDA
2014-11-05,20.25,20.255,19.98,20.13,8391257,NVDA
2014-11-06,20.17,20.25,19.86,20.22,9852201,NVDA
2014-11-07,20.45,20.6859,19.59,19.79,11269962,NVDA
2014-11-10,19.77,20.1501,19.72,20.02,7334724,NVDA
2014-11-11,19.9,20.01,19.605,19.78,5325270,NVDA
2014-11-12,19.71,19.76,19.38,19.645,5114569,NVDA
2014-11-13,19.72,19.749,19.39,19.55,5633239,NVDA
2014-11-14,19.57,19.79,19.375,19.785,4006181,NVDA
2014-11-17,19.7,19.91,19.57,19.695,3968295,NVDA
2014-11-18,19.71,20.22,19.66,20.17,5194312,NVDA
2014-11-19,20.1,20.16,19.8,20.01,6007542,NVDA
2014-11-20,19.87,20.36,19.81,20.34,5524226,NVDA
2014-11-21,20.52,20.55,20.28,20.455,4974441,NVDA
2014-11-24,20.5,20.67,20.42,20.58,3400125,NVDA
2014-11-25,20.54,20.72,20.5,20.57,4756021,NVDA
2014-11-26,20.45,20.94,20.44,20.915,5481634,NVDA
2014-11-28,20.99,21.09,20.8028,20.97,3120781,NVDA
2014-12-01,20.88,21.0,20.55,20.58,4751507,NVDA
2014-12-02,20.56,20.7,20.37,20.61,6148798,NVDA
2014-12-03,20.71,21.15,20.65,21.14,7111426,NVDA
2014-12-04,21.11,21.19,20.81,20.95,4665777,NVDA
2014-12-05,20.96,21.18,20.95,21.07,4142028,NVDA
2014-12-08,21.04,21.25,20.63,20.8,5676710,NVDA
2014-12-09,20.67,20.78,20.36,20.73,5986188,NVDA
2014-12-10,20.67,20.75,20.245,20.27,5117856,NVDA
2014-12-11,20.39,20.53,20.22,20.26,3391302,NVDA
2014-12-12,19.99,20.17,19.61,19.63,8103662,NVDA
2014-12-15,19.86,20.22,19.511,19.57,6367418,NVDA
2014-12-16,19.55,19.86,19.34,19.345,4632726,NVDA
2014-12-17,19.74,20.17,19.1,20.14,8639935,NVDA
2014-12-18,20.39,20.63,20.03,20.22,5653939,NVDA
2014-12-19,20.36,20.5,20.17,20.42,8138230,NVDA
2014-12-22,20.4,20.78,20.33,20.78,3724357,NVDA
2014-12-23,20.94,21.04,20.625,20.65,2731983,NVDA
2014-12-24,20.7,20.725,20.55,20.57,1141128,NVDA
2014-12-26,20.57,20.7,20.52,20.59,1316100,NVDA
2014-12-29,20.53,20.7,20.43,20.56,2083128,NVDA
2014-12-30,20.42,20.52,20.34,20.37,2803010,NVDA
2014-12-31,20.4,20.51,19.99,20.05,4157958,NVDA
2015-01-02,20.13,20.28,19.811,20.13,2842012,NVDA
2015-01-05,20.13,20.19,19.7,19.79,4948799,NVDA
2015-01-06,19.82,19.84,19.17,19.19,4944121,NVDA
2015-01-07,19.33,19.5,19.08,19.135,8045186,NVDA
2015-01-08,19.36,19.98,19.35,19.86,7094534,NVDA
2015-01-09,19.93,20.09,19.655,19.94,5238601,NVDA
2015-01-12,19.99,19.995,19.51,19.69,4768307,NVDA
2015-01-13,19.84,20.24,19.525,19.655,5917960,NVDA
2015-01-14,19.45,19.8,19.4,19.74,3881531,NVDA
2015-01-15,19.88,20.0,19.59,19.6,4723757,NVDA
2015-01-16,19.57,19.98,19.51,19.96,4537800,NVDA
2015-01-20,20.1,20.21,19.77,20.02,3507719,NVDA
2015-01-21,19.91,20.35,19.77,20.3,3619494,NVDA
2015-01-22,20.34,20.705,20.13,20.65,3992810,NVDA
2015-01-23,20.67,20.745,20.5,20.71,3010389,NVDA
2015-01-26,20.62,20.72,20.49,20.615,3331008,NVDA
2015-01-27,20.3,20.32,19.59,19.63,8948721,NVDA
2015-01-28,19.87,19.95,19.3,19.31,6818214,NVDA
2015-01-29,19.32,19.89,19.23,19.78,5883531,NVDA
2015-01-30,19.64,19.869,19.17,19.205,7454968,NVDA
2015-02-02,19.32,19.7,18.94,19.62,6490149,NVDA
2015-02-03,19.76,20.13,19.66,20.11,4586670,NVDA
2015-02-04,20.05,20.385,19.985,20.16,4537872,NVDA
2015-02-05,20.18,20.5,20.16,20.485,3511195,NVDA
2015-02-06,20.47,20.71,20.31,20.4,5263073,NVDA
2015-02-09,20.28,20.44,20.15,20.38,6849193,NVDA
2015-02-10,20.4,20.96,20.31,20.95,5655113,NVDA
2015-02-11,21.0,21.0,20.67,20.81,8020778,NVDA
2015-02-12,22.0,22.5,21.87,22.3,16922588,NVDA
2015-02-13,22.25,22.34,21.91,22.31,7752149,NVDA
2015-02-17,22.27,22.49,22.13,22.375,5083466,NVDA
2015-02-18,22.35,22.39,22.08,22.12,4273997,NVDA
2015-02-19,22.4,22.44,22.08,22.175,4235760,NVDA
2015-02-20,22.16,22.35,22.0,22.335,3943820,NVDA
2015-02-23,22.33,22.33,22.05,22.16,3125918,NVDA
2015-02-24,22.16,22.31,21.96,22.31,3733318,NVDA
2015-02-25,22.22,22.32,22.035,22.14,3095526,NVDA
2015-02-26,22.16,22.325,22.02,22.2,3821597,NVDA
2015-02-27,22.14,22.19,21.981,22.06,3937273,NVDA
2015-03-02,22.0,22.72,21.971,22.595,7537781,NVDA
2015-03-03,22.43,22.54,22.11,22.18,4008638,NVDA
2015-03-04,22.1,22.48,22.01,22.43,5670997,NVDA
2015-03-05,22.43,22.9,22.37,22.86,8076425,NVDA
2015-03-06,22.73,22.84,22.525,22.55,6434807,NVDA
2015-03-09,22.56,22.78,22.51,22.61,5559693,NVDA
2015-03-10,22.71,23.149,22.67,22.995,13180267,NVDA
2015-03-11,23.0,23.3,22.815,22.88,6552965,NVDA
2015-03-12,22.66,22.83,22.24,22.67,10174260,NVDA
2015-03-13,22.56,22.76,22.25,22.7,8982188,NVDA
2015-03-16,22.88,23.11,22.73,22.97,5923864,NVDA
2015-03-17,22.92,23.26,22.76,23.25,7498556,NVDA
2015-03-18,23.25,23.37,22.66,22.87,10346084,NVDA
2015-03-19,22.95,23.3,22.78,23.215,7768859,NVDA
2015-03-20,23.41,23.605,23.19,23.47,11552119,NVDA
2015-03-23,22.77,23.07,22.7,22.71,10650277,NVDA
2015-03-24,22.64,22.8,22.3,22.4,8262025,NVDA
2015-03-25,22.39,22.39,20.97,21.04,13563840,NVDA
2015-03-26,20.61,21.055,20.46,20.965,7797997,NVDA
2015-03-27,21.09,21.46,20.75,21.38,7957152,NVDA
2015-03-30,21.48,21.58,21.2,21.47,6331256,NVDA
2015-03-31,21.41,21.43,20.91,20.925,8931942,NVDA
2015-04-01,21.01,21.08,20.65,21.01,8269223,NVDA
2015-04-02,21.13,21.19,20.88,21.06,4805086,NVDA
2015-04-06,20.97,21.74,20.75,21.665,12896584,NVDA
2015-04-07,21.67,22.1,21.55,21.86,10349069,NVDA
2015-04-08,21.88,22.1,21.67,22.02,9160786,NVDA
2015-04-09,21.85,22.6,21.84,22.525,9485827,NVDA
2015-04-10,22.55,22.77,22.47,22.76,6468219,NVDA
2015-04-13,22.71,22.84,22.45,22.55,5918106,NVDA
2015-04-14,22.46,22.55,22.1438,22.36,5506852,NVDA
2015-04-15,22.42,22.795,22.31,22.63,6088960,NVDA
2015-04-16,22.5,22.69,22.33,22.49,3882058,NVDA
2015-04-17,22.02,22.42,22.01,22.2,7340917,NVDA
2015-04-20,22.3,22.44,22.05,22.09,5790646,NVDA
2015-04-21,22.36,22.36,21.95,22.055,5761365,NVDA
2015-04-22,22.19,22.34,21.85,22.31,5185481,NVDA
2015-04-23,21.9,22.43,21.65,22.22,6484469,NVDA
2015-04-24,22.21,22.22,21.78,22.03,6023972,NVDA
2015-04-27,22.1,22.59,21.91,22.2,6211356,NVDA
2015-04-28,22.16,22.385,21.95,22.305,5862106,NVDA
2015-04-29,22.15,22.37,22.05,22.14,4878919,NVDA
2015-04-30,22.03,22.305,21.98,22.195,5471083,NVDA
2015-05-01,22.38,22.82,22.28,22.75,6424185,NVDA
2015-05-04,22.73,22.88,22.54,22.61,5018024,NVDA
2015-05-05,22.53,22.56,21.93,22.03,7323195,NVDA
2015-05-06,22.15,22.36,21.81,22.1,7912111,NVDA
2015-05-07,22.01,22.56,21.9401,22.49,13364077,NVDA
2015-05-08,21.01,21.84,20.49,20.825,28663778,NVDA
2015-05-11,20.54,20.84,20.38,20.63,13603644,NVDA
2015-05-12,20.48,21.0,20.47,20.83,9719994,NVDA
2015-05-13,20.98,21.14,20.75,20.95,7713070,NVDA
2015-05-14,21.01,21.4,20.96,21.29,7326280,NVDA
2015-05-15,21.38,21.48,21.17,21.3,5395619,NVDA
2015-05-18,21.25,21.4,21.15,21.27,8124292,NVDA
2015-05-19,21.2,21.27,21.0,21.04,6345222,NVDA
2015-05-20,21.05,21.3,21.02,21.04,4920581,NVDA
2015-05-21,21.05,21.14,20.87,20.89,5992250,NVDA
2015-05-22,20.94,21.015,20.81,20.86,5315282,NVDA
2015-05-26,20.76,20.9,20.574,20.73,6493277,NVDA
2015-05-27,20.87,21.935,20.8,21.84,10808271,NVDA
2015-05-28,21.84,22.2139,21.8,22.14,8191431,NVDA
2015-05-29,22.14,22.28,22.1,22.13,8379244,NVDA
2015-06-01,22.27,22.6001,22.13,22.38,9316504,NVDA
2015-06-02,22.24,22.36,21.92,21.935,5607582,NVDA
2015-06-03,22.0,22.17,21.66,21.7,6269692,NVDA
2015-06-04,21.57,22.16,21.57,22.09,8092765,NVDA
2015-06-05,22.02,22.36,21.79,22.26,7833001,NVDA
2015-06-08,22.19,22.34,21.5,21.75,8570301,NVDA
2015-06-09,21.77,22.02,21.73,21.86,6422222,NVDA
2015-06-10,21.6,21.74,21.35,21.47,13236526,NVDA
2015-06-11,21.47,21.85,21.47,21.7,7076296,NVDA
2015-06-12,21.56,21.69,21.06,21.11,8093164,NVDA
2015-06-15,21.0,21.165,20.84,21.07,7663673,NVDA
2015-06-16,21.03,21.36,20.82,21.33,6422253,NVDA
2015-06-17,21.32,21.7,21.27,21.58,5838648,NVDA
2015-06-18,21.76,22.08,21.7,21.94,7485090,NVDA
2015-06-19,21.94,22.12,21.67,21.87,8891427,NVDA
2015-06-22,21.91,22.03,21.45,21.775,12855929,NVDA
2015-06-23,21.82,21.99,21.05,21.22,10351627,NVDA
2015-06-24,21.19,21.3,20.91,21.01,6334204,NVDA
2015-06-25,21.01,21.3,21.01,21.17,8761548,NVDA
2015-06-26,21.0,21.17,20.65,20.74,10532373,NVDA
2015-06-29,20.5,20.71,20.09,20.12,9793096,NVDA
2015-06-30,20.24,20.33,19.97,20.11,7897857,NVDA
2015-07-01,20.61,20.9,20.22,20.4,7573001,NVDA
2015-07-02,20.39,20.55,20.29,20.42,3644115,NVDA
2015-07-06,20.25,20.53,20.015,20.17,5369413,NVDA
2015-07-07,20.05,20.13,19.16,19.79,14856327,NVDA
2015-07-08,19.68,19.8,19.49,19.65,8312287,NVDA
2015-07-09,19.96,20.05,19.2901,19.41,8939745,NVDA
2015-07-10,19.66,19.93,19.61,19.75,5417717,NVDA
2015-07-13,19.95,19.9899,19.745,19.88,5311791,NVDA
2015-07-14,19.91,19.93,19.63,19.89,6230429,NVDA
2015-07-15,19.84,19.97,19.57,19.75,6643348,NVDA
2015-07-16,19.87,20.19,19.8,20.19,7072291,NVDA
2015-07-17,20.12,20.14,19.8099,20.07,5509308,NVDA
2015-07-20,20.07,20.15,19.65,19.7,4710259,NVDA
2015-07-21,19.66,20.07,19.66,19.79,3743010,NVDA
2015-07-22,19.65,19.65,19.17,19.405,8911819,NVDA
2015-07-23,19.45,19.94,19.41,19.65,4247872,NVDA
2015-07-24,19.79,19.81,19.34,19.42,4721099,NVDA
2015-07-27,19.25,19.53,19.09,19.31,4810520,NVDA
2015-07-28,19.36,19.86,19.16,19.73,4957733,NVDA
2015-07-29,19.69,20.13,19.61,19.97,5817033,NVDA
2015-07-30,19.92,20.22,19.92,20.02,4754479,NVDA
2015-07-31,20.1,20.11,19.83,19.95,5459211,NVDA
2015-08-03,20.11,20.31,19.85,20.29,9928278,NVDA
2015-08-04,20.22,20.43,20.14,20.37,6502514,NVDA
2015-08-05,20.87,20.89,20.535,20.58,5865652,NVDA
2015-08-06,20.53,20.68,20.11,20.45,16391890,NVDA
2015-08-07,22.46,23.37,21.88,22.98,35131171,NVDA
2015-08-10,22.82,23.95,22.68,23.78,16557636,NVDA
2015-08-11,23.43,23.89,23.43,23.66,10875209,NVDA
2015-08-12,23.28,23.89,23.28,23.72,9602012,NVDA
2015-08-13,23.75,23.8,23.46,23.52,6922146,NVDA
2015-08-14,23.5,23.68,23.36,23.54,5366261,NVDA
2015-08-17,23.5,23.5,23.1,23.39,6846973,NVDA
2015-08-18,23.22,23.38,22.9,23.08,7177055,NVDA
2015-08-19,23.05,23.305,22.74,22.99,6231842,NVDA
2015-08-20,22.73,22.84,22.05,22.16,10673329,NVDA
2015-08-21,22.0,22.37,21.45,21.47,9566639,NVDA
2015-08-24,20.27,21.83,20.0,20.71,17057073,NVDA
2015-08-25,21.62,21.7,20.28,20.28,15567110,NVDA
2015-08-26,20.94,21.83,20.78,21.81,15374439,NVDA
2015-08-27,22.04,22.64,21.91,22.63,11594083,NVDA
2015-08-28,22.62,22.87,22.465,22.73,8023632,NVDA
2015-08-31,22.63,22.78,22.385,22.48,5483810,NVDA
2015-09-01,21.83,22.2,21.4,21.56,8835220,NVDA
2015-09-02,22.13,22.22,21.78,22.21,8601065,NVDA
2015-09-03,22.54,22.65,22.23,22.27,6563938,NVDA
2015-09-04,21.89,22.24,21.74,21.75,7200245,NVDA
2015-09-08,22.28,22.77,22.192,22.68,5961218,NVDA
2015-09-09,22.75,22.94,22.18,22.23,7234849,NVDA
2015-09-10,22.1,22.86,21.995,22.58,8926896,NVDA
2015-09-11,22.33,22.8,22.235,22.65,7539608,NVDA
2015-09-14,22.76,22.83,22.5701,22.69,4811636,NVDA
2015-09-15,22.7,23.06,22.63,22.94,8199412,NVDA
2015-09-16,22.9,23.23,22.725,23.1,4337684,NVDA
2015-09-17,23.5,23.71,23.26,23.31,6717769,NVDA
2015-09-18,22.99,23.49,22.85,23.29,8160255,NVDA
2015-09-21,23.32,23.58,23.2,23.53,7046616,NVDA
2015-09-22,23.02,23.18,22.765,22.89,5708923,NVDA
2015-09-23,22.91,23.14,22.8201,23.0,4040849,NVDA
2015-09-24,22.86,23.68,22.5,23.44,9561031,NVDA
2015-09-25,23.73,24.07,23.38,23.61,9242268,NVDA
2015-09-28,23.61,23.755,23.15,23.3,9889576,NVDA
2015-09-29,23.55,23.75,23.22,23.71,9518373,NVDA
2015-09-30,23.93,24.68,23.79,24.65,13909541,NVDA
2015-10-01,24.65,24.72,23.47,24.17,12232427,NVDA
2015-10-02,24.04,24.8006,23.79,24.8,9653639,NVDA
2015-10-05,24.96,25.73,24.83,25.42,12050571,NVDA
2015-10-06,25.15,25.86,25.05,25.75,11360526,NVDA
2015-10-07,25.81,26.28,25.39,26.02,7753799,NVDA
2015-10-08,25.91,26.2399,25.47,26.17,11501741,NVDA
2015-10-09,26.03,26.28,25.58,26.07,10581210,NVDA
2015-10-12,26.1,26.5,25.905,26.35,5689727,NVDA
2015-10-13,26.14,26.555,26.05,26.4,7461071,NVDA
2015-10-14,26.43,27.785,26.4,27.36,15304756,NVDA
2015-10-15,27.41,27.99,27.13,27.43,13151151,NVDA
2015-10-16,27.52,28.12,27.45,27.86,11209897,NVDA
2015-10-19,27.95,28.075,27.49,27.81,7367780,NVDA
2015-10-20,27.69,27.9,27.48,27.77,6620614,NVDA
2015-10-21,27.94,28.11,27.36,27.41,9667049,NVDA
2015-10-22,27.73,28.49,27.69,28.4,7672091,NVDA
2015-10-23,28.65,28.78,28.22,28.59,9544357,NVDA
2015-10-26,28.61,28.68,28.2,28.46,6185935,NVDA
2015-10-27,28.32,28.6175,28.3,28.44,5206678,NVDA
2015-10-28,28.62,28.67,28.2,28.67,5425852,NVDA
2015-10-29,28.21,28.5,27.63,27.68,8179177,NVDA
2015-10-30,27.98,28.57,27.77,28.37,7528965,NVDA
2015-11-02,28.46,28.73,28.29,28.7,4752197,NVDA
2015-11-03,28.53,28.69,28.18,28.5,9419230,NVDA
2015-11-04,28.42,28.63,27.9,28.03,11056571,NVDA
2015-11-05,28.17,28.245,27.63,27.71,11969974,NVDA
2015-11-06,30.45,31.94,29.82,31.55,29306777,NVDA
2015-11-09,31.24,31.5,30.97,31.41,12314225,NVDA
2015-11-10,31.0,31.17,30.1501,30.81,13806497,NVDA
2015-11-11,30.83,31.05,30.4,30.51,15503157,NVDA
2015-11-12,30.44,30.72,30.27,30.4,7277017,NVDA
2015-11-13,30.43,30.56,29.65,29.8,7323501,NVDA
2015-11-16,30.19,30.42,29.95,30.4,8607008,NVDA
2015-11-17,30.48,30.66,30.2735,30.4,6426235,NVDA
2015-11-18,30.41,31.07,30.075,31.03,8755358,NVDA
2015-11-19,31.14,31.43,30.8899,31.12,6351803,NVDA
2015-11-20,31.35,31.57,31.16,31.39,5993587,NVDA
2015-11-23,31.65,31.65,30.805,30.92,6063751,NVDA
2015-11-24,30.92,31.44,30.78,31.17,4885692,NVDA
2015-11-25,31.11,31.48,31.02,31.13,3457476,NVDA
2015-11-27,31.19,31.49,31.03,31.39,2175202,NVDA
2015-11-30,31.42,31.86,31.39,31.72,8181080,NVDA
2015-12-01,32.0,32.78,31.97,32.75,10237433,NVDA
2015-12-02,32.8,33.14,32.43,32.5,7356004,NVDA
2015-12-03,32.76,33.1,32.27,32.43,6166405,NVDA
2015-12-04,32.43,33.81,32.43,33.75,11468924,NVDA
2015-12-07,33.74,33.74,33.01,33.11,8339679,NVDA
2015-12-08,32.7,33.7,32.49,33.56,7862233,NVDA
2015-12-09,33.55,33.75,32.37,32.71,9316871,NVDA
2015-12-10,32.81,33.16,32.7,32.98,5914923,NVDA
2015-12-11,32.65,32.88,32.42,32.49,5683038,NVDA
2015-12-14,32.52,32.75,32.18,32.57,6908645,NVDA
2015-12-15,32.94,33.2,32.76,32.97,7682354,NVDA
2015-12-16,33.04,33.28,32.75,33.17,5908874,NVDA
2015-12-17,33.22,33.56,32.65,32.67,6354044,NVDA
2015-12-18,32.44,32.77,32.1,32.14,9897424,NVDA
2015-12-21,32.49,32.93,32.2,32.895,7105373,NVDA
2015-12-22,33.0,33.26,32.73,32.93,3250269,NVDA
2015-12-23,32.98,33.185,32.92,33.055,3063139,NVDA
2015-12-24,32.96,33.25,32.91,33.17,1311231,NVDA
2015-12-28,32.82,33.14,32.36,33.14,3550703,NVDA
2015-12-29,33.16,33.78,33.07,33.68,5091512,NVDA
2015-12-30,33.65,33.94,33.38,33.39,4508570,NVDA
2015-12-31,33.34,33.49,32.96,32.96,3713202,NVDA
2016-01-04,32.29,32.58,32.04,32.37,8951907,NVDA
2016-01-05,32.98,33.44,32.5,32.89,12256814,NVDA
2016-01-06,32.35,32.5,31.16,31.53,11233604,NVDA
2016-01-07,30.74,30.953,29.88,30.28,16132575,NVDA
2016-01-08,30.67,30.7,29.565,29.63,9961782,NVDA
2016-01-11,29.66,29.89,29.15,29.68,10235095,NVDA
2016-01-12,30.21,30.62,29.97,30.18,11733893,NVDA
2016-01-13,30.41,30.61,29.23,29.26,12041762,NVDA
2016-01-14,28.66,29.0,27.82,28.67,15005864,NVDA
2016-01-15,27.52,27.85,26.64,27.11,21036303,NVDA
2016-01-19,27.67,28.45,27.215,27.33,11428537,NVDA
2016-01-20,26.81,27.83,26.45,27.48,12029457,NVDA
2016-01-21,27.78,28.23,27.21,27.8,12036422,NVDA
2016-01-22,28.33,28.64,28.27,28.45,6450312,NVDA
2016-01-25,28.44,28.765,28.355,28.42,6768203,NVDA
2016-01-26,28.48,28.82,28.185,28.7,5699182,NVDA
2016-01-27,28.66,28.745,27.815,28.36,5792528,NVDA
2016-01-28,28.59,28.69,27.5,28.05,6919451,NVDA
2016-01-29,28.29,29.345,28.18,29.29,7762622,NVDA
2016-02-01,29.26,29.45,29.01,29.3,7247099,NVDA
2016-02-02,29.0,29.15,27.86,28.06,8547710,NVDA
2016-02-03,28.28,28.45,27.55,28.2,8169351,NVDA
2016-02-04,28.24,28.85,27.93,28.21,8703450,NVDA
2016-02-05,28.02,28.33,26.35,26.43,15010685,NVDA
2016-02-08,26.03,26.16,24.85,25.22,15221320,NVDA
2016-02-09,24.92,26.55,24.8,25.49,10634314,NVDA
2016-02-10,25.65,26.39,25.29,25.43,8394980,NVDA
2016-02-11,24.78,25.56,24.78,25.3,8503635,NVDA
2016-02-12,25.7,25.78,24.75,25.73,8520367,NVDA
2016-02-16,26.1,27.03,26.02,26.99,12133795,NVDA
2016-02-17,27.33,27.92,27.22,27.66,19286666,NVDA
2016-02-18,29.93,30.975,29.9,30.04,26716489,NVDA
2016-02-19,29.88,30.71,29.65,30.44,13140732,NVDA
2016-02-22,30.88,31.87,30.82,31.52,11241697,NVDA
2016-02-23,31.27,31.9,31.12,31.6,9234450,NVDA
2016-02-24,31.47,31.8679,30.6,31.82,8421336,NVDA
2016-02-25,31.94,32.05,31.32,31.89,8740367,NVDA
2016-02-26,32.04,32.1162,31.36,31.68,9049073,NVDA
2016-02-29,31.61,32.02,31.34,31.36,8083618,NVDA
2016-03-01,31.44,32.75,31.39,32.75,8717512,NVDA
2016-03-02,32.57,33.06,32.51,32.94,5845933,NVDA
2016-03-03,32.9,33.04,32.21,32.65,7550088,NVDA
2016-03-04,32.9,32.93,32.3,32.55,4382634,NVDA
2016-03-07,32.37,32.59,31.915,32.34,6005495,NVDA
2016-03-08,32.01,32.2,31.645,31.75,6873478,NVDA
2016-03-09,32.03,32.075,31.32,31.73,5569737,NVDA
2016-03-10,31.92,32.1,31.04,31.68,7152137,NVDA
2016-03-11,32.15,32.23,31.77,32.22,6934986,NVDA
2016-03-14,32.07,32.43,31.92,32.3,4757868,NVDA
2016-03-15,32.13,32.34,31.57,32.14,5655420,NVDA
2016-03-16,31.9,33.21,31.75,33.1,9091068,NVDA
2016-03-17,32.98,33.14,32.3739,32.82,8841959,NVDA
2016-03-18,33.21,34.25,33.0,33.81,13637802,NVDA
2016-03-21,33.51,33.92,33.15,33.91,8444539,NVDA
2016-03-22,33.8,34.085,33.43,33.85,6050266,NVDA
2016-03-23,34.0,34.68,33.85,34.43,10725171,NVDA
2016-03-24,34.12,34.54,34.01,34.48,6123854,NVDA
2016-03-28,34.42,34.98,34.38,34.83,6634700,NVDA
2016-03-29,34.68,35.47,34.6,35.39,6545266,NVDA
2016-03-30,35.52,36.25,35.5,35.76,9417474,NVDA
2016-03-31,35.92,36.0,35.35,35.63,9497052,NVDA
2016-04-01,35.41,36.17,35.14,36.15,8707319,NVDA
2016-04-04,36.45,36.64,35.66,35.8,9848551,NVDA
2016-04-05,35.48,36.08,35.34,35.75,8489215,NVDA
2016-04-06,35.3,35.82,34.63,35.8,11334379,NVDA
2016-04-07,35.57,35.89,35.28,35.43,9452644,NVDA
2016-04-08,35.72,35.95,35.305,35.66,6398373,NVDA
2016-04-11,35.87,36.47,35.76,35.88,9688098,NVDA
2016-04-12,36.0,36.05,35.14,35.84,7319077,NVDA
2016-04-13,36.0,36.75,36.0,36.74,8767861,NVDA
2016-04-14,36.64,37.0,36.49,36.84,10414131,NVDA
2016-04-15,36.83,37.46,36.712,37.13,10924273,NVDA
2016-04-18,37.06,37.06,36.61,36.97,7683044,NVDA
2016-04-19,37.11,37.18,36.08,36.31,7728777,NVDA
2016-04-20,36.25,36.67,36.21,36.45,5004434,NVDA
2016-04-21,36.46,36.63,36.25,36.41,4456989,NVDA
2016-04-22,36.53,36.78,36.145,36.27,5588539,NVDA
2016-04-25,36.28,36.65,36.18,36.45,4799765,NVDA
2016-04-26,36.67,37.09,36.32,36.48,5363364,NVDA
2016-04-27,36.39,37.33,36.323,37.31,8809858,NVDA
2016-04-28,37.08,37.3,36.11,36.2,9530551,NVDA
2016-04-29,36.05,36.13,35.14,35.53,8047562,NVDA
2016-05-02,35.87,36.22,35.7,36.0,6401920,NVDA
2016-05-03,35.59,35.74,35.261,35.57,5600585,NVDA
2016-05-04,35.14,35.17,34.4,34.76,13144065,NVDA
2016-05-05,35.05,35.38,34.71,34.97,6172113,NVDA
2016-05-06,34.91,35.425,34.84,35.33,4581000,NVDA
2016-05-09,35.42,35.57,34.99,35.28,8333411,NVDA
2016-05-10,35.5,36.02,35.16,35.96,6741929,NVDA
2016-05-11,36.07,36.46,35.87,36.06,8204441,NVDA
2016-05-12,36.32,36.48,34.93,35.57,16763533,NVDA
2016-05-13,39.19,41.0,39.0,40.98,52756404,NVDA
2016-05-16,40.67,42.8,40.54,42.19,24325757,NVDA
2016-05-17,42.0,42.58,41.4601,42.28,15709762,NVDA
2016-05-18,42.0,43.85,42.0,43.36,13526797,NVDA
2016-05-19,43.19,43.8586,43.13,43.55,9971981,NVDA
2016-05-20,43.82,44.51,43.75,44.33,9777090,NVDA
2016-05-23,44.52,44.69,44.13,44.4,10340877,NVDA
2016-05-24,44.42,45.5,44.3,45.36,10394721,NVDA
2016-05-25,45.5,45.69,44.81,45.17,11469411,NVDA
2016-05-26,45.25,45.98,45.12,45.65,7749081,NVDA
2016-05-27,45.7,45.97,45.55,45.9,6935389,NVDA
2016-05-31,46.1,46.815,46.07,46.72,10313131,NVDA
2016-06-01,46.5,47.26,46.36,46.81,9678267,NVDA
2016-06-02,47.06,47.54,46.6,47.14,8230202,NVDA
2016-06-03,46.68,46.74,45.66,46.48,11526864,NVDA
2016-06-06,46.6,46.96,46.0,46.24,8062841,NVDA
2016-06-07,46.52,46.78,46.31,46.33,4835017,NVDA
2016-06-08,46.34,46.51,45.8,46.18,5865431,NVDA
2016-06-09,46.02,47.45,45.92,47.38,11804167,NVDA
2016-06-10,46.82,47.24,46.14,46.2,10000592,NVDA
2016-06-13,46.25,47.6986,46.25,46.79,11889674,NVDA
2016-06-14,46.68,47.1,46.155,46.88,7458639,NVDA
2016-06-15,47.27,47.77,46.75,47.36,7525868,NVDA
2016-06-16,47.01,47.63,46.551,47.55,6161428,NVDA
2016-06-17,47.61,47.62,46.53,46.72,11775048,NVDA
2016-06-20,47.47,48.17,47.44,47.56,7344230,NVDA
2016-06-21,47.76,47.89,47.2,47.27,5312661,NVDA
2016-06-22,47.37,47.68,47.15,47.23,5065516,NVDA
2016-06-23,47.68,48.54,47.65,48.49,7446994,NVDA
2016-06-24,46.5,47.36,45.3,45.73,25442111,NVDA
2016-06-27,45.35,45.7,44.57,45.24,11258487,NVDA
2016-06-28,46.1,46.1499,45.27,45.9,9547980,NVDA
2016-06-29,46.3,47.01,46.18,46.65,7973264,NVDA
2016-06-30,46.73,47.3,46.35,47.01,10773475,NVDA
2016-07-01,46.75,47.36,46.5,46.66,5462198,NVDA
2016-07-05,46.4,47.43,46.03,47.35,9277061,NVDA
2016-07-06,47.02,47.925,46.78,47.65,6827594,NVDA
2016-07-07,47.97,49.06,47.75,48.89,9884992,NVDA
2016-07-08,49.41,51.091,49.22,50.85,12048273,NVDA
2016-07-11,51.58,52.4,51.52,52.02,11219437,NVDA
2016-07-12,52.6,53.28,51.94,52.8,10919045,NVDA
2016-07-13,52.9,53.2,52.7,52.78,8115130,NVDA
2016-07-14,53.06,53.8,52.62,53.32,7922283,NVDA
2016-07-15,52.64,52.935,51.841,52.7,10715357,NVDA
2016-07-18,53.35,53.43,52.77,52.97,6324838,NVDA
2016-07-19,52.94,53.7293,52.84,53.52,9566250,NVDA
2016-07-20,53.7,54.505,53.48,54.22,7411502,NVDA
2016-07-21,54.1,54.27,53.04,53.22,9032697,NVDA
2016-07-22,53.41,54.67,53.02,54.67,7894165,NVDA
2016-07-25,55.0,55.81,54.76,55.68,7813211,NVDA
2016-07-26,56.17,56.92,56.09,56.63,12862739,NVDA
2016-07-27,57.12,57.22,55.72,56.06,11166886,NVDA
2016-07-28,56.19,56.6,56.0137,56.18,5547934,NVDA
2016-07-29,56.39,57.25,55.38,57.1,10239664,NVDA
2016-08-01,57.34,57.55,56.36,56.73,7527970,NVDA
2016-08-02,57.0,57.03,55.5,56.04,7068720,NVDA
2016-08-03,55.97,56.3,55.66,56.19,7495709,NVDA
2016-08-04,56.46,57.49,56.35,57.23,6817803,NVDA
2016-08-05,57.89,58.23,57.61,58.2,9289735,NVDA
2016-08-08,59.0,59.14,58.12,58.74,7626603,NVDA
2016-08-09,59.03,59.46,58.74,58.89,9308559,NVDA
2016-08-10,59.41,59.5,58.3237,58.51,9393453,NVDA
2016-08-11,58.82,59.95,58.7,59.7,17026556,NVDA
2016-08-12,61.9,63.38,60.63,63.04,35643642,NVDA
2016-08-15,63.11,63.4964,62.1302,62.98,14332617,NVDA
2016-08-16,62.89,62.99,62.41,62.6,7191345,NVDA
2016-08-17,62.6,62.74,60.655,61.15,14880304,NVDA
2016-08-18,61.06,62.2,60.82,62.1,8292095,NVDA
2016-08-19,62.07,62.73,61.8,62.26,7288978,NVDA
2016-08-22,62.45,62.612,61.711,62.52,6118683,NVDA
2016-08-23,63.04,63.32,62.73,62.91,8494058,NVDA
2016-08-24,63.13,63.16,61.65,61.94,7461244,NVDA
2016-08-25,61.96,61.99,60.76,61.53,10150783,NVDA
2016-08-26,61.69,62.38,61.2,62.03,7500624,NVDA
2016-08-29,62.28,62.53,61.885,61.99,6866279,NVDA
2016-08-30,61.91,62.2426,61.46,61.63,7138622,NVDA
2016-08-31,61.75,61.92,61.16,61.34,9713642,NVDA
2016-09-01,61.39,63.38,61.34,63.15,10712305,NVDA
2016-09-02,63.28,63.35,61.82,62.53,8078742,NVDA
2016-09-06,62.75,63.12,62.429,63.12,7670320,NVDA
2016-09-07,62.92,63.2285,61.83,62.19,9949700,NVDA
2016-09-08,62.13,62.74,61.42,62.64,7895219,NVDA
2016-09-09,61.95,62.3,59.0,59.52,17443966,NVDA
2016-09-12,58.73,60.865,57.315,60.75,14956524,NVDA
2016-09-13,60.6,61.3,59.53,59.87,11794183,NVDA
2016-09-14,60.01,60.6,59.51,60.4,7984326,NVDA
2016-09-15,60.5,62.76,60.36,62.69,12884799,NVDA
2016-09-16,62.91,63.25,62.12,62.84,22561149,NVDA
2016-09-19,63.5,65.26,63.21,63.67,10428207,NVDA
2016-09-20,64.4,64.4,62.74,63.09,8277832,NVDA
2016-09-21,63.28,64.98,63.27,64.86,8405337,NVDA
2016-09-22,65.24,65.44,64.65,65.02,7718287,NVDA
2016-09-23,65.1,65.29,64.66,64.95,6903344,NVDA
2016-09-26,64.21,64.6,63.53,64.34,5751035,NVDA
2016-09-27,64.09,66.64,64.06,66.54,10068769,NVDA
2016-09-28,66.64,66.83,65.93,66.78,7994701,NVDA
2016-09-29,66.67,67.61,66.0514,67.4,8417136,NVDA
2016-09-30,67.77,69.19,67.37,68.52,10748304,NVDA
2016-10-03,68.52,69.51,68.331,68.45,6064853,NVDA
2016-10-04,68.55,69.7,67.79,68.3,7040645,NVDA
2016-10-05,68.88,69.58,68.02,68.23,7636009,NVDA
2016-10-06,67.41,67.83,66.26,67.34,9005317,NVDA
2016-10-07,67.79,67.97,66.66,66.85,7156502,NVDA
2016-10-10,67.2,67.56,66.47,67.1,7196868,NVDA
2016-10-11,66.88,66.98,65.62,66.13,9713476,NVDA
2016-10-12,65.86,66.7791,65.31,66.43,10498025,NVDA
2016-10-13,65.65,65.8,63.7,65.35,9752910,NVDA
2016-10-14,66.15,66.6,65.6,65.99,8265851,NVDA
2016-10-17,65.98,66.6,65.52,65.61,4883160,NVDA
2016-10-18,66.52,66.99,66.25,66.61,6734274,NVDA
2016-10-19,66.16,66.78,65.82,66.47,4976462,NVDA
2016-10-20,67.25,67.95,66.3,67.73,7802072,NVDA
2016-10-21,67.49,67.66,66.9,67.54,6987654,NVDA
2016-10-24,68.0,70.79,67.99,70.71,8495946,NVDA
2016-10-25,70.59,72.3,70.25,71.87,9936532,NVDA
2016-10-26,71.27,72.95,71.2,72.16,8344781,NVDA
2016-10-27,72.71,72.85,70.385,70.68,9716622,NVDA
2016-10-28,71.02,72.1,70.43,70.56,7271374,NVDA
2016-10-31,70.79,71.625,70.75,71.16,6309718,NVDA
2016-11-01,71.42,71.81,68.29,69.05,11830629,NVDA
2016-11-02,69.58,70.52,68.6355,68.76,7396231,NVDA
2016-11-03,69.08,69.14,66.64,67.96,7741593,NVDA
2016-11-04,67.51,68.7305,66.575,67.57,8219490,NVDA
2016-11-07,69.55,71.72,69.5,71.27,12189524,NVDA
2016-11-08,71.54,71.77,70.5,71.16,10747107,NVDA
2016-11-09,69.23,70.9,68.72,69.96,11413254,NVDA
2016-11-10,71.49,71.5,66.76,67.77,21732039,NVDA
2016-11-11,79.51,88.77,78.5,87.97,54383633,NVDA
2016-11-14,88.09,88.19,83.62,83.64,33719913,NVDA
2016-11-15,84.29,87.45,83.93,86.19,15652258,NVDA
2016-11-16,87.34,92.555,86.3452,91.63,24699644,NVDA
2016-11-17,92.31,94.7923,90.65,92.39,20824744,NVDA
2016-11-18,92.39,94.33,91.8,93.36,14401499,NVDA
2016-11-21,94.09,94.35,92.4,92.98,10910868,NVDA
2016-11-22,93.3,93.7396,92.38,93.65,8259232,NVDA
2016-11-23,93.72,95.2499,92.77,93.97,11080857,NVDA
2016-11-25,94.42,95.1,93.41,94.16,4889078,NVDA
2016-11-28,93.87,94.74,93.6,94.11,6968370,NVDA
2016-11-29,94.0,94.44,92.53,93.25,11114187,NVDA
2016-11-30,93.6,94.16,92.1,92.2,11012545,NVDA
2016-12-01,92.1,92.17,84.77,87.64,25888074,NVDA
2016-12-02,86.25,88.8,85.12,88.45,11957300,NVDA
2016-12-05,89.99,92.61,89.0,91.88,15057125,NVDA
2016-12-06,92.21,93.73,91.57,93.39,12469875,NVDA
2016-12-07,92.84,95.3,92.1,95.07,12020093,NVDA
2016-12-08,95.19,96.62,93.0531,93.48,9538602,NVDA
2016-12-09,94.2,94.27,90.71,91.82,9557799,NVDA
2016-12-12,89.85,89.95,87.54,89.59,15033300,NVDA
2016-12-13,90.09,92.29,90.05,91.17,9694874,NVDA
2016-12-14,92.54,97.11,91.57,96.45,24599538,NVDA
2016-12-15,96.9,99.94,96.6,98.71,18663653,NVDA
2016-12-16,99.83,100.7,97.726,100.41,27238183,NVDA
2016-12-19,99.7,102.4499,99.0,101.63,18616431,NVDA
2016-12-20,104.58,106.13,104.12,105.17,21201433,NVDA
2016-12-21,105.64,105.95,103.71,105.83,14403361,NVDA
2016-12-22,106.82,108.87,106.53,107.11,17965259,NVDA
2016-12-23,106.38,109.835,106.27,109.78,16192331,NVDA
2016-12-27,112.06,117.36,111.22,117.32,29856842,NVDA
2016-12-28,119.6,119.93,108.69,109.25,57394116,NVDA
2016-12-29,104.9,111.49,102.8,111.43,54384182,NVDA
2016-12-30,111.35,111.92,106.3,106.74,30323259,NVDA
2017-01-03,104.4,106.37,99.38,102.01,37549876,NVDA
2017-01-04,103.4,105.5,101.53,104.39,29980506,NVDA
2017-01-05,104.53,105.82,101.05,101.74,24607382,NVDA
2017-01-06,102.85,104.25,101.2,103.1,20571416,NVDA
2017-01-09,103.5,108.0,103.5,107.28,22906225,NVDA
2017-01-10,107.81,109.19,105.63,106.47,22022969,NVDA
2017-01-11,106.0,106.2,104.15,105.16,13141588,NVDA
2017-01-12,104.23,104.7,101.62,103.44,15640414,NVDA
2017-01-13,103.6,105.0,103.06,103.43,11445543,NVDA
2017-01-17,103.0,103.2,100.57,101.11,14515259,NVDA
2017-01-18,100.24,103.23,99.11,102.95,16360615,NVDA
2017-01-19,103.07,106.46,102.98,105.16,16121778,NVDA
2017-01-20,106.08,106.8,103.12,104.01,12300557,NVDA
2017-01-23,103.8,105.9,103.7,105.09,9247639,NVDA
2017-01-24,105.5,107.58,104.9,107.33,10701271,NVDA
2017-01-25,109.05,109.3,106.3346,107.79,13084499,NVDA
2017-01-26,107.9,109.95,106.7,109.65,11469970,NVDA
2017-01-27,109.93,111.89,108.85,111.77,11799929,NVDA
2017-01-30,110.92,111.01,107.9106,110.02,12400084,NVDA
2017-01-31,108.95,110.05,108.2,109.18,9068865,NVDA
2017-02-01,110.58,114.12,109.86,113.95,14750082,NVDA
2017-02-02,113.3,115.74,112.06,115.39,12081040,NVDA
2017-02-03,115.45,115.9,113.9,114.38,9318633,NVDA
2017-02-06,114.0,117.3261,114.0,117.31,12669205,NVDA
2017-02-07,118.7,120.92,117.9,119.13,18655567,NVDA
2017-02-08,118.4,119.31,116.38,118.61,11239487,NVDA
2017-02-09,118.86,119.06,115.6,116.38,21064178,NVDA
2017-02-10,119.93,120.7,112.6,113.62,41277341,NVDA
2017-02-13,113.39,113.98,108.2,108.38,29518071,NVDA
2017-02-14,107.99,110.15,106.29,108.78,21265787,NVDA
2017-02-15,108.9,109.8,107.76,109.0,9325512,NVDA
2017-02-16,109.39,109.44,105.66,107.25,16179386,NVDA
2017-02-17,106.7,107.41,104.79,107.23,14093465,NVDA
2017-02-21,108.23,111.23,108.22,111.07,13798783,NVDA
2017-02-22,111.42,111.8,109.99,110.76,10844256,NVDA
2017-02-23,105.5,106.39,99.68,100.49,39822213,NVDA
2017-02-24,97.07,102.0,95.7,101.46,25747597,NVDA
2017-02-27,102.2,105.02,101.56,104.41,17885019,NVDA
2017-02-28,104.8,105.2,100.775,101.48,15633968,NVDA
2017-03-01,103.79,104.37,101.11,102.79,12620139,NVDA
2017-03-02,102.27,102.84,98.89,99.0,18858278,NVDA
2017-03-03,98.57,98.77,96.22,98.43,21636424,NVDA
2017-03-06,96.96,98.1,95.17,97.67,22089169,NVDA
2017-03-07,97.67,99.53,97.15,98.74,15085007,NVDA
2017-03-08,100.7,101.3,98.47,98.56,15967822,NVDA
2017-03-09,97.91,99.45,97.4,98.54,11951471,NVDA
2017-03-10,99.61,100.09,98.38,99.12,12493513,NVDA
2017-03-13,99.54,102.25,99.51,101.85,19353402,NVDA
2017-03-14,102.37,102.75,100.47,101.78,13050415,NVDA
2017-03-15,102.25,102.99,100.32,102.55,15375852,NVDA
2017-03-16,102.98,103.83,102.41,103.81,13077495,NVDA
2017-03-17,104.52,106.12,103.81,106.07,27992169,NVDA
2017-03-20,106.78,109.61,106.13,109.45,18714152,NVDA
2017-03-21,108.75,109.96,105.585,105.91,22837103,NVDA
2017-03-22,105.46,108.26,105.3,108.07,15419106,NVDA
2017-03-23,107.75,108.5572,106.7,107.09,13348542,NVDA
2017-03-24,108.97,109.29,106.42,107.47,10987546,NVDA
2017-03-27,105.58,108.405,103.575,108.25,12666100,NVDA
2017-03-28,108.3,108.89,107.27,107.69,10811109,NVDA
2017-03-29,107.99,108.49,107.25,107.34,8749791,NVDA
2017-03-30,107.63,110.0,107.4,109.4,13138349,NVDA
2017-03-31,109.01,109.89,108.4021,108.93,11020165,NVDA
2017-04-03,108.95,109.65,107.42,108.38,11130813,NVDA
2017-04-04,103.4,104.42,100.34,100.78,31782004,NVDA
2017-04-05,100.015,102.37,99.5,100.03,18676232,NVDA
2017-04-06,100.24,101.25,98.41,100.76,15878004,NVDA
2017-04-07,101.02,101.73,99.72,100.33,10628889,NVDA
2017-04-10,100.36,100.63,97.6,97.77,18908264,NVDA
2017-04-11,96.55,98.8999,96.35,98.12,15453747,NVDA
2017-04-12,98.12,98.7,97.1,97.31,10352296,NVDA
2017-04-13,96.33,97.21,95.49,95.49,12672345,NVDA
2017-04-17,96.01,99.24,95.8,99.23,12432305,NVDA
2017-04-18,98.65,99.54,97.6,99.29,9252944,NVDA
2017-04-19,100.0,100.98,99.41,99.68,9520659,NVDA
2017-04-20,100.27,101.4464,99.41,101.26,10100358,NVDA
2017-04-21,100.84,101.79,100.36,101.68,8547390,NVDA
2017-04-24,102.96,103.48,102.11,102.95,9295490,NVDA
2017-04-25,103.54,105.33,102.67,104.74,9710972,NVDA
2017-04-26,105.29,105.39,103.94,104.02,8175145,NVDA
2017-04-27,104.32,105.98,103.59,105.64,7992465,NVDA
2017-04-28,105.36,105.64,104.07,104.3,8706157,NVDA
2017-05-01,104.74,106.85,104.45,106.64,7693333,NVDA
2017-05-02,105.55,105.5955,102.56,103.48,15749327,NVDA
2017-05-03,103.2,104.64,102.6,104.25,8422633,NVDA
2017-05-04,104.5,104.95,103.53,103.85,5244692,NVDA
2017-05-05,103.38,104.15,102.75,103.86,5710736,NVDA
2017-05-08,104.34,104.4,102.31,102.77,9130990,NVDA
2017-05-09,103.0,104.93,102.66,102.94,21191792,NVDA
2017-05-10,114.29,121.82,114.02,121.29,53227434,NVDA
2017-05-11,120.05,130.43,119.91,126.5,48494808,NVDA
2017-05-12,126.63,129.6,125.78,127.89,24065459,NVDA
2017-05-15,129.56,134.41,129.38,134.31,27188548,NVDA
2017-05-16,136.38,137.44,133.3635,136.81,28017471,NVDA
2017-05-17,134.1,134.86,127.55,127.72,31784158,NVDA
2017-05-18,129.5,133.43,127.05,133.07,28900757,NVDA
2017-05-19,137.025,138.22,135.22,136.0,25459271,NVDA
2017-05-22,137.77,139.48,137.33,138.9,20915225,NVDA
2017-05-23,139.7,139.79,135.71,137.03,17031247,NVDA
2017-05-24,140.96,141.07,138.08,138.57,20434495,NVDA
2017-05-25,140.0,140.03,136.44,138.26,15205701,NVDA
2017-05-26,137.93,145.28,137.11,141.84,19478497,NVDA
2017-05-30,143.7,146.2911,143.05,144.87,24741298,NVDA
2017-05-31,146.69,147.0,142.05,144.35,22182894,NVDA
2017-06-01,144.99,145.03,142.52,144.36,12583467,NVDA
2017-06-02,144.24,145.3,143.4,143.64,12186434,NVDA
2017-06-05,142.98,148.53,142.51,148.01,20434442,NVDA
2017-06-06,147.82,149.69,146.8,147.34,18968189,NVDA
2017-06-07,148.33,149.88,147.7,149.12,15315293,NVDA
2017-06-08,153.46,160.0,151.79,159.94,29043605,NVDA
2017-06-09,164.74,168.5,142.75,149.6,92323196,NVDA
2017-06-12,145.88,151.7,142.11,149.97,42438280,NVDA
2017-06-13,154.4,154.77,145.65,151.4,41812580,NVDA
2017-06-14,151.52,154.06,148.5,151.72,29616036,NVDA
2017-06-15,146.96,153.6,146.5,152.37,24095612,NVDA
2017-06-16,152.76,154.7,150.24,151.62,23123950,NVDA
2017-06-19,153.41,157.53,153.26,157.32,19454439,NVDA
2017-06-20,159.03,161.74,156.92,157.09,27386086,NVDA
2017-06-21,158.21,159.62,155.7,159.47,17066279,NVDA
2017-06-22,159.8,160.34,157.4,158.37,11728324,NVDA
2017-06-23,158.68,159.32,153.22,153.83,27214702,NVDA
2017-06-26,155.16,156.6,148.33,152.15,26598996,NVDA
2017-06-27,151.44,151.79,146.35,146.58,24987313,NVDA
2017-06-28,149.32,151.94,145.75,151.75,24873679,NVDA
2017-06-29,150.6,150.72,144.08,146.68,26610631,NVDA
2017-06-30,147.38,147.93,143.5,144.56,18276526,NVDA
2017-07-03,145.05,145.6537,138.58,139.33,17726821,NVDA
2017-07-05,141.9,144.22,141.13,143.05,20504738,NVDA
2017-07-06,141.87,145.3799,139.76,143.48,18657132,NVDA
2017-07-07,145.78,147.5,144.85,146.76,16374302,NVDA
2017-07-10,149.74,154.0,148.6842,153.7,23962269,NVDA
2017-07-11,153.85,156.19,152.15,155.88,18948883,NVDA
2017-07-12,158.3,163.0,156.56,162.51,28630213,NVDA
2017-07-13,163.0,166.3,158.75,160.63,34228333,NVDA
2017-07-14,161.29,165.01,161.01,164.95,23548708,NVDA
2017-07-17,166.33,167.5,161.75,164.25,23269759,NVDA
2017-07-18,161.78,166.55,161.3,165.96,19415987,NVDA
2017-07-19,166.33,167.4,164.61,165.1,17176140,NVDA
2017-07-20,165.93,167.51,163.9121,167.5,17489889,NVDA
2017-07-21,166.67,169.3,166.09,168.1,16208257,NVDA
2017-07-24,168.39,168.78,165.72,166.15,16313052,NVDA
2017-07-25,165.22,165.93,163.581,165.35,12413896,NVDA
2017-07-26,167.68,169.927,165.85,167.26,16010113,NVDA
2017-07-27,168.27,168.74,157.56,161.74,19571379,NVDA
2017-07-28,160.29,165.38,159.28,164.39,12833737,NVDA
2017-07-31,164.94,166.4,160.62,162.51,13991802,NVDA
2017-08-01,162.125,164.56,161.0,164.49,10784578,NVDA
2017-08-02,165.75,165.91,161.27,164.39,11961082,NVDA
2017-08-03,164.37,166.63,163.68,166.48,11060541,NVDA
2017-08-04,167.4,170.07,166.48,167.21,14727353,NVDA
2017-08-07,168.39,172.37,168.0,172.35,17935280,NVDA
2017-08-08,173.89,174.56,168.71,170.3,18883354,NVDA
2017-08-09,168.43,172.21,167.67,172.11,13269623,NVDA
2017-08-10,172.16,172.66,164.33,164.74,33202199,NVDA
2017-08-11,157.14,159.0,152.91,155.96,37429859,NVDA
2017-08-14,159.67,168.55,159.2,168.4,31975541,NVDA
2017-08-15,168.61,169.67,165.59,166.98,19113263,NVDA
2017-08-16,167.59,168.54,163.84,165.15,14915786,NVDA
2017-08-17,164.81,165.5,161.38,161.47,13136065,NVDA
2017-08-18,163.67,164.36,159.64,161.5,15030107,NVDA
2017-08-21,162.49,162.95,157.37,159.15,15591767,NVDA
2017-08-22,160.49,162.79,159.71,162.55,11261403,NVDA
2017-08-23,161.2,166.25,160.85,165.8,14487996,NVDA
2017-08-24,167.1,167.28,164.12,165.19,11742501,NVDA
2017-08-25,166.17,166.58,163.55,163.81,8930022,NVDA
2017-08-28,164.58,165.1,162.33,164.97,9737393,NVDA
2017-08-29,162.59,165.58,162.261,164.7,8102357,NVDA
2017-08-30,165.5,166.13,164.27,165.68,9610039,NVDA
2017-08-31,166.5,169.6,166.2,169.44,15317105,NVDA
2017-09-01,169.95,171.9,169.6,170.46,11135787,NVDA
2017-09-05,168.38,168.5843,163.5625,165.91,17417392,NVDA
2017-09-06,167.24,167.8,164.4,165.81,9941783,NVDA
2017-09-07,166.49,167.89,164.95,166.58,8821702,NVDA
2017-09-08,166.11,166.71,162.71,163.69,12471422,NVDA
2017-09-11,165.54,169.4325,165.32,169.0,14186078,NVDA
2017-09-12,170.0,170.0,166.97,169.61,10287203,NVDA
2017-09-13,168.59,171.54,167.28,170.37,14523973,NVDA
2017-09-14,168.79,172.56,167.8,169.4,12842837,NVDA
2017-09-15,172.86,180.11,172.65,180.11,34119764,NVDA
2017-09-18,185.14,191.2,184.86,187.55,42111516,NVDA
2017-09-19,185.51,189.85,184.615,187.35,21856994,NVDA
2017-09-20,187.5,189.42,184.21,185.84,18122991,NVDA
2017-09-21,181.64,182.7,177.61,180.76,26889994,NVDA
2017-09-22,180.3,182.31,178.6,179.0,12280771,NVDA
2017-09-25,177.75,177.8,170.16,171.0,21864476,NVDA
2017-09-26,176.45,178.68,170.35,171.96,28140511,NVDA
2017-09-27,175.62,176.27,172.75,175.73,17842967,NVDA
2017-09-28,176.02,176.18,173.76,175.68,10881065,NVDA
2017-09-29,179.08,179.73,177.25,178.77,15477293,NVDA
2017-10-02,180.8,181.98,177.0,179.0,12586960,NVDA
2017-10-03,179.25,180.58,177.58,179.37,9758268,NVDA
2017-10-04,179.62,181.77,178.14,180.87,10696220,NVDA
2017-10-05,181.86,182.0,179.56,180.77,10934105,NVDA
2017-10-06,179.65,181.84,179.0,181.3,7969957,NVDA
2017-10-09,182.79,186.73,182.03,185.39,14087272,NVDA
2017-10-10,191.43,192.95,187.26,188.93,24371902,NVDA
2017-10-11,189.6,191.0,187.74,190.94,13237734,NVDA
2017-10-12,191.08,193.09,189.9301,191.03,13207315,NVDA
2017-10-13,193.55,195.0,191.65,194.59,15718233,NVDA
2017-10-16,195.8,198.048,193.24,197.93,14415958,NVDA
2017-10-17,197.09,198.9,196.35,197.75,11964867,NVDA
2017-10-18,198.11,198.14,193.32,197.58,14182907,NVDA
2017-10-19,194.44,198.0,192.4501,197.8,14269253,NVDA
2017-10-20,198.49,199.59,196.54,196.9,11290462,NVDA
2017-10-23,197.78,198.85,195.8,196.62,10717376,NVDA
2017-10-24,196.99,198.75,195.94,198.68,10181132,NVDA
2017-10-25,197.08,199.22,191.17,193.66,20704030,NVDA
2017-10-26,194.78,196.16,193.81,195.69,8068563,NVDA
2017-10-27,197.8,201.87,196.75,201.86,14304835,NVDA
2017-10-30,201.86,206.0899,201.22,203.84,12601417,NVDA
2017-10-31,205.13,207.89,204.9,206.81,10297707,NVDA
2017-11-01,209.35,209.97,204.6,207.2,12564446,NVDA
2017-11-02,206.0,207.81,203.65,205.94,8557738,NVDA
2017-11-03,207.2,208.69,205.341,208.69,8841024,NVDA
2017-11-06,207.2,209.98,206.7,209.63,9748616,NVDA
2017-11-07,210.55,212.9,210.0556,212.03,10692542,NVDA
2017-11-08,211.85,212.0,207.2401,209.16,13074705,NVDA
2017-11-09,205.27,206.33,200.37,205.32,23432127,NVDA
2017-11-10,213.08,218.67,211.63,216.14,31331374,NVDA
2017-11-13,216.14,217.17,212.01,212.63,14559413,NVDA
2017-11-14,213.0,214.8,211.23,214.18,13232319,NVDA
2017-11-15,211.95,212.0,207.8,209.98,12548731,NVDA
2017-11-16,212.98,214.2,211.25,211.61,11044183,NVDA
2017-11-17,213.92,215.35,210.75,211.36,12891568,NVDA
2017-11-20,211.99,214.57,210.5,214.08,9902511,NVDA
2017-11-21,215.69,216.52,214.4,216.05,9979358,NVDA
2017-11-22,217.0,217.0,213.61,214.93,8915998,NVDA
2017-11-24,215.59,217.0,214.6,216.96,4518800,NVDA
2017-11-27,217.31,217.36,214.01,214.14,10572364,NVDA
2017-11-28,214.35,214.73,208.24,210.71,12818804,NVDA
2017-11-29,210.01,210.1226,191.23,196.42,34919741,NVDA
2017-11-30,199.2,202.68,196.65,200.71,20594199,NVDA
2017-12-01,199.31,200.13,192.47,197.68,20288748,NVDA
2017-12-04,200.05,200.3,184.5,186.66,31021123,NVDA
2017-12-05,182.4,192.7,180.58,187.74,24537194,NVDA
2017-12-06,185.7,190.14,184.84,189.26,11675760,NVDA
2017-12-07,191.96,193.6,190.12,191.99,13564988,NVDA
2017-12-08,194.01,194.78,191.15,191.49,11671856,NVDA
2017-12-11,192.06,194.78,191.42,194.66,9318741,NVDA
2017-12-12,192.9,193.84,189.89,190.84,11375445,NVDA
2017-12-13,192.5,192.55,185.88,186.18,13856992,NVDA
2017-12-14,185.92,189.34,184.6,186.47,10954056,NVDA
2017-12-15,188.251,192.38,185.62,191.56,16750878,NVDA
2017-12-18,193.2,198.02,192.0,197.9,11942558,NVDA
2017-12-19,197.52,197.73,194.96,196.11,9327493,NVDA
2017-12-20,197.7,198.07,194.55,196.8,7220456,NVDA
2017-12-21,196.94,197.95,195.55,195.89,7522626,NVDA
2017-12-22,194.4,195.65,191.25,195.27,11656871,NVDA
2017-12-26,193.03,197.75,191.82,197.44,8877033,NVDA
2017-12-27,196.9,199.97,196.31,197.17,8237223,NVDA
2017-12-28,198.13,199.38,197.1514,197.4,6006248,NVDA
2017-12-29,198.46,198.46,193.5,193.5,6999116,NVDA
2018-01-02,195.78,199.5,194.5,199.35,8890417,NVDA
2018-01-03,204.1,213.7,203.75,212.47,22867591,NVDA
2018-01-04,215.76,218.05,212.69,213.59,14581720,NVDA
2018-01-05,214.19,216.91,211.08,215.4,14503103,NVDA
2018-01-08,220.4,225.0,218.58,222.0,22030422,NVDA
2018-01-09,222.22,223.82,218.64,221.94,12424995,NVDA
2018-01-10,218.2,223.82,216.0,223.68,14566626,NVDA
2018-01-11,225.0,226.27,223.21,224.08,10150767,NVDA
2018-01-12,223.6,224.99,221.34,222.98,8997902,NVDA
2018-01-16,224.05,227.51,216.69,220.11,17558687,NVDA
2018-01-17,220.7,225.12,216.9,224.72,13460222,NVDA
2018-01-18,223.94,226.64,222.68,224.44,10215841,NVDA
2018-01-19,228.09,231.09,227.0,230.11,15234486,NVDA
2018-01-22,230.43,233.76,228.1,233.69,13773561,NVDA
2018-01-23,235.85,239.83,235.101,238.91,11880705,NVDA
2018-01-24,239.04,240.4936,233.55,235.8,14499309,NVDA
2018-01-25,238.0,239.75,235.75,236.35,10247091,NVDA
2018-01-26,238.12,243.34,237.6,243.33,12908854,NVDA
2018-01-29,242.74,248.11,240.61,246.85,11377853,NVDA
2018-01-30,241.11,246.42,238.41,242.72,14270844,NVDA
2018-01-31,245.77,249.27,244.45,245.8,11964444,NVDA
2018-02-01,238.52,246.9,238.06,240.5,12980572,NVDA
2018-02-02,237.0,237.97,231.17,233.52,17961555,NVDA
2018-02-05,227.0,233.23,205.0,213.7,29130140,NVDA
2018-02-06,204.4,225.7,204.0,225.58,27870031,NVDA
2018-02-07,229.58,234.97,226.7,228.8,20073316,NVDA
2013-02-08,76.15,76.48,75.56,75.75,9131327,PG
2013-02-11,75.41,75.92,75.12,75.81,6928133,PG
2013-02-12,75.96,76.31,75.81,75.98,6280895,PG
2013-02-13,76.01,76.58,75.98,76.56,7113744,PG
2013-02-14,76.3,76.97,76.25,76.78,10049220,PG
2013-02-15,76.72,76.96,76.215,76.54,11167270,PG
2013-02-19,76.56,77.765,76.49,77.38,11783779,PG
2013-02-20,77.27,77.52,76.92,77.08,9276578,PG
2013-02-21,76.28,77.2,75.9,77.04,10305115,PG
2013-02-22,77.05,77.19,76.753,76.99,8433393,PG
2013-02-25,77.06,77.67,75.92,75.92,9970631,PG
2013-02-26,75.99,76.38,75.77,76.08,8378943,PG
2013-02-27,75.95,76.95,75.7,76.75,7568886,PG
2013-02-28,76.66,76.91,76.17,76.18,10472126,PG
2013-03-01,75.7,76.72,75.56,76.49,9601420,PG
2013-03-04,76.25,76.68,75.97,76.68,7632002,PG
2013-03-05,76.78,77.395,76.72,77.05,9716968,PG
2013-03-06,77.01,77.45,76.81,77.2,7196031,PG
2013-03-07,77.22,77.49,76.78,76.9,7111315,PG
2013-03-08,77.01,77.2,76.46,77.18,7257183,PG
2013-03-11,77.02,77.39,76.9,77.35,6621712,PG
2013-03-12,77.19,77.45,77.0,77.17,7016698,PG
2013-03-13,77.07,77.1,76.52,76.8,6339460,PG
2013-03-14,76.87,77.475,76.83,77.39,8083421,PG
2013-03-15,77.08,77.38,76.34,76.34,15250593,PG
2013-03-18,75.9,76.55,75.8,76.16,7081774,PG
2013-03-19,76.14,77.18,76.11,77.11,9296208,PG
2013-03-20,77.29,77.82,77.271,77.58,8615706,PG
2013-03-21,77.42,77.67,77.14,77.21,6320651,PG
2013-03-22,77.18,77.45,77.005,77.27,5868393,PG
2013-03-25,77.27,77.62,76.44,76.68,6843553,PG
2013-03-26,77.02,77.5,76.891,77.4,5387106,PG
2013-03-27,76.98,77.105,76.57,77.06,5274497,PG
2013-03-28,76.95,77.16,76.66,77.06,8017630,PG
2013-04-01,76.85,77.85,76.73,77.7,7268049,PG
2013-04-02,77.84,79.15,77.65,78.96,13374295,PG
2013-04-03,78.88,79.08,77.84,78.12,8427549,PG
2013-04-04,78.39,78.98,78.25,78.54,8770319,PG
2013-04-05,77.88,78.395,77.83,78.23,6565480,PG
2013-04-08,78.12,78.88,77.88,78.79,6284447,PG
2013-04-09,78.82,78.89,78.07,78.26,6760554,PG
2013-04-10,78.49,79.49,78.43,79.24,7947900,PG
2013-04-11,79.37,80.13,79.33,79.67,11832445,PG
2013-04-12,79.51,80.66,79.47,80.08,9383865,PG
2013-04-15,79.79,80.84,79.6,79.65,10877312,PG
2013-04-16,79.83,80.21,79.37,80.1,9366412,PG
2013-04-17,79.98,80.14,78.85,79.06,10964702,PG
2013-04-18,79.09,80.1799,79.06,79.87,10895844,PG
2013-04-19,80.37,81.7,80.2,81.43,13147597,PG
2013-04-22,81.31,81.59,81.12,81.4,7530605,PG
2013-04-23,81.46,82.54,80.51,82.54,12683540,PG
2013-04-24,79.49,79.61,76.93,77.12,25706666,PG
2013-04-25,77.67,77.67,76.35,76.58,14703010,PG
2013-04-26,76.72,77.22,76.58,77.1,8769151,PG
2013-04-29,77.56,77.98,77.23,77.68,6622787,PG
2013-04-30,77.86,77.89,76.6,76.77,9655684,PG
2013-05-01,76.83,77.77,76.72,76.99,8388710,PG
2013-05-02,77.39,78.28,77.14,77.76,7288002,PG
2013-05-03,78.1,78.46,77.66,78.19,7884967,PG
2013-05-06,78.03,78.4,77.52,77.75,7204194,PG
2013-05-07,77.98,78.2,77.27,77.94,9574192,PG
2013-05-08,77.9,78.51,77.23,78.44,12067285,PG
2013-05-09,78.57,78.89,78.02,78.21,7189550,PG
2013-05-10,78.41,78.79,78.23,78.76,6163414,PG
2013-05-13,78.51,78.97,78.42,78.59,5420181,PG
2013-05-14,78.93,79.47,78.74,79.47,6872758,PG
2013-05-15,79.47,81.0,79.47,80.68,11153845,PG
2013-05-16,80.49,80.735,79.89,80.2,8065580,PG
2013-05-17,79.91,80.18,79.305,80.02,8550094,PG
2013-05-20,79.98,79.98,78.78,79.09,7307256,PG
2013-05-21,79.17,79.22,78.22,78.8,7377650,PG
2013-05-22,78.84,79.68,78.62,78.82,8873152,PG
2013-05-23,78.27,79.11,78.23,78.7,7109033,PG
2013-05-24,81.88,82.35,81.44,81.88,25580639,PG
2013-05-28,82.05,82.13,80.77,80.86,14373221,PG
2013-05-29,80.16,80.25,78.87,78.9,9992413,PG
2013-05-30,78.9,79.88,78.9,79.09,14761292,PG
2013-05-31,78.79,78.81,76.7525,76.76,16463049,PG
2013-06-03,76.87,77.7,76.12,77.66,11722443,PG
2013-06-04,77.71,78.47,76.75,77.37,11379261,PG
2013-06-05,77.08,77.215,76.63,76.66,8826570,PG
2013-06-06,76.56,76.97,75.83,76.82,11100096,PG
2013-06-07,77.44,78.28,77.27,77.75,7839474,PG
2013-06-10,77.69,78.22,77.26,78.07,8967455,PG
2013-06-11,77.68,78.75,77.45,78.12,6781138,PG
2013-06-12,78.64,78.89,77.48,77.6,7834172,PG
2013-06-13,77.54,78.69,77.14,78.43,6928935,PG
2013-06-14,78.49,78.79,77.67,78.03,6825874,PG
2013-06-17,78.26,79.47,78.25,78.96,7363260,PG
2013-06-18,78.95,79.23,78.7,79.04,6052040,PG
2013-06-19,79.05,79.47,77.59,77.61,7424500,PG
2013-06-20,77.21,77.33,75.1,75.25,15557692,PG
2013-06-21,76.25,77.53,75.69,77.43,20058300,PG
2013-06-24,76.95,77.43,75.63,76.58,12563745,PG
2013-06-25,77.1,77.24,76.29,76.69,7911690,PG
2013-06-26,77.23,77.59,77.02,77.4,7329439,PG
2013-06-27,77.96,78.38,77.57,77.67,14731884,PG
2013-06-28,77.62,77.94,76.9,76.99,9868254,PG
2013-07-01,77.02,78.45,77.0,78.02,6699595,PG
2013-07-02,77.95,78.61,77.71,78.44,10228897,PG
2013-07-03,78.29,78.75,77.4301,78.57,5347846,PG
2013-07-05,78.89,79.02,77.78,78.34,7265770,PG
2013-07-08,78.54,79.0799,78.5,78.76,11153691,PG
2013-07-09,79.07,79.9,79.07,79.57,11458302,PG
2013-07-10,79.65,80.1,79.3,79.8,6906045,PG
2013-07-11,80.55,80.99,80.29,80.77,9185540,PG
2013-07-12,80.67,81.64,80.67,81.55,12587839,PG
2013-07-15,81.37,81.59,80.845,81.51,10025177,PG
2013-07-16,81.32,81.37,80.91,80.97,11208513,PG
2013-07-17,80.49,80.85,80.01,80.09,7645591,PG
2013-07-18,80.03,80.75,80.03,80.3,5525915,PG
2013-07-19,80.36,81.41,80.05,81.37,7863205,PG
2013-07-22,81.23,81.45,80.9,81.22,4813662,PG
2013-07-23,81.22,81.401,80.78,80.95,4311045,PG
2013-07-24,80.95,81.0,80.13,80.27,5607942,PG
2013-07-25,80.01,80.57,79.84,80.41,6239836,PG
2013-07-26,80.02,80.42,79.39,80.39,6543856,PG
2013-07-29,80.1,80.45,80.05,80.09,4389416,PG
2013-07-30,80.49,80.9,80.155,80.44,6434115,PG
2013-07-31,80.44,81.41,80.16,80.3,11862951,PG
2013-08-01,81.62,82.23,81.21,81.64,10724590,PG
2013-08-02,81.42,81.5,80.5615,81.29,6596564,PG
2013-08-05,81.05,81.65,80.96,81.4,4662795,PG
2013-08-06,81.3,81.97,81.3,81.74,6212547,PG
2013-08-07,81.41,82.21,81.38,81.96,5828509,PG
2013-08-08,82.11,82.4,81.51,82.17,6208233,PG
2013-08-09,81.92,82.06,81.19,81.64,6127210,PG
2013-08-12,81.23,81.73,81.04,81.62,4922205,PG
2013-08-13,81.78,81.99,81.33,81.66,4936360,PG
2013-08-14,81.67,81.78,81.19,81.25,5170522,PG
2013-08-15,80.96,81.08,80.165,80.48,7415297,PG
2013-08-16,80.27,80.485,79.06,79.9,9451584,PG
2013-08-19,79.64,80.09,79.42,79.59,5948362,PG
2013-08-20,79.72,80.1,79.28,79.53,5172491,PG
2013-08-21,79.5,80.12,79.0453,79.38,7390855,PG
2013-08-22,79.3,80.05,78.87,79.77,6274357,PG
2013-08-23,79.87,80.07,79.59,80.01,5228946,PG
2013-08-26,79.92,79.98,78.53,78.54,6384214,PG
2013-08-27,77.87,78.36,77.33,77.97,7052354,PG
2013-08-28,77.86,77.86,76.85,76.85,9008484,PG
2013-08-29,76.76,77.84,76.42,77.31,5961184,PG
2013-08-30,77.53,78.07,73.61,77.89,9039485,PG
2013-09-03,78.27,78.42,77.44,77.75,6743818,PG
2013-09-04,77.52,77.75,77.12,77.49,6031264,PG
2013-09-05,77.58,77.63,76.831,77.14,7173200,PG
2013-09-06,77.12,77.61,76.4,77.15,6977354,PG
2013-09-09,77.37,78.2,77.37,78.16,6089257,PG
2013-09-10,78.5,78.64,77.7825,77.95,6650203,PG
2013-09-11,77.26,78.27,77.25,78.27,7049758,PG
2013-09-12,78.4,78.8,78.17,78.26,6944863,PG
2013-09-13,78.44,79.18,78.41,79.05,4894112,PG
2013-09-16,79.72,80.21,79.71,80.16,7557605,PG
2013-09-17,79.96,80.25,79.64,79.83,5458695,PG
2013-09-18,79.06,80.48,78.53,80.295,10372103,PG
2013-09-19,80.5,80.53,79.785,80.12,8161568,PG
2013-09-20,80.09,80.18,79.39,79.39,11156529,PG
2013-09-23,79.2,79.58,78.67,79.28,6305070,PG
2013-09-24,78.965,79.48,78.59,78.62,7525464,PG
2013-09-25,78.84,79.0,77.71,77.72,7589283,PG
2013-09-26,77.91,78.14,77.62,78.05,4633310,PG
2013-09-27,77.75,77.75,76.77,77.21,6551336,PG
2013-09-30,76.8,77.16,75.35,75.59,15028271,PG
2013-10-01,75.52,76.5,75.44,76.16,8080992,PG
2013-10-02,75.91,76.14,75.42,75.93,8522945,PG
2013-10-03,75.89,76.14,75.2,75.84,9251589,PG
2013-10-04,75.98,76.12,75.5145,76.02,4984717,PG
2013-10-07,75.66,76.1,75.48,75.65,6373266,PG
2013-10-08,76.39,76.995,76.05,76.33,9702490,PG
2013-10-09,76.58,77.16,76.1,76.95,8470729,PG
2013-10-10,77.41,77.92,77.15,77.89,10122110,PG
2013-10-11,78.0,78.49,77.805,78.48,6082105,PG
2013-10-14,78.01,78.795,77.93,78.74,6326138,PG
2013-10-15,78.38,78.61,77.44,77.6,11192629,PG
2013-10-16,77.35,78.49,77.26,78.34,6538524,PG
2013-10-17,78.19,79.47,77.98,79.42,8671299,PG
2013-10-18,79.39,79.57,78.78,79.41,7940526,PG
2013-10-21,79.27,79.319,78.44,78.97,6460462,PG
2013-10-22,79.31,80.615,79.275,80.38,9559403,PG
2013-10-23,80.34,81.245,80.25,80.91,8960693,PG
2013-10-24,80.77,80.95,80.25,80.61,7412349,PG
2013-10-25,80.55,80.72,79.51,80.0,9606554,PG
2013-10-28,80.11,81.86,79.95,81.3,9792814,PG
2013-10-29,81.46,82.62,81.1,82.46,9486184,PG
2013-10-30,82.53,82.56,81.23,81.52,6490020,PG
2013-10-31,81.2,81.6,80.72,80.75,7786770,PG
2013-11-01,80.68,81.335,80.64,81.15,6802298,PG
2013-11-04,81.46,81.73,80.91,81.33,5460057,PG
2013-11-05,81.13,81.74,80.85,81.43,4955703,PG
2013-11-06,81.64,83.1,81.33,82.81,9518391,PG
2013-11-07,82.91,83.1,82.11,82.32,10087888,PG
2013-11-08,82.28,82.57,81.67,82.51,9768364,PG
2013-11-11,82.35,82.68,82.02,82.26,6173611,PG
2013-11-12,82.23,83.04,82.12,82.8,8201719,PG
2013-11-13,82.57,83.5,82.46,83.5,7582073,PG
2013-11-14,83.43,84.46,83.425,84.32,7580546,PG
2013-11-15,84.17,84.92,84.16,84.84,9671264,PG
2013-11-18,84.79,84.94,84.18,84.57,8507338,PG
2013-11-19,84.31,84.59,84.21,84.34,7924211,PG
2013-11-20,84.31,84.98,84.24,84.69,7680871,PG
2013-11-21,84.84,84.89,84.51,84.67,7289111,PG
2013-11-22,84.53,85.0,84.23,84.95,7436283,PG
2013-11-25,84.96,85.82,84.85,85.41,9670468,PG
2013-11-26,85.2,85.76,84.64,84.64,7111828,PG
2013-11-27,84.88,84.89,84.02,84.28,4905048,PG
2013-11-29,84.77,85.21,84.15,84.22,4954483,PG
2013-12-02,84.04,84.15,83.1,83.34,7497468,PG
2013-12-03,83.3,84.0,83.23,83.83,7533242,PG
2013-12-04,83.38,83.49,82.59,83.35,6807176,PG
2013-12-05,83.39,83.45,82.3,82.69,8186604,PG
2013-12-06,83.23,84.53,83.17,84.52,7195873,PG
2013-12-09,84.48,84.94,84.34,84.78,7395478,PG
2013-12-10,84.41,84.43,83.43,83.65,7377576,PG
2013-12-11,83.74,84.5,83.61,84.02,9787857,PG
2013-12-12,83.82,83.87,81.93,82.3,10176250,PG
2013-12-13,82.32,82.46,81.56,82.37,7441760,PG
2013-12-16,82.72,83.07,81.6,81.69,8849683,PG
2013-12-17,81.79,81.85,80.695,80.91,11416357,PG
2013-12-18,81.21,82.42,80.48,82.38,12037277,PG
2013-12-19,81.98,82.29,81.51,81.9,6442665,PG
2013-12-20,81.98,82.54,81.82,81.84,13209405,PG
2013-12-23,82.14,82.14,81.0099,81.31,8655988,PG
2013-12-24,81.33,81.61,81.25,81.31,2899142,PG
2013-12-26,81.49,81.89,81.29,81.76,5347162,PG
2013-12-27,82.09,82.48,81.86,82.01,4006049,PG
2013-12-30,82.0,82.05,81.57,82.0,4145666,PG
2013-12-31,81.83,82.0,81.09,81.41,5766693,PG
2014-01-02,81.33,81.36,80.32,80.54,6985476,PG
2014-01-03,80.76,80.85,80.185,80.45,6925922,PG
2014-01-06,80.61,80.98,80.3,80.64,7209873,PG
2014-01-07,80.71,81.58,80.62,81.42,7158171,PG
2014-01-08,80.97,81.15,80.05,80.24,13462911,PG
2014-01-09,80.54,80.8,80.03,80.42,10839420,PG
2014-01-10,80.59,80.89,80.2,80.3,8452355,PG
2014-01-13,80.01,80.5,79.69,80.01,9366118,PG
2014-01-14,80.06,80.92,80.02,80.87,8737186,PG
2014-01-15,80.7,81.175,80.25,80.79,8223578,PG
2014-01-16,80.65,80.83,80.26,80.56,11673888,PG
2014-01-17,80.42,80.64,79.8,79.88,13633468,PG
2014-01-21,80.59,80.72,79.54,80.18,13216873,PG
2014-01-22,79.57,79.88,79.05,79.23,8455602,PG
2014-01-23,78.71,78.97,78.12,78.24,12674650,PG
2014-01-24,79.33,81.7,79.05,79.18,20190733,PG
2014-01-27,79.24,79.295,78.42,78.47,10396538,PG
2014-01-28,78.67,79.52,78.43,79.11,10061868,PG
2014-01-29,78.8,78.8,77.38,77.64,13443126,PG
2014-01-30,78.05,78.05,76.77,76.87,9462515,PG
2014-01-31,76.03,77.191,75.26,76.62,12996679,PG
2014-02-03,76.69,76.76,75.6,75.7,14304728,PG
2014-02-04,76.0,76.39,75.4,76.09,15598441,PG
2014-02-05,75.94,76.8,75.67,76.45,9734258,PG
2014-02-06,76.53,76.99,76.48,76.9,7821991,PG
2014-02-07,76.99,77.39,76.75,77.31,7301419,PG
2014-02-10,77.43,78.09,77.19,78.03,8964308,PG
2014-02-11,78.1,79.11,77.644,78.84,10516106,PG
2014-02-12,78.13,78.53,77.06,77.49,11035220,PG
2014-02-13,77.09,77.92,77.0,77.8,7422665,PG
2014-02-14,77.69,79.75,77.25,79.4,10819496,PG
2014-02-18,79.48,79.63,77.56,77.97,15763668,PG
2014-02-19,77.64,78.958,77.55,78.14,8740119,PG
2014-02-20,77.96,78.44,77.5,77.92,8275272,PG
2014-02-21,78.05,78.89,77.91,77.97,8095885,PG
2014-02-24,78.03,78.7699,77.61,77.86,7838896,PG
2014-02-25,77.73,78.31,77.4,78.12,8182444,PG
2014-02-26,78.23,78.77,77.82,77.86,7772528,PG
2014-02-27,77.77,78.23,77.555,78.19,6549833,PG
2014-02-28,78.24,78.91,78.0055,78.66,8489944,PG
2014-03-03,78.26,78.4084,77.35,77.48,8598611,PG
2014-03-04,78.09,78.72,77.895,78.45,8306976,PG
2014-03-05,78.32,78.41,77.55,77.82,8542659,PG
2014-03-06,78.04,78.445,77.84,78.06,6475573,PG
2014-03-07,78.41,78.595,78.11,78.38,5865449,PG
2014-03-10,78.29,78.57,78.2,78.53,5233421,PG
2014-03-11,78.59,79.39,78.57,78.95,6599692,PG
2014-03-12,78.66,79.45,78.62,79.24,7470100,PG
2014-03-13,79.32,79.76,79.19,79.19,9676644,PG
2014-03-14,79.1,79.23,78.67,78.98,14850696,PG
2014-03-17,79.02,79.95,79.02,79.84,8452219,PG
2014-03-18,79.84,80.08,79.5099,79.77,7703150,PG
2014-03-19,79.68,79.91,78.51,78.78,8607176,PG
2014-03-20,78.7,78.93,78.1549,78.32,8659509,PG
2014-03-21,79.04,79.75,77.88,77.88,21250203,PG
2014-03-24,78.495,79.83,78.47,79.3,11221570,PG
2014-03-25,79.52,79.99,79.44,79.81,8892450,PG
2014-03-26,80.03,80.18,79.33,79.5,8270011,PG
2014-03-27,79.55,80.43,79.38,79.65,8134097,PG
2014-03-28,79.94,80.32,79.52,79.76,6413509,PG
2014-03-31,80.0,80.83,79.55,80.6,8493091,PG
2014-04-01,80.6,80.84,80.21,80.34,8222389,PG
2014-04-02,80.19,80.33,79.8,80.13,6741554,PG
2014-04-03,80.28,80.58,79.93,80.1,5647193,PG
2014-04-04,80.47,80.5561,79.75,79.77,8649667,PG
2014-04-07,80.02,81.07,79.93,80.49,13228988,PG
2014-04-08,80.51,81.38,80.02,81.35,11886367,PG
2014-04-09,81.8,82.24,81.32,81.49,11555284,PG
2014-04-10,81.58,82.13,80.89,81.09,12202694,PG
2014-04-11,80.98,81.66,80.5,80.76,11831591,PG
2014-04-14,81.0,81.2,80.51,80.81,7105587,PG
2014-04-15,80.79,81.09,80.52,80.84,9007674,PG
2014-04-16,81.28,81.88,81.03,81.65,8301006,PG
2014-04-17,81.47,81.89,81.34,81.76,8374713,PG
2014-04-21,81.81,81.81,81.29,81.56,6395150,PG
2014-04-22,81.54,81.67,81.15,81.25,9260267,PG
2014-04-23,80.72,80.72,79.38,80.36,9580599,PG
2014-04-24,80.26,81.38,80.01,81.15,9528562,PG
2014-04-25,81.2,81.58,80.97,81.41,7497404,PG
2014-04-28,81.54,82.98,81.51,82.94,11595127,PG
2014-04-29,82.75,82.95,82.36,82.44,7214281,PG
2014-04-30,82.39,82.75,82.2375,82.55,6253243,PG
2014-05-01,82.39,82.47,81.76,82.34,5312492,PG
2014-05-02,82.22,82.6,81.75,81.92,6629371,PG
2014-05-05,81.64,81.884,81.47,81.7,4563610,PG
2014-05-06,81.76,81.76,81.12,81.13,4591267,PG
2014-05-07,81.45,82.14,81.42,82.09,6639614,PG
2014-05-08,82.06,82.32,81.82,82.16,4631207,PG
2014-05-09,82.2,82.8,82.14,82.39,7303502,PG
2014-05-12,82.61,82.71,81.71,81.73,7859053,PG
2014-05-13,81.94,81.98,81.42,81.61,6540218,PG
2014-05-14,81.74,81.91,81.12,81.17,6872657,PG
2014-05-15,81.25,81.37,80.44,80.53,9402103,PG
2014-05-16,80.63,80.76,80.0,80.33,11559255,PG
2014-05-19,80.01,80.05,79.54,79.93,6073538,PG
2014-05-20,80.02,80.58,79.97,80.23,7057232,PG
2014-05-21,80.34,80.67,80.02,80.49,6339794,PG
2014-05-22,80.37,80.67,80.05,80.65,5561257,PG
2014-05-23,80.51,80.85,80.4,80.52,4472635,PG
2014-05-27,80.55,80.58,80.05,80.08,7004714,PG
2014-05-28,80.03,80.28,80.02,80.1,4201377,PG
2014-05-29,80.1,80.4,80.08,80.4,3886779,PG
2014-05-30,80.25,80.85,80.17,80.79,7432199,PG
2014-06-02,80.66,80.67,80.29,80.36,4331701,PG
2014-06-03,80.04,80.3,79.6,79.93,6970914,PG
2014-06-04,80.0,80.22,79.6401,79.86,5427687,PG
2014-06-05,80.11,80.31,79.97,80.11,5788203,PG
2014-06-06,80.09,80.2375,79.82,80.03,5521710,PG
2014-06-09,79.91,80.24,79.85,80.09,6352506,PG
2014-06-10,80.03,80.3,80.0,80.15,5658366,PG
2014-06-11,80.05,80.3,79.88,80.06,7453733,PG
2014-06-12,79.82,80.03,79.69,79.76,6526949,PG
2014-06-13,79.73,79.94,79.5,79.64,5214278,PG
2014-06-16,79.52,79.94,79.11,79.69,5334617,PG
2014-06-17,79.61,79.79,79.35,79.58,5337668,PG
2014-06-18,79.44,79.94,79.13,79.79,9618007,PG
2014-06-19,79.85,80.57,79.8,80.24,12493024,PG
2014-06-20,80.44,80.5,79.825,79.93,11664486,PG
2014-06-23,80.06,80.06,79.36,79.52,6947701,PG
2014-06-24,79.42,79.44,78.915,79.01,8157305,PG
2014-06-25,79.04,79.355,78.65,79.32,12569262,PG
2014-06-26,79.24,79.29,78.59,78.62,7262067,PG
2014-06-27,78.6,79.19,78.52,79.02,8975304,PG
2014-06-30,79.01,79.46,78.43,78.59,10303230,PG
2014-07-01,78.87,79.41,78.505,79.28,8426276,PG
2014-07-02,79.56,79.86,79.44,79.56,6282586,PG
2014-07-03,79.93,80.14,79.635,79.98,5501056,PG
2014-07-07,79.75,80.2,79.66,80.19,6674885,PG
2014-07-08,80.03,80.85,79.91,80.56,9150185,PG
2014-07-09,80.66,81.8,80.5,81.67,12120399,PG
2014-07-10,81.27,81.91,81.19,81.61,8786489,PG
2014-07-11,81.06,81.5698,81.0,81.16,7519293,PG
2014-07-14,81.36,81.735,81.3,81.32,6806097,PG
2014-07-15,81.51,81.515,81.09,81.26,9638650,PG
2014-07-16,80.9,81.2,80.75,80.94,8946279,PG
2014-07-17,80.55,80.75,80.16,80.55,6502396,PG
2014-07-18,80.55,80.75,80.16,80.55,6507017,PG
2014-07-21,80.33,80.3999,79.95,80.28,4439218,PG
2014-07-22,80.29,80.58,79.77,80.1,6073192,PG
2014-07-23,80.33,80.5,79.815,79.99,5891317,PG
2014-07-24,80.12,80.32,79.85,80.26,6273126,PG
2014-07-25,80.02,80.16,79.37,79.56,6293364,PG
2014-07-28,79.41,79.62,78.85,79.26,6757259,PG
2014-07-29,79.09,79.5,78.65,78.65,6425591,PG
2014-07-30,78.7,79.01,78.14,78.16,8296537,PG
2014-07-31,77.76,78.01,77.29,77.32,11239379,PG
2014-08-01,79.25,80.67,78.83,79.65,18110864,PG
2014-08-04,79.46,79.46,78.66,79.22,12075293,PG
2014-08-05,78.99,79.74,78.98,79.41,7995884,PG
2014-08-06,79.4,81.3,79.27,81.09,12839049,PG
2014-08-07,81.02,81.18,80.01,80.14,7912807,PG
2014-08-08,80.05,81.03,80.04,80.95,6215609,PG
2014-08-11,81.23,81.87,81.03,81.48,8188008,PG
2014-08-12,81.5,81.86,81.21,81.42,6591201,PG
2014-08-13,81.64,81.795,81.11,81.48,5472167,PG
2014-08-14,81.59,82.04,81.435,81.95,5930709,PG
2014-08-15,82.23,82.23,81.18,81.78,7422986,PG
2014-08-18,81.99,82.85,81.81,82.44,8450531,PG
2014-08-19,82.35,82.87,82.12,82.69,6873612,PG
2014-08-20,82.46,82.94,82.46,82.81,4581835,PG
2014-08-21,82.8,83.47,82.69,83.28,7106490,PG
2014-08-22,83.16,83.66,83.14,83.39,6978890,PG
2014-08-25,83.74,83.82,83.31,83.54,5586758,PG
2014-08-26,83.61,83.83,83.33,83.38,5188357,PG
2014-08-27,83.43,83.6,83.1601,83.31,4248518,PG
2014-08-28,83.02,83.22,82.76,83.03,4283148,PG
2014-08-29,83.09,83.13,82.6,83.11,4901408,PG
2014-09-02,83.21,83.49,82.71,82.98,5528875,PG
2014-09-03,83.26,83.48,82.77,82.9,5851788,PG
2014-09-04,82.92,83.749,82.78,83.7,7444413,PG
2014-09-05,83.44,83.8,83.065,83.77,5889038,PG
2014-09-08,83.57,83.6,83.13,83.32,4899613,PG
2014-09-09,83.05,83.29,82.83,82.99,5206752,PG
2014-09-10,83.2,83.96,83.15,83.64,6722192,PG
2014-09-11,83.61,83.75,83.37,83.49,6345118,PG
2014-09-12,83.21,83.38,82.86,83.26,6367223,PG
2014-09-15,83.18,84.25,83.14,83.87,7008544,PG
2014-09-16,83.58,84.45,83.56,84.08,7146245,PG
2014-09-17,84.02,84.5,83.93,84.16,8277298,PG
2014-09-18,84.18,84.44,84.073,84.19,5309232,PG
2014-09-19,84.52,84.77,84.18,84.47,11380809,PG
2014-09-22,84.64,84.95,84.49,84.81,8397142,PG
2014-09-23,84.65,84.92,84.44,84.44,7723459,PG
2014-09-24,84.33,85.4,84.33,85.24,11694662,PG
2014-09-25,85.02,85.13,84.33,84.33,8212325,PG
2014-09-26,84.54,84.74,83.86,84.58,5482722,PG
2014-09-29,84.11,84.47,83.66,84.44,6362241,PG
2014-09-30,84.34,84.36,83.68,83.74,8080639,PG
2014-10-01,84.02,84.04,83.03,83.14,9029128,PG
2014-10-02,83.1,83.97,82.95,83.05,8858502,PG
2014-10-03,83.44,83.945,82.88,83.79,6702043,PG
2014-10-06,83.57,83.94,83.19,83.57,5656495,PG
2014-10-07,83.38,83.92,83.12,83.16,7386318,PG
2014-10-08,83.34,84.28,83.21,84.18,8110994,PG
2014-10-09,84.21,84.88,83.53,83.66,7765706,PG
2014-10-10,83.95,85.28,83.91,84.69,13733453,PG
2014-10-13,84.31,84.47,83.31,83.37,10073580,PG
2014-10-14,83.91,83.91,83.03,83.55,8210923,PG
2014-10-15,82.59,83.58,81.76,82.95,13288831,PG
2014-10-16,81.65,82.8,81.57,82.24,11310285,PG
2014-10-17,82.95,83.48,82.03,83.27,11786627,PG
2014-10-20,83.25,84.33,82.83,84.18,8558072,PG
2014-10-21,84.47,84.64,83.66,84.61,12389590,PG
2014-10-22,84.06,84.59,83.92,84.23,9755005,PG
2014-10-23,84.26,84.33,82.3,83.23,14292357,PG
2014-10-24,85.1,85.97,84.91,85.16,13465590,PG
2014-10-27,84.96,86.48,84.83,85.95,10316563,PG
2014-10-28,86.2,86.65,86.17,86.47,9444204,PG
2014-10-29,86.67,86.67,85.91,86.54,6881448,PG
2014-10-30,86.16,87.0,85.67,86.94,5560308,PG
2014-10-31,87.08,87.36,86.71,87.27,9359840,PG
2014-11-03,86.66,87.39,86.2,87.38,7782249,PG
2014-11-04,87.49,88.87,87.44,88.64,10594790,PG
2014-11-05,88.74,89.49,88.36,89.0,8462015,PG
2014-11-06,89.08,89.2,88.57,88.9,6628881,PG
2014-11-07,88.74,89.2,88.25,89.13,5975737,PG
2014-11-10,88.92,89.5,88.26,89.45,5927052,PG
2014-11-11,89.38,89.79,89.17,89.67,6346785,PG
2014-11-12,89.6,89.88,89.42,89.48,6298672,PG
2014-11-13,88.94,89.84,88.46,88.6,10191559,PG
2014-11-14,88.7,88.89,87.93,88.11,7559371,PG
2014-11-17,88.0,88.18,87.37,87.84,9475799,PG
2014-11-18,88.02,88.18,87.49,87.95,6419641,PG
2014-11-19,88.24,88.87,87.93,88.73,6570396,PG
2014-11-20,88.33,88.8,88.33,88.47,5527565,PG
2014-11-21,89.26,89.43,88.46,88.6,8984113,PG
2014-11-24,88.88,88.89,87.86,88.11,5569245,PG
2014-11-25,88.36,88.82,88.08,88.8,6439699,PG
2014-11-26,88.83,88.88,88.45,88.88,4419983,PG
2014-11-28,89.09,90.56,88.97,90.43,7661778,PG
2014-12-01,90.17,90.67,89.52,90.08,6745137,PG
2014-12-02,90.44,91.17,90.12,91.07,7432863,PG
2014-12-03,90.84,90.97,89.64,90.0,6465627,PG
2014-12-04,90.5,90.94,90.1,90.58,6410706,PG
2014-12-05,90.32,90.42,89.21,90.38,6383401,PG
2014-12-08,90.34,91.0,90.32,90.76,4723879,PG
2014-12-09,90.47,90.78,89.87,90.71,5703953,PG
2014-12-10,90.95,91.1,89.96,90.0,6293332,PG
2014-12-11,90.0,91.28,89.98,90.41,6468676,PG
2014-12-12,90.01,90.97,89.53,89.55,6574629,PG
2014-12-15,89.7,90.6,89.03,89.2,6511895,PG
2014-12-16,89.14,90.96,88.38,89.36,8776495,PG
2014-12-17,89.56,91.16,89.4,90.7,7415365,PG
2014-12-18,91.01,92.0,90.55,92.0,8724454,PG
2014-12-19,92.15,92.73,91.76,92.05,14037813,PG
2014-12-22,92.1,92.73,92.0,92.6,7157130,PG
2014-12-23,92.74,93.48,92.7,93.29,5610590,PG
2014-12-24,93.5,93.89,93.14,93.14,2408140,PG
2014-12-26,93.15,93.806,93.06,93.46,3148746,PG
2014-12-29,93.12,93.43,92.5,92.64,4657706,PG
2014-12-30,92.25,92.82,92.1,92.4,4730012,PG
2014-12-31,92.04,92.55,91.03,91.09,5712139,PG
2015-01-02,90.84,91.0,89.92,90.44,7255494,PG
2015-01-05,90.23,91.0,89.85,90.01,8626143,PG
2015-01-06,90.31,90.56,89.26,89.6,7791195,PG
2015-01-07,89.94,90.37,89.5626,90.07,5986899,PG
2015-01-08,90.48,91.225,90.13,91.1,6831617,PG
2015-01-09,91.18,91.18,90.12,90.25,4873097,PG
2015-01-12,90.475,90.62,89.505,89.92,5250893,PG
2015-01-13,90.78,91.5,89.77,90.3,6730752,PG
2015-01-14,89.73,90.16,89.4312,89.99,6418158,PG
2015-01-15,90.49,90.5,89.34,89.86,6768180,PG
2015-01-16,89.95,91.34,89.87,91.25,8815713,PG
2015-01-20,91.25,91.79,90.5,91.19,9874638,PG
2015-01-21,90.4,91.19,89.63,90.73,6974533,PG
2015-01-22,91.04,91.69,89.87,91.62,7211231,PG
2015-01-23,91.17,91.19,89.95,90.08,6745741,PG
2015-01-26,89.95,89.95,88.74,89.58,9371693,PG
2015-01-27,87.1,87.21,86.02,86.49,14417363,PG
2015-01-28,86.63,86.91,85.01,85.15,14033420,PG
2015-01-29,85.78,86.11,85.15,85.67,12054601,PG
2015-01-30,85.09,85.2245,84.25,84.29,14685250,PG
2015-02-02,84.58,85.14,83.68,85.12,10278739,PG
2015-02-03,85.95,86.0,85.12,85.95,10747897,PG
2015-02-04,85.89,86.48,85.55,85.79,9212785,PG
2015-02-05,86.24,86.78,86.1,86.7,6531298,PG
2015-02-06,86.56,86.61,85.15,85.61,8429773,PG
2015-02-09,85.31,85.43,84.59,85.05,8811512,PG
2015-02-10,85.33,85.57,84.82,85.39,7059632,PG
2015-02-11,85.95,86.2,85.1449,85.64,7184577,PG
2015-02-12,86.06,86.146,85.41,86.03,6074566,PG
2015-02-13,86.03,86.15,85.5,85.9,6272049,PG
2015-02-17,86.06,86.06,85.0,85.49,10310422,PG
2015-02-18,85.76,86.39,85.52,86.26,8132286,PG
2015-02-19,86.11,86.3,85.05,85.21,7271618,PG
2015-02-20,84.95,85.05,84.19,84.87,9581338,PG
2015-02-23,84.96,85.5,84.65,85.39,7919155,PG
2015-02-24,85.51,85.74,85.01,85.5,6502170,PG
2015-02-25,85.7,85.795,85.2399,85.46,5975834,PG
2015-02-26,85.42,85.76,84.89,85.17,7964477,PG
2015-02-27,85.02,85.38,84.57,85.13,7685024,PG
2015-03-02,85.02,85.41,84.84,85.41,7235172,PG
2015-03-03,85.35,85.44,84.54,85.16,6095591,PG
2015-03-04,85.04,85.24,84.21,84.35,7369986,PG
2015-03-05,84.62,84.76,84.09,84.63,5914196,PG
2015-03-06,84.34,84.37,82.37,82.66,11338662,PG
2015-03-09,82.79,83.21,82.68,83.09,7326705,PG
2015-03-10,82.47,82.88,81.54,81.54,9681416,PG
2015-03-11,81.53,81.78,80.811,81.39,10066594,PG
2015-03-12,81.59,82.115,81.51,82.09,6951122,PG
2015-03-13,81.98,82.28,81.15,81.83,7492548,PG
2015-03-16,82.08,83.95,81.99,83.56,15618256,PG
2015-03-17,83.36,83.37,82.43,82.85,7509338,PG
2015-03-18,82.86,84.05,82.02,83.75,12607899,PG
2015-03-19,83.46,83.75,83.12,83.38,9257503,PG
2015-03-20,83.99,84.79,83.77,84.74,22580280,PG
2015-03-23,84.37,85.05,84.36,84.86,9891106,PG
2015-03-24,84.89,85.11,83.87,83.92,7478791,PG
2015-03-25,84.37,84.37,82.86,83.01,8482161,PG
2015-03-26,82.58,82.61,81.95,82.15,7311649,PG
2015-03-27,82.08,82.54,81.9901,82.31,6441403,PG
2015-03-30,82.63,82.95,82.15,82.72,6416848,PG
2015-03-31,82.76,82.93,81.94,81.94,8649658,PG
2015-04-01,82.44,82.45,81.4503,82.32,7395287,PG
2015-04-02,82.17,82.59,81.915,82.43,6169838,PG
2015-04-06,81.92,83.225,81.51,83.04,6856344,PG
2015-04-07,82.93,83.29,82.33,82.39,6330163,PG
2015-04-08,82.3,83.18,82.27,82.77,6523404,PG
2015-04-09,82.63,82.95,82.01,82.89,6184986,PG
2015-04-10,82.8,83.63,82.715,83.35,7001674,PG
2015-04-13,83.0,83.95,82.94,83.43,8290458,PG
2015-04-14,83.39,83.88,83.05,83.6,6792597,PG
2015-04-15,83.85,84.2,83.48,83.51,7006392,PG
2015-04-16,83.56,84.07,83.35,83.5,7615906,PG
2015-04-17,83.0,83.22,82.03,82.53,9533805,PG
2015-04-20,83.09,83.98,82.8,82.87,7415988,PG
2015-04-21,83.39,83.8,82.9,83.08,7696424,PG
2015-04-22,83.22,83.34,82.6,83.09,6753101,PG
2015-04-23,81.415,82.1,80.9,80.95,14569488,PG
2015-04-24,81.04,81.53,80.9,81.0,8785471,PG
2015-04-27,80.91,81.2,80.47,80.6,9192250,PG
2015-04-28,80.73,80.82,80.19,80.42,8395450,PG
2015-04-29,80.0,80.31,79.72,79.85,11858459,PG
2015-04-30,79.95,80.15,79.07,79.51,9409334,PG
2015-05-01,79.76,80.32,79.63,80.29,8192966,PG
2015-05-04,80.48,80.9651,80.295,80.35,7203759,PG
2015-05-05,80.5,80.65,79.78,80.07,6589434,PG
2015-05-06,80.34,80.58,79.52,80.4,7335742,PG
2015-05-07,80.37,80.55,80.0,80.2,7224338,PG
2015-05-08,80.89,81.21,80.82,80.96,6929376,PG
2015-05-11,80.95,80.99,80.26,80.27,5237754,PG
2015-05-12,80.03,80.29,79.36,79.95,6305837,PG
2015-05-13,80.16,80.59,79.55,79.7,6459854,PG
2015-05-14,80.11,80.69,80.09,80.57,5634158,PG
2015-05-15,80.83,81.12,80.73,81.05,7454848,PG
2015-05-18,80.97,81.13,80.5,80.74,5590781,PG
2015-05-19,80.75,80.95,80.33,80.83,5729453,PG
2015-05-20,80.93,81.0,80.45,80.48,5486969,PG
2015-05-21,80.17,80.58,79.84,80.41,6055727,PG
2015-05-22,80.24,80.4,79.92,79.95,6003623,PG
2015-05-26,79.97,80.0651,78.94,79.14,6698256,PG
2015-05-27,79.22,79.94,79.09,79.39,8094560,PG
2015-05-28,79.43,79.45,79.02,79.33,5803445,PG
2015-05-29,79.18,79.24,78.19,78.39,12551704,PG
2015-06-01,78.65,79.07,78.27,78.85,7588036,PG
2015-06-02,78.46,78.72,78.17,78.54,7380764,PG
2015-06-03,78.91,78.93,78.27,78.56,5985813,PG
2015-06-04,78.41,78.84,78.06,78.15,7714574,PG
2015-06-05,78.04,78.12,77.37,77.43,9439700,PG
2015-06-08,77.48,77.9834,77.1,77.71,10916201,PG
2015-06-09,77.97,79.33,77.82,78.9,11528875,PG
2015-06-10,79.23,79.79,79.01,79.54,9483534,PG
2015-06-11,79.93,79.93,79.24,79.41,7633332,PG
2015-06-12,79.17,79.32,78.57,78.87,6508632,PG
2015-06-15,78.33,78.455,77.93,78.12,7527947,PG
2015-06-16,79.6,79.6,78.535,79.1,8285671,PG
2015-06-17,79.2,80.19,79.16,80.08,9305776,PG
2015-06-18,80.33,81.22,80.3,80.82,10712462,PG
2015-06-19,80.71,81.2,80.48,80.54,15598811,PG
2015-06-22,80.92,81.18,80.33,80.45,6907940,PG
2015-06-23,80.33,80.45,79.62,79.79,7190628,PG
2015-06-24,79.8,79.85,79.5,79.51,8843732,PG
2015-06-25,79.71,79.9,79.39,79.39,5855728,PG
2015-06-26,79.54,79.74,79.28,79.34,7703191,PG
2015-06-29,78.95,79.37,78.26,78.32,7966240,PG
2015-06-30,78.92,79.01,78.13,78.24,8451427,PG
2015-07-01,78.39,79.765,78.12,79.72,8868020,PG
2015-07-02,80.01,80.35,79.77,79.93,6602521,PG
2015-07-06,79.61,80.22,79.5,80.05,6601218,PG
2015-07-07,80.06,81.83,80.06,81.72,11690399,PG
2015-07-08,81.21,81.69,80.89,80.99,6724685,PG
2015-07-09,81.75,82.0,80.52,80.66,10419811,PG
2015-07-10,81.23,81.3599,80.76,80.95,6892498,PG
2015-07-13,81.52,82.04,81.34,81.91,7332927,PG
2015-07-14,82.04,82.46,81.98,82.04,6119504,PG
2015-07-15,81.91,82.32,81.84,82.15,6673662,PG
2015-07-16,82.45,82.55,82.1,82.3,6623418,PG
2015-07-17,81.89,82.38,81.6,82.24,5827266,PG
2015-07-20,82.09,82.35,82.0,82.19,5012932,PG
2015-07-21,82.01,82.13,81.37,81.63,7512386,PG
2015-07-22,81.03,81.3,80.67,80.83,6106378,PG
2015-07-23,80.83,80.89,80.14,80.7,5380856,PG
2015-07-24,80.51,80.73,80.23,80.29,5660786,PG
2015-07-27,79.83,80.07,79.425,79.97,8613558,PG
2015-07-28,80.14,80.66,79.91,80.23,8649935,PG
2015-07-29,80.26,80.99,80.16,80.62,8921525,PG
2015-07-30,79.4,79.48,77.15,77.39,22067809,PG
2015-07-31,77.63,77.74,76.66,76.7,11877236,PG
2015-08-03,76.51,77.09,76.01,76.4,9511261,PG
2015-08-04,76.03,76.34,75.75,75.91,13369071,PG
2015-08-05,76.05,76.54,75.75,75.77,10895393,PG
2015-08-06,76.01,76.01,75.25,75.74,9353287,PG
2015-08-07,75.59,75.72,75.34,75.48,10045380,PG
2015-08-10,75.95,76.5,75.8,76.38,9165893,PG
2015-08-11,76.04,76.45,75.81,76.22,7491871,PG
2015-08-12,75.89,76.43,75.34,76.39,10484495,PG
2015-08-13,76.49,76.51,75.63,75.78,5948007,PG
2015-08-14,75.74,75.81,75.38,75.62,5586878,PG
2015-08-17,75.81,75.81,74.75,75.53,8683913,PG
2015-08-18,75.58,75.8,75.0,75.13,7445886,PG
2015-08-19,74.93,74.93,74.02,74.12,9864566,PG
2015-08-20,73.75,74.725,73.46,73.91,10696535,PG
2015-08-21,73.55,73.9,71.83,71.84,15763874,PG
2015-08-24,68.57,71.07,65.02,69.14,23696285,PG
2015-08-25,72.18,72.23,68.3,68.42,21476897,PG
2015-08-26,69.9,71.0,68.95,70.9,17464681,PG
2015-08-27,71.4,71.75,70.02,71.48,13433988,PG
2015-08-28,71.17,71.27,70.59,71.21,10019999,PG
2015-08-31,71.0,71.0,70.3,70.67,9520912,PG
2015-09-01,69.37,69.88,68.52,68.9,15437707,PG
2015-09-02,69.49,69.85,69.2238,69.81,8903666,PG
2015-09-03,70.18,70.46,69.7,69.93,8468332,PG
2015-09-04,69.28,69.28,68.5,68.76,11497510,PG
2015-09-08,70.31,70.44,69.56,69.98,9182282,PG
2015-09-09,70.44,70.54,68.37,68.48,11070555,PG
2015-09-10,68.12,68.9465,67.75,68.32,12591110,PG
2015-09-11,68.06,68.51,67.73,68.42,11291401,PG
2015-09-14,68.23,68.3,67.33,68.06,9712806,PG
2015-09-15,68.02,69.74,67.9,69.45,11043655,PG
2015-09-16,70.12,70.36,69.7,70.1,8704237,PG
2015-09-17,70.0,71.27,69.86,70.24,11029573,PG
2015-09-18,69.44,70.78,69.37,69.94,18210249,PG
2015-09-21,70.15,70.88,70.01,70.65,7742846,PG
2015-09-22,70.06,70.6528,69.98,70.19,10207785,PG
2015-09-23,70.18,70.49,69.96,70.26,6294153,PG
2015-09-24,69.82,71.58,69.74,71.36,13423500,PG
2015-09-25,72.39,73.38,71.95,72.67,15080707,PG
2015-09-28,72.31,72.67,71.75,71.77,9207321,PG
2015-09-29,71.77,72.41,71.35,72.28,9033283,PG
2015-09-30,72.86,73.06,71.55,71.94,11041913,PG
2015-10-01,71.76,72.18,71.395,71.95,8547591,PG
2015-10-02,71.36,72.42,71.29,72.42,9085580,PG
2015-10-05,72.97,73.43,72.5,73.22,9187673,PG
2015-10-06,73.34,73.775,72.59,73.4,8851535,PG
2015-10-07,73.72,73.87,73.323,73.72,8073977,PG
2015-10-08,73.68,74.44,73.49,74.4,6856553,PG
2015-10-09,74.59,74.91,74.32,74.48,6880132,PG
2015-10-12,74.69,74.76,73.91,74.33,6255896,PG
2015-10-13,74.24,74.28,73.66,74.11,8390248,PG
2015-10-14,74.21,74.61,73.9,74.21,8479170,PG
2015-10-15,74.64,74.84,74.03,74.27,8607447,PG
2015-10-16,74.72,75.04,74.34,74.9,9578893,PG
2015-10-19,74.65,75.19,74.53,75.16,7292177,PG
2015-10-20,74.87,75.05,74.164,74.43,8531907,PG
2015-10-21,73.75,74.54,73.5,73.59,8320783,PG
2015-10-22,73.86,75.61,73.61,74.85,14080942,PG
2015-10-23,76.76,78.45,76.31,77.03,16451170,PG
2015-10-26,77.0,77.9,77.0,77.49,11464659,PG
2015-10-27,77.12,77.36,76.805,77.29,9423405,PG
2015-10-28,77.39,77.54,75.69,76.51,10178363,PG
2015-10-29,76.75,77.19,76.24,77.02,8230732,PG
2015-10-30,76.98,77.14,76.38,76.38,9547693,PG
2015-11-02,76.57,76.77,76.05,76.6,7152929,PG
2015-11-03,76.3,77.42,75.96,77.05,8013214,PG
2015-11-04,77.03,77.14,76.509,77.06,6376267,PG
2015-11-05,77.09,77.26,75.96,76.39,6860925,PG
2015-11-06,75.88,76.0,74.695,75.57,9483466,PG
2015-11-09,75.19,75.63,74.93,75.4,8607162,PG
2015-11-10,75.38,76.24,75.23,75.77,6551032,PG
2015-11-11,76.02,76.43,75.92,75.96,5295876,PG
2015-11-12,75.67,76.01,74.66,74.66,7678611,PG
2015-11-13,74.64,74.98,73.95,73.96,8468836,PG
2015-11-16,74.25,75.325,74.01,75.3,7410647,PG
2015-11-17,75.33,76.01,74.87,75.07,8761835,PG
2015-11-18,74.98,75.96,74.81,75.9,6447106,PG
2015-11-19,76.14,76.96,76.02,76.22,7899486,PG
2015-11-20,76.55,76.86,75.68,75.82,9533187,PG
2015-11-23,75.82,76.06,75.4,75.97,9421321,PG
2015-11-24,75.62,76.69,75.61,76.45,7086758,PG
2015-11-25,76.53,76.74,75.88,75.9,4266529,PG
2015-11-27,75.89,76.37,75.5,75.7,2390080,PG
2015-11-30,75.58,75.81,74.84,74.84,8935677,PG
2015-12-01,74.87,76.22,74.87,75.94,8391666,PG
2015-12-02,75.73,76.46,75.65,75.79,8104185,PG
2015-12-03,75.83,76.2,75.17,75.74,11178640,PG
2015-12-04,75.98,77.9,75.92,77.83,11960991,PG
2015-12-07,77.54,78.5,77.54,78.37,9459974,PG
2015-12-08,77.68,78.5,77.35,77.75,8312746,PG
2015-12-09,77.6,78.99,77.44,77.7,10081941,PG
2015-12-10,77.91,78.54,77.57,77.79,8984191,PG
2015-12-11,77.51,78.33,77.11,77.78,12280492,PG
2015-12-14,77.63,78.53,77.44,78.29,12178954,PG
2015-12-15,78.71,80.0,78.48,79.68,14113427,PG
2015-12-16,79.98,81.23,79.8,80.99,14102635,PG
2015-12-17,80.98,81.03,80.2,80.29,9864248,PG
2015-12-18,79.95,80.12,78.13,78.13,21342066,PG
2015-12-21,78.63,78.98,78.15,78.95,9105763,PG
2015-12-22,79.16,79.745,78.88,79.6,9872157,PG
2015-12-23,79.95,80.43,79.5,79.92,8254573,PG
2015-12-24,79.66,80.15,79.6,79.79,2498020,PG
2015-12-28,79.74,79.9653,79.47,79.92,4149999,PG
2015-12-29,80.22,80.61,79.85,80.36,4406098,PG
2015-12-30,80.46,80.5,80.0,80.07,3793159,PG
2015-12-31,79.91,80.04,79.31,79.41,5077736,PG
2016-01-04,78.36,78.5,77.54,78.37,11529780,PG
2016-01-05,78.44,78.96,78.21,78.62,8133650,PG
2016-01-06,77.67,78.285,77.12,77.86,9551003,PG
2016-01-07,76.85,77.6,76.07,77.18,11973854,PG
2016-01-08,77.36,77.48,75.671,75.97,9676382,PG
2016-01-11,76.17,77.04,75.6,76.67,10209239,PG
2016-01-12,77.0,77.02,75.75,76.51,8774696,PG
2016-01-13,76.97,76.99,75.79,75.85,9310123,PG
2016-01-14,76.1,76.9495,75.88,76.15,12835116,PG
2016-01-15,74.5,75.68,74.47,74.98,17023856,PG
2016-01-19,75.8,76.91,75.72,76.73,13457281,PG
2016-01-20,75.29,76.09,74.46,75.83,17795006,PG
2016-01-21,76.02,77.18,75.41,76.72,12712854,PG
2016-01-22,77.4,77.97,76.55,77.36,9465794,PG
2016-01-25,77.2,77.36,76.5571,76.85,9870407,PG
2016-01-26,78.0,79.58,77.54,78.81,16374750,PG
2016-01-27,78.53,79.85,78.15,78.8,10816070,PG
2016-01-28,79.4,80.0,78.61,79.82,9895146,PG
2016-01-29,79.98,82.0,79.83,81.69,19894992,PG
2016-02-01,81.21,81.4,80.53,81.12,9657184,PG
2016-02-02,80.09,80.54,79.81,80.22,9116414,PG
2016-02-03,80.48,81.24,80.02,81.1,10149588,PG
2016-02-04,80.85,81.1,80.33,80.7,8295082,PG
2016-02-05,80.58,81.2,80.57,81.2,9957618,PG
2016-02-08,80.29,82.72,80.29,82.62,16530181,PG
2016-02-09,81.83,83.0,81.021,82.64,14308930,PG
2016-02-10,82.91,83.0,81.46,81.62,10585437,PG
2016-02-11,80.39,80.99,79.63,79.9,12343863,PG
2016-02-12,80.36,81.02,79.79,80.99,9306055,PG
2016-02-16,81.99,81.99,80.84,81.47,9352604,PG
2016-02-17,81.65,82.83,81.51,82.45,10892940,PG
2016-02-18,82.23,82.32,81.21,81.98,7702583,PG
2016-02-19,81.96,82.26,81.4,81.79,7709648,PG
2016-02-22,82.07,82.67,81.71,82.13,6916454,PG
2016-02-23,82.0,82.46,81.615,81.81,5840568,PG
2016-02-24,81.26,81.64,80.66,81.56,6759818,PG
2016-02-25,81.7,82.34,81.47,82.34,6789653,PG
2016-02-26,82.52,82.65,80.95,81.1,9281110,PG
2016-02-29,81.1,81.35,80.21,80.29,11065303,PG
2016-03-01,80.54,81.365,80.53,81.23,9483939,PG
2016-03-02,81.58,82.66,80.85,82.55,12096642,PG
2016-03-03,82.54,82.93,82.18,82.84,8747057,PG
2016-03-04,82.62,83.74,82.26,83.49,9406722,PG
2016-03-07,83.18,83.7,83.0,83.1,6792402,PG
2016-03-08,82.97,83.75,82.67,83.06,7788361,PG
2016-03-09,83.3,83.69,82.68,82.96,8954849,PG
2016-03-10,83.13,83.23,81.75,82.28,10385568,PG
2016-03-11,82.75,82.8,81.44,81.75,11109536,PG
2016-03-14,81.57,81.852,80.68,81.17,12389311,PG
2016-03-15,81.0,81.46,80.76,81.31,9297842,PG
2016-03-16,81.31,81.8,80.48,81.34,9490276,PG
2016-03-17,81.29,83.225,81.28,82.75,12061490,PG
2016-03-18,82.86,83.5,82.44,83.15,33635172,PG
2016-03-21,83.12,83.87,82.91,83.32,8625579,PG
2016-03-22,83.28,83.32,82.485,82.74,7205943,PG
2016-03-23,82.72,83.49,82.58,82.82,5594556,PG
2016-03-24,82.46,83.1199,82.43,82.89,6645743,PG
2016-03-28,82.99,83.45,82.52,82.62,4988467,PG
2016-03-29,82.66,83.0901,82.16,82.8,6731392,PG
2016-03-30,83.09,83.36,82.65,82.68,6925360,PG
2016-03-31,82.75,83.0,82.1533,82.31,6819225,PG
2016-04-01,82.0,83.62,81.93,83.53,8028606,PG
2016-04-04,83.65,83.65,83.03,83.21,5593417,PG
2016-04-05,83.16,83.56,82.985,83.16,5259066,PG
2016-04-06,83.14,83.84,83.08,83.81,6292095,PG
2016-04-07,83.24,83.68,82.87,83.24,6655914,PG
2016-04-08,83.44,83.45,82.77,83.2,5452988,PG
2016-04-11,83.03,83.34,82.66,82.73,7081525,PG
2016-04-12,82.71,83.21,82.45,82.83,7081592,PG
2016-04-13,83.05,83.43,81.84,82.46,11738639,PG
2016-04-14,81.95,82.365,81.54,82.01,6904390,PG
2016-04-15,82.05,82.43,81.854,82.3,7299299,PG
2016-04-18,82.29,82.99,82.02,82.83,5628014,PG
2016-04-19,82.91,83.7,82.85,83.28,6606143,PG
2016-04-20,83.29,83.34,81.48,81.55,9124197,PG
2016-04-21,81.04,81.31,80.55,80.8,8802123,PG
2016-04-22,80.4,80.95,79.91,80.95,8027651,PG
2016-04-25,80.92,81.48,80.42,81.41,7672811,PG
2016-04-26,81.5,81.5,79.21,79.55,13742264,PG
2016-04-27,79.47,80.15,79.1,79.89,7689688,PG
2016-04-28,79.48,80.265,79.39,79.76,7615948,PG
2016-04-29,79.67,80.15,79.37,80.12,9390964,PG
2016-05-02,80.02,81.3,80.02,80.97,7862625,PG
2016-05-03,80.8,81.7,80.69,81.1,7617524,PG
2016-05-04,80.87,81.77,80.87,81.6,7365945,PG
2016-05-05,81.6,82.09,80.92,81.3,6399874,PG
2016-05-06,81.42,82.25,81.17,82.13,6297747,PG
2016-05-09,82.21,82.73,81.965,82.12,6718753,PG
2016-05-10,82.15,82.6799,82.12,82.48,6223170,PG
2016-05-11,82.5,82.885,82.13,82.15,5974962,PG
2016-05-12,82.48,82.74,82.11,82.41,4925007,PG
2016-05-13,82.42,82.42,81.0,81.23,6578964,PG
2016-05-16,81.01,81.89,80.75,81.63,6497236,PG
2016-05-17,81.64,82.06,80.325,80.62,10188233,PG
2016-05-18,80.59,80.77,79.413,79.85,8344069,PG
2016-05-19,79.64,80.225,79.45,80.19,6242522,PG
2016-05-20,80.44,80.5,79.7901,80.02,6526805,PG
2016-05-23,80.05,80.33,79.85,80.2,5620561,PG
2016-05-24,80.3,81.38,80.3,80.97,6293252,PG
2016-05-25,81.08,81.7801,81.01,81.48,6050617,PG
2016-05-26,81.48,81.6,81.09,81.22,4622328,PG
2016-05-27,81.27,81.66,81.16,81.43,4322195,PG
2016-05-31,81.58,81.82,80.74,81.04,6705032,PG
2016-06-01,80.95,81.8,80.86,81.79,6184108,PG
2016-06-02,81.53,81.95,81.3299,81.95,5186323,PG
2016-06-03,81.93,82.49,81.78,82.47,6306719,PG
2016-06-06,82.4,82.83,82.2347,82.77,5292348,PG
2016-06-07,82.76,82.89,82.25,82.32,6327475,PG
2016-06-08,82.37,82.75,82.02,82.65,4712567,PG
2016-06-09,82.58,83.26,82.43,83.17,6144895,PG
2016-06-10,82.77,83.34,82.61,83.2,6840768,PG
2016-06-13,82.96,83.4,82.53,82.57,6167444,PG
2016-06-14,82.55,83.37,82.27,83.35,6868619,PG
2016-06-15,83.4,83.5,82.819,82.95,7082203,PG
2016-06-16,82.67,83.609,82.66,83.41,6630088,PG
2016-06-17,83.31,83.44,82.35,83.13,11741742,PG
2016-06-20,83.52,83.7,83.03,83.04,6164326,PG
2016-06-21,83.09,83.78,83.09,83.41,6594737,PG
2016-06-22,83.5,83.76,83.29,83.57,4940053,PG
2016-06-23,83.81,84.21,83.57,84.21,7361265,PG
2016-06-24,82.61,83.82,81.99,82.26,12401053,PG
2016-06-27,81.83,81.89,81.0,81.23,9619036,PG
2016-06-28,81.44,82.49,80.95,82.46,9257100,PG
2016-06-29,82.96,83.91,82.91,83.91,7927516,PG
2016-06-30,83.91,84.8,83.82,84.67,10969296,PG
2016-07-01,84.52,84.99,84.51,84.78,9531106,PG
2016-07-05,84.48,85.95,84.45,85.44,11403103,PG
2016-07-06,85.37,85.5,84.74,85.03,8356546,PG
2016-07-07,85.23,85.24,84.525,84.83,7905843,PG
2016-07-08,84.98,85.9,84.77,85.77,6827349,PG
2016-07-11,85.61,85.95,84.91,85.75,6156824,PG
2016-07-12,85.49,85.94,85.19,85.75,6649847,PG
2016-07-13,85.81,86.15,85.41,85.89,7572148,PG
2016-07-14,86.44,86.89,85.85,85.87,11342573,PG
2016-07-15,86.25,86.48,85.79,86.01,8491347,PG
2016-07-18,86.02,86.05,85.7,85.93,4781778,PG
2016-07-19,85.67,86.18,85.56,86.17,6078231,PG
2016-07-20,85.38,85.73,85.13,85.32,6289008,PG
2016-07-21,85.02,85.37,84.88,85.26,5471194,PG
2016-07-22,85.5,85.98,85.45,85.72,6165618,PG
2016-07-25,85.53,85.8,85.15,85.8,5605314,PG
2016-07-26,85.68,86.08,85.17,85.27,5379332,PG
2016-07-27,85.24,85.3,84.32,84.46,7744663,PG
2016-07-28,84.42,84.9795,84.402,84.81,5911575,PG
2016-07-29,84.89,85.79,84.8,85.59,7520867,PG
2016-08-01,85.44,86.58,85.42,86.41,10420628,PG
2016-08-02,87.02,87.15,86.24,86.76,13083211,PG
2016-08-03,86.51,86.72,85.46,85.97,8192124,PG
2016-08-04,86.12,86.53,85.8,86.05,5564060,PG
2016-08-05,86.08,86.44,85.53,85.78,6729690,PG
2016-08-08,85.61,85.9,85.13,85.76,5388194,PG
2016-08-09,85.86,86.341,85.68,85.99,4158784,PG
2016-08-10,86.26,86.82,86.0,86.31,5981436,PG
2016-08-11,86.7,87.0,86.4,86.73,7387106,PG
2016-08-12,86.92,87.45,86.775,87.04,8063375,PG
2016-08-15,87.52,87.57,86.99,87.02,6871164,PG
2016-08-16,86.98,87.4,86.47,86.58,8071056,PG
2016-08-17,86.45,87.11,85.97,86.96,6762059,PG
2016-08-18,86.94,87.46,86.94,87.44,7082804,PG
2016-08-19,87.2,87.41,87.05,87.31,6199917,PG
2016-08-22,87.14,87.21,86.5801,86.85,5921119,PG
2016-08-23,87.13,87.5,87.035,87.4,5420109,PG
2016-08-24,87.32,87.45,86.56,87.31,5713285,PG
2016-08-25,87.3,87.94,87.04,87.9,10595473,PG
2016-08-26,87.87,88.5,87.166,87.58,16408187,PG
2016-08-29,87.39,88.4,87.32,88.3,8934474,PG
2016-08-30,87.72,88.3,87.46,87.54,11619392,PG
2016-08-31,87.75,87.85,87.025,87.31,11407806,PG
2016-09-01,87.36,88.31,86.98,88.31,29793308,PG
2016-09-02,88.48,88.87,88.04,88.2,17470433,PG
2016-09-06,88.25,88.64,87.88,88.64,14472067,PG
2016-09-07,88.31,88.41,87.71,87.95,17556418,PG
2016-09-08,87.95,88.18,87.63,87.78,23465734,PG
2016-09-09,87.1,87.17,86.24,86.24,21954951,PG
2016-09-12,86.04,88.38,85.96,88.25,16105710,PG
2016-09-13,87.55,87.91,87.01,87.05,19682706,PG
2016-09-14,87.12,87.6,86.87,87.01,25397922,PG
2016-09-15,86.75,88.27,86.75,88.06,13891454,PG
2016-09-16,87.619,88.11,87.3,88.05,23518263,PG
2016-09-19,87.92,88.95,87.25,88.37,19173907,PG
2016-09-20,88.5,88.9488,88.18,88.58,33986484,PG
2016-09-21,88.54,88.79,86.44,87.8,55409813,PG
2016-09-22,87.77,89.3,87.77,88.99,52692665,PG
2016-09-23,88.63,88.935,87.49,87.76,48281375,PG
2016-09-26,87.42,88.43,86.61,87.85,60276563,PG
2016-09-27,88.06,88.81,87.66,88.36,65150794,PG
2016-09-28,88.98,89.725,88.47,89.46,89805967,PG
2016-09-29,89.16,89.27,87.54,88.23,74587460,PG
2016-09-30,88.3,90.22,88.29,89.75,123735748,PG
2016-10-03,89.35,89.45,88.41,88.66,26789542,PG
2016-10-04,88.29,88.68,87.95,88.35,23317644,PG
2016-10-05,88.48,89.0,88.21,88.85,64580261,PG
2016-10-06,88.83,89.73,88.47,89.22,61462771,PG
2016-10-07,89.01,90.05,88.3,90.0,20518765,PG
2016-10-10,90.19,90.33,88.78,89.06,15492383,PG
2016-10-11,88.83,89.12,88.2,88.54,11723100,PG
2016-10-12,88.74,89.01,88.33,88.57,17118011,PG
2016-10-13,88.05,88.57,87.6,88.24,11158075,PG
2016-10-14,88.5,88.96,88.22,88.43,7368968,PG
2016-10-17,88.43,88.65,87.71,87.83,7610568,PG
2016-10-18,88.21,88.27,87.435,87.45,10749527,PG
2016-10-19,86.65,86.82,85.44,85.54,12788794,PG
2016-10-20,85.38,85.52,84.7875,84.93,10175116,PG
2016-10-21,84.41,84.86,84.24,84.33,13974139,PG
2016-10-24,84.39,84.7,84.06,84.1,10573198,PG
2016-10-25,87.49,88.08,86.97,86.97,20761155,PG
2016-10-26,86.91,87.74,86.78,87.4,8464058,PG
2016-10-27,87.51,87.6,86.45,86.58,6598279,PG
2016-10-28,86.87,87.23,86.45,86.84,7021059,PG
2016-10-31,87.01,87.47,86.69,86.8,8207137,PG
2016-11-01,86.58,86.99,86.48,86.85,8564471,PG
2016-11-02,86.77,87.41,86.56,86.74,7773237,PG
2016-11-03,86.8,86.98,86.47,86.6,6899931,PG
2016-11-04,86.69,86.73,85.07,85.08,9378118,PG
2016-11-07,86.02,86.57,85.6,86.56,8878455,PG
2016-11-08,86.77,87.69,86.59,87.46,7674604,PG
2016-11-09,85.26,86.5422,84.31,85.93,11972512,PG
2016-11-10,85.51,85.7,82.18,82.96,22095710,PG
2016-11-11,82.67,84.055,82.65,83.58,8905669,PG
2016-11-14,83.56,83.78,82.76,83.0,12862496,PG
2016-11-15,84.58,84.58,82.88,83.62,9464037,PG
2016-11-16,83.98,84.2,83.17,83.19,8542909,PG
2016-11-17,83.27,83.5,82.93,83.07,9083724,PG
2016-11-18,82.92,83.1,81.99,82.0,14565456,PG
2016-11-21,82.1,82.75,81.71,82.64,11482061,PG
2016-11-22,83.01,83.1817,82.66,82.76,7426508,PG
2016-11-23,82.59,82.93,82.52,82.68,10763830,PG
2016-11-25,82.99,83.46,82.95,83.46,3883098,PG
2016-11-28,83.13,83.36,82.755,83.07,6990064,PG
2016-11-29,83.42,83.48,82.69,82.89,6183113,PG
2016-11-30,82.52,82.83,82.26,82.46,12115474,PG
2016-12-01,82.21,82.32,81.18,81.86,12516920,PG
2016-12-02,82.35,82.68,82.07,82.4,9079412,PG
2016-12-05,82.559,83.08,82.48,82.99,8597543,PG
2016-12-06,83.24,83.25,82.61,82.91,7327194,PG
2016-12-07,82.74,84.28,82.711,84.18,8567706,PG
2016-12-08,83.79,84.18,83.5,83.5,7522799,PG
2016-12-09,83.519,84.4,83.47,84.37,8004453,PG
2016-12-12,84.21,85.1844,84.21,85.13,7493615,PG
2016-12-13,84.67,85.36,84.53,85.18,11795940,PG
2016-12-14,85.29,85.74,84.17,84.37,12292170,PG
2016-12-15,84.15,84.8,83.61,84.68,8768128,PG
2016-12-16,84.9,85.12,84.15,84.68,21172420,PG
2016-12-19,84.75,84.975,84.32,84.71,6431223,PG
2016-12-20,84.57,84.71,84.19,84.57,7485433,PG
2016-12-21,84.19,84.725,84.12,84.28,6099334,PG
2016-12-22,84.0,84.61,83.87,84.47,7864796,PG
2016-12-23,84.68,85.18,84.55,84.96,5284195,PG
2016-12-27,84.8984,84.94,84.42,84.6,3782582,PG
2016-12-28,84.4,84.63,83.945,84.07,4298812,PG
2016-12-29,84.24,84.49,84.1,84.35,3718306,PG
2016-12-30,84.17,84.45,83.92,84.08,6209848,PG
2017-01-03,83.88,84.39,83.5,84.2,8792706,PG
2017-01-04,84.45,84.6016,84.2354,84.5,8096650,PG
2017-01-05,84.41,85.4274,84.38,85.06,6852435,PG
2017-01-06,84.941,85.25,84.62,85.03,4799945,PG
2017-01-09,84.06,84.66,83.75,84.4,11000579,PG
2017-01-10,84.34,84.43,83.24,83.49,10918153,PG
2017-01-11,83.39,83.75,83.275,83.75,9572286,PG
2017-01-12,83.71,83.88,83.3701,83.84,6545444,PG
2017-01-13,83.85,84.02,83.44,84.01,6762797,PG
2017-01-17,83.9,85.58,83.88,85.21,13145073,PG
2017-01-18,84.8,85.3,84.59,84.93,10521181,PG
2017-01-19,84.63,85.0,84.28,84.7,14074464,PG
2017-01-20,86.89,87.975,86.42,87.45,22944405,PG
2017-01-23,87.09,87.35,86.85,86.96,9408904,PG
2017-01-24,87.22,87.95,87.22,87.86,8704722,PG
2017-01-25,87.84,87.9,87.06,87.16,8082874,PG
2017-01-26,87.12,87.23,86.59,86.6,6542285,PG
2017-01-27,86.45,86.85,86.02,86.72,9332303,PG
2017-01-30,86.78,86.86,86.5,86.75,7350036,PG
2017-01-31,86.63,87.66,86.53,87.6,9712432,PG
2017-02-01,87.03,87.59,86.75,87.33,8291514,PG
2017-02-02,87.61,88.35,87.25,87.76,8997158,PG
2017-02-03,88.12,88.17,87.39,87.41,7161948,PG
2017-02-06,87.5,87.785,87.13,87.4,7482993,PG
2017-02-07,87.64,88.28,87.475,88.01,6646055,PG
2017-02-08,88.07,88.34,87.81,88.33,6815753,PG
2017-02-09,88.25,88.78,88.03,88.67,9914070,PG
2017-02-10,88.56,88.73,87.965,87.97,11057552,PG
2017-02-13,88.04,88.355,87.64,88.31,6905130,PG
2017-02-14,88.0,88.22,87.23,87.86,20123406,PG
2017-02-15,89.81,91.15,89.81,91.12,25847697,PG
2017-02-16,90.92,91.12,90.54,90.79,12408473,PG
2017-02-17,90.61,91.36,90.45,91.09,12152428,PG
2017-02-21,90.58,91.8,90.58,91.67,9018703,PG
2017-02-22,91.45,91.8,91.25,91.44,6749919,PG
2017-02-23,91.61,91.8,90.91,91.13,7611638,PG
2017-02-24,90.97,91.34,90.67,91.05,6643365,PG
2017-02-27,90.53,90.91,90.06,90.89,11840268,PG
2017-02-28,90.9,91.79,90.65,91.07,10535619,PG
2017-03-01,91.05,91.89,90.71,91.66,8792150,PG
2017-03-02,91.4,91.585,90.88,90.91,7031221,PG
2017-03-03,90.8,90.82,89.8948,90.5,8341071,PG
2017-03-06,89.89,90.51,89.59,90.37,9533795,PG
2017-03-07,90.14,90.49,90.06,90.29,5362951,PG
2017-03-08,90.02,90.35,89.76,90.14,5513405,PG
2017-03-09,90.14,90.49,90.095,90.34,5587379,PG
2017-03-10,90.8,91.16,90.65,91.07,6797792,PG
2017-03-13,91.06,91.49,90.85,91.31,7397472,PG
2017-03-14,91.26,91.59,90.82,91.0,6686388,PG
2017-03-15,91.0,91.78,90.73,91.4,7855256,PG
2017-03-16,91.44,91.7199,91.1,91.44,6601208,PG
2017-03-17,91.45,92.0,90.92,91.0,37010081,PG
2017-03-20,90.96,91.41,90.94,91.22,7772903,PG
2017-03-21,91.3,91.75,91.03,91.19,8210951,PG
2017-03-22,91.31,91.8,90.75,90.99,7798024,PG
2017-03-23,90.91,91.46,90.6,90.77,6831401,PG
2017-03-24,90.77,90.915,90.21,90.57,9251999,PG
2017-03-27,90.45,90.715,90.18,90.49,10071996,PG
2017-03-28,90.17,91.0599,90.13,90.76,11855807,PG
2017-03-29,90.56,90.87,90.39,90.6,4252782,PG
2017-03-30,90.5,90.568,90.1,90.2,3691926,PG
2017-03-31,90.03,90.34,89.84,89.85,6942356,PG
2017-04-03,89.86,90.06,89.45,89.68,6967439,PG
2017-04-04,89.75,89.96,89.42,89.91,5680764,PG
2017-04-05,90.0,90.5,89.76,89.97,6320139,PG
2017-04-06,89.77,89.81,89.31,89.4,7231506,PG
2017-04-07,89.46,89.61,89.18,89.23,4739040,PG
2017-04-10,89.13,89.679,88.75,89.49,5955986,PG
2017-04-11,89.66,89.82,89.29,89.8,5185977,PG
2017-04-12,89.7,90.421,89.56,90.31,6286312,PG
2017-04-13,90.05,90.54,89.79,90.03,5040104,PG
2017-04-17,90.23,90.59,90.13,90.39,6931678,PG
2017-04-18,90.4,91.13,90.34,90.8,7087796,PG
2017-04-19,90.1,90.45,89.5,89.6,6918993,PG
2017-04-20,89.7,89.7,89.31,89.33,6983536,PG
2017-04-21,89.17,89.28,88.61,88.62,9061218,PG
2017-04-24,89.12,89.655,89.01,89.55,8338467,PG
2017-04-25,89.58,90.25,89.47,90.0,9088390,PG
2017-04-26,89.85,90.0,87.61,87.74,11951322,PG
2017-04-27,87.58,88.24,87.23,87.69,8517522,PG
2017-04-28,87.52,87.59,87.15,87.33,8295445,PG
2017-05-01,87.38,87.5967,87.08,87.09,4546624,PG
2017-05-02,87.29,87.29,86.02,86.22,13197492,PG
2017-05-03,86.3,86.63,85.9,86.43,6121974,PG
2017-05-04,86.85,87.24,86.3,86.45,5986188,PG
2017-05-05,86.54,86.61,86.1335,86.5,4506197,PG
2017-05-08,86.33,86.62,86.24,86.55,4634623,PG
2017-05-09,86.8,86.82,86.22,86.4,9577623,PG
2017-05-10,86.48,86.79,86.385,86.49,6178549,PG
2017-05-11,86.61,86.63,85.88,86.17,6064727,PG
2017-05-12,86.24,86.32,85.915,86.19,5892430,PG
2017-05-15,86.65,86.71,86.245,86.33,5820742,PG
2017-05-16,86.88,87.0,86.19,86.24,6554454,PG
2017-05-17,86.22,86.63,85.93,86.26,7805770,PG
2017-05-18,86.18,86.22,85.52,85.87,6985567,PG
2017-05-19,86.0,86.38,85.67,86.24,7320725,PG
2017-05-22,86.25,86.4,86.03,86.21,4259955,PG
2017-05-23,86.28,86.54,85.98,86.08,4394225,PG
2017-05-24,86.45,86.65,86.21,86.5,4902470,PG
2017-05-25,86.58,86.98,86.55,86.86,4367960,PG
2017-05-26,86.93,87.38,86.816,87.25,4337023,PG
2017-05-30,87.25,87.61,87.095,87.4,4594514,PG
2017-05-31,87.67,88.35,87.45,88.09,10146610,PG
2017-06-01,88.02,88.14,87.37,88.13,6251292,PG
2017-06-02,88.4,88.675,88.005,88.59,6136425,PG
2017-06-05,88.3,88.76,88.0,88.74,4115288,PG
2017-06-06,88.76,88.97,88.45,88.8,6503039,PG
2017-06-07,88.68,88.8931,88.4,88.77,4781587,PG
2017-06-08,88.58,88.8,87.36,87.85,7712062,PG
2017-06-09,87.85,88.21,87.55,88.16,9696915,PG
2017-06-12,88.28,88.66,88.09,88.24,7867734,PG
2017-06-13,88.36,88.4,87.77,88.06,6419319,PG
2017-06-14,88.49,88.75,88.06,88.44,6183875,PG
2017-06-15,88.231,89.62,88.23,89.38,7047471,PG
2017-06-16,89.72,89.77,88.81,89.66,13855018,PG
2017-06-19,89.6,89.86,89.2046,89.86,5246246,PG
2017-06-20,89.77,90.21,89.61,89.63,5674212,PG
2017-06-21,89.62,89.9499,89.29,89.4,4164473,PG
2017-06-22,89.271,89.41,88.9,89.03,4536714,PG
2017-06-23,89.03,89.8,88.9,89.42,8782097,PG
2017-06-26,89.63,89.68,89.27,89.36,4373314,PG
2017-06-27,89.18,89.3,88.61,88.61,5180391,PG
2017-06-28,89.08,89.21,88.26,88.37,4874990,PG
2017-06-29,88.02,88.22,86.93,86.99,8123516,PG
2017-06-30,87.05,87.47,87.0,87.15,6070254,PG
2017-07-03,87.4,88.0,87.18,87.74,3607447,PG
2017-07-05,87.86,88.0,87.49,87.67,4974329,PG
2017-07-06,87.65,87.95,87.36,87.37,6038851,PG
2017-07-07,87.69,87.82,87.28,87.65,5142197,PG
2017-07-10,87.63,87.87,86.89,87.09,5356392,PG
2017-07-11,87.23,87.45,86.305,86.77,5838563,PG
2017-07-12,87.24,87.465,86.83,86.96,4374171,PG
2017-07-13,86.77,87.05,86.5,86.7,5448911,PG
2017-07-14,86.96,87.285,86.73,87.1,4577701,PG
2017-07-17,87.07,87.905,86.74,87.55,5227821,PG
2017-07-18,87.61,88.76,87.46,88.64,7492306,PG
2017-07-19,87.87,88.41,87.595,88.35,6008454,PG
2017-07-20,88.32,89.31,88.31,88.6,7285004,PG
2017-07-21,88.16,88.68,87.81,88.61,5714842,PG
2017-07-24,88.55,88.6,87.97,88.18,6202019,PG
2017-07-25,88.67,89.2,88.54,89.14,6766682,PG
2017-07-26,89.0,89.42,88.87,89.3,6986999,PG
2017-07-27,90.29,90.75,89.0,90.68,11089181,PG
2017-07-28,90.56,91.0,89.96,90.21,6137534,PG
2017-07-31,90.21,91.07,90.21,90.82,7835661,PG
2017-08-01,91.03,91.73,90.72,91.1,8662108,PG
2017-08-02,90.97,91.295,90.53,91.04,7167732,PG
2017-08-03,90.86,91.75,90.82,90.86,6413176,PG
2017-08-04,90.69,91.08,90.53,90.67,5824439,PG
2017-08-07,90.67,91.56,90.52,91.44,5011336,PG
2017-08-08,91.4,91.94,91.23,91.58,5623352,PG
2017-08-09,91.52,91.94,91.52,91.92,5572843,PG
2017-08-10,91.86,92.0,91.69,91.74,6338248,PG
2017-08-11,91.94,92.08,91.29,91.34,7094246,PG
2017-08-14,91.54,91.95,91.25,91.65,5398412,PG
2017-08-15,91.91,92.36,91.88,92.2,5293433,PG
2017-08-16,92.29,92.95,92.19,92.44,7965478,PG
2017-08-17,92.4,92.67,92.07,92.07,5711411,PG
2017-08-18,91.98,92.78,91.85,92.47,6815008,PG
2017-08-21,92.38,92.96,92.36,92.86,4334337,PG
2017-08-22,92.91,92.96,92.59,92.79,4731497,PG
2017-08-23,92.5,92.6644,92.28,92.44,3631851,PG
2017-08-24,92.44,92.57,92.04,92.27,5173720,PG
2017-08-25,92.65,92.86,92.41,92.51,4932978,PG
2017-08-28,92.52,92.7056,91.975,92.47,5386538,PG
2017-08-29,92.48,92.69,92.24,92.32,3676277,PG
2017-08-30,92.08,92.08,91.66,91.87,4709627,PG
2017-08-31,91.89,92.39,91.84,92.27,5864440,PG
2017-09-01,92.42,92.66,92.26,92.53,4960653,PG
2017-09-05,92.18,92.74,92.04,92.72,6532090,PG
2017-09-06,92.79,92.91,92.36,92.72,6747154,PG
2017-09-07,92.74,93.36,92.33,92.97,7735387,PG
2017-09-08,92.76,93.15,92.51,92.84,6070073,PG
2017-09-11,93.09,94.19,92.9,93.99,10177267,PG
2017-09-12,93.72,93.98,93.21,93.51,5804047,PG
2017-09-13,93.5,93.77,93.45,93.55,5369293,PG
2017-09-14,93.23,93.65,93.18,93.55,5492335,PG
2017-09-15,93.82,93.82,92.82,93.27,12428828,PG
2017-09-18,93.17,93.5,92.86,93.15,6177688,PG
2017-09-19,93.34,94.45,93.34,94.17,6587152,PG
2017-09-20,94.17,94.67,93.83,94.4,5941516,PG
2017-09-21,94.15,94.5,92.445,92.64,9376655,PG
2017-09-22,92.55,93.0,92.08,92.24,6837699,PG
2017-09-25,92.43,93.09,92.33,92.72,6436162,PG
2017-09-26,92.82,92.845,92.2,92.65,4885203,PG
2017-09-27,92.52,92.52,90.34,90.87,9631240,PG
2017-09-28,90.86,91.118,90.63,90.89,4999771,PG
2017-09-29,90.97,91.43,90.7,90.98,6634464,PG
2017-10-02,91.26,92.4,91.24,91.77,7302440,PG
2017-10-03,91.96,92.34,91.56,92.12,5909908,PG
2017-10-04,92.12,92.795,92.02,92.42,6140711,PG
2017-10-05,92.49,92.65,91.94,92.03,6912759,PG
2017-10-06,92.0,92.35,91.88,92.33,5241920,PG
2017-10-09,92.4,92.62,91.93,92.12,5148962,PG
2017-10-10,92.37,93.04,89.86,91.62,17125589,PG
2017-10-11,91.09,91.73,91.07,91.46,7115398,PG
2017-10-12,91.41,92.305,91.39,92.15,5984905,PG
2017-10-13,92.7,93.51,92.59,93.04,6956656,PG
2017-10-16,92.97,93.37,92.71,93.14,4159101,PG
2017-10-17,93.04,93.09,92.4,92.8,5316062,PG
2017-10-18,92.78,92.95,92.01,92.77,7399662,PG
2017-10-19,91.7,91.99,91.14,91.59,8584972,PG
2017-10-20,89.72,89.96,87.59,88.25,19997800,PG
2017-10-23,88.63,88.86,86.87,87.3,13358194,PG
2017-10-24,87.37,87.42,86.78,86.98,11519038,PG
2017-10-25,86.9,87.11,86.28,86.84,7183452,PG
2017-10-26,87.19,87.77,87.1,87.5,6233848,PG
2017-10-27,87.53,87.53,86.45,87.04,7433806,PG
2017-10-30,86.91,87.08,86.16,86.27,5387086,PG
2017-10-31,86.49,86.5,85.72,86.34,7118956,PG
2017-11-01,86.33,87.14,86.11,86.89,4884052,PG
2017-11-02,86.78,87.04,86.23,86.51,5021175,PG
2017-11-03,86.78,87.16,86.46,86.58,5106470,PG
2017-11-06,86.55,86.64,86.03,86.05,5186719,PG
2017-11-07,86.04,87.0,85.42,86.98,6875128,PG
2017-11-08,86.99,87.6,86.8,87.58,6909955,PG
2017-11-09,87.35,88.1698,87.3,87.78,5266358,PG
2017-11-10,87.99,88.39,87.78,88.16,7227298,PG
2017-11-13,88.67,89.41,88.63,89.0,6873475,PG
2017-11-14,88.74,89.045,88.47,88.87,5035525,PG
2017-11-15,88.73,88.94,88.0,88.23,6688123,PG
2017-11-16,89.84,89.9,88.771,89.25,7205106,PG
2017-11-17,88.95,89.09,88.08,88.43,5941753,PG
2017-11-20,88.43,88.555,87.71,88.27,4926181,PG
2017-11-21,88.18,89.21,88.02,88.72,6196431,PG
2017-11-22,88.5,88.91,88.06,88.33,6006917,PG
2017-11-24,88.59,88.96,88.42,88.45,2196665,PG
2017-11-27,88.33,89.095,88.15,88.96,6199673,PG
2017-11-28,89.48,89.52,88.91,89.4,4841259,PG
2017-11-29,89.4,89.81,89.03,89.38,5158905,PG
2017-11-30,89.35,90.37,89.21,89.99,9789941,PG
2017-12-01,90.18,90.53,89.12,90.36,7953239,PG
2017-12-04,90.17,91.91,89.83,91.41,9003702,PG
2017-12-05,91.52,91.84,91.07,91.4,8683018,PG
2017-12-06,91.5,91.78,91.07,91.25,6737358,PG
2017-12-07,91.05,91.065,89.89,90.1,7274135,PG
2017-12-08,90.02,90.37,89.58,90.37,5883357,PG
2017-12-11,90.23,90.33,89.7499,90.23,4855962,PG
2017-12-12,90.45,90.51,89.82,89.85,6558871,PG
2017-12-13,90.02,91.41,89.965,90.88,7141017,PG
2017-12-14,90.97,91.43,90.9,91.0,5853524,PG
2017-12-15,91.6,92.27,91.48,91.89,15924045,PG
2017-12-18,91.89,93.14,91.81,91.88,7405735,PG
2017-12-19,91.96,92.1306,91.58,91.68,5644362,PG
2017-12-20,91.87,91.97,91.35,91.53,6938546,PG
2017-12-21,91.86,92.08,91.53,91.67,4860406,PG
2017-12-22,91.77,92.4318,91.72,92.13,4919406,PG
2017-12-26,92.35,92.77,92.15,92.48,3431941,PG
2017-12-27,92.49,92.75,91.93,92.1,4276664,PG
2017-12-28,92.3,92.54,91.91,92.07,3005356,PG
2017-12-29,92.24,92.46,91.88,91.88,4346675,PG
2018-01-02,91.92,91.93,90.55,90.65,7558858,PG
2018-01-03,90.73,91.09,90.515,90.54,5863605,PG
2018-01-04,90.83,91.77,90.61,91.18,6322500,PG
2018-01-05,91.27,91.3,90.57,91.24,5949697,PG
2018-01-08,90.93,91.77,90.93,91.72,4860680,PG
2018-01-09,91.47,91.65,91.01,91.05,6630066,PG
2018-01-10,90.91,90.91,90.0112,90.47,6564736,PG
2018-01-11,90.4,90.52,89.92,90.15,5469665,PG
2018-01-12,90.05,90.34,89.35,89.61,8111047,PG
2018-01-16,90.14,90.77,89.6399,90.22,9465330,PG
2018-01-17,90.56,91.73,90.43,91.2,8345528,PG
2018-01-18,90.24,90.65,89.67,90.18,7699760,PG
2018-01-19,90.28,91.26,90.24,91.07,9364027,PG
2018-01-22,90.88,91.92,90.77,91.89,8657987,PG
2018-01-23,89.82,90.21,88.6,89.05,18756274,PG
2018-01-24,89.06,89.16,87.7,88.31,15141949,PG
2018-01-25,88.68,89.05,88.0114,88.34,11264371,PG
2018-01-26,88.17,88.17,87.23,87.73,11503083,PG
2018-01-29,87.69,87.74,86.69,86.86,11685762,PG
2018-01-30,86.82,87.44,86.63,86.95,9662856,PG
2018-01-31,86.81,87.41,86.075,86.34,11798093,PG
2018-02-01,86.15,86.5,85.56,85.85,8606301,PG
2018-02-02,85.56,85.61,84.21,84.25,12846332,PG
2018-02-05,83.99,84.37,80.1,81.06,17462165,PG
2018-02-06,80.53,82.45,80.12,82.38,19955546,PG
2018-02-07,82.3,83.39,81.82,81.84,11851841,PG
